ISO-10303-21;
HEADER;
/* Generated by software containing ST-Developer
 * from STEP Tools, Inc. (www.steptools.com) 
 */

FILE_DESCRIPTION(
/* description */ ('KiCad electronic assembly'),
/* implementation_level */ '2;1');

FILE_NAME(
/* name */ 'Water Alarm CAD.step',
/* time_stamp */ '2026-09-12T11:21:42-05:00',
/* author */ (''),
/* organization */ (''),
/* preprocessor_version */ 'ST-DEVELOPER v20.2',
/* originating_system */ 'Autodesk Translation Framework v15.15.0.0',
/* authorisation */ '');

FILE_SCHEMA (('AUTOMOTIVE_DESIGN { 1 0 10303 214 3 1 1 }'));
ENDSEC;

DATA;
#10=MECHANICAL_DESIGN_GEOMETRIC_PRESENTATION_REPRESENTATION('',(#6386,#6387,
#6388,#6389,#6390,#6391,#6392,#6393,#6394,#6395,#6396,#6397,#6398,#6399,
#6400,#6401,#6402,#6403,#6404,#6405,#6406,#6407,#6408,#6409,#6410,#6411,
#6412,#6413,#6414,#6415,#6416,#6417,#6418,#6419,#6420,#6421,#6422,#6423,
#6424,#6425,#6426,#6427,#6428,#6429,#6430,#6431,#6432,#6433,#6434,#6435,
#6436,#6437,#6438,#6439,#6440,#6441,#6442,#6443,#6444,#6445,#6446,#6447,
#6448,#6449,#6450,#6451,#6452,#6453,#6454,#6455,#6456,#6457,#6458,#6459,
#6460,#6461,#6462,#6463,#6464,#6465,#6466,#6467,#6468,#6469,#6470,#6471,
#6472,#6473,#6474,#6475,#6476,#6477,#6478,#6479,#6480,#6481,#6482,#6483,
#6484,#6485,#6486,#6487,#6488,#6489,#6490,#6491,#6492,#6493,#6494,#6495,
#6496,#6497,#6498,#6499,#6500,#6501,#6502,#6503,#6504,#6505,#6506,#6507,
#6508,#6509,#6510,#6511,#6512,#6513,#6514,#6515,#6516,#6517,#6518,#6519,
#6520,#6521,#6522,#6523,#6524,#6525,#6526,#6527,#6528,#6529,#6530,#6531,
#6532,#6533,#6534,#6535,#6536,#6537,#6538,#6539,#6540,#6541,#6542,#6543,
#6544,#6545,#6546,#6547,#6548,#6549,#6550,#6551,#6552,#6553,#6554,#6555,
#6556,#6557,#6558,#6559,#6560,#6561,#6562,#6563,#6564,#6565,#6566,#6567,
#6568,#6569,#6570,#6571,#6572,#6573,#6574,#6575,#6576,#6577,#6578,#6579,
#6580,#6581,#6582,#6583,#6584,#6585,#6586,#6587,#6588,#6589,#6590,#6591,
#6592,#6593,#6594,#6595,#6596,#6597,#6598,#6599,#6600,#6601,#6602,#6603,
#6604,#6605,#6606,#6607,#6608,#6609,#6610,#6611,#6612,#6613,#6614,#6615,
#6616,#6617,#6618,#6619,#6620,#6621,#6622,#6623,#6624,#6625,#6626,#6627,
#6628,#6629,#6630,#6631,#6632,#6633,#6634,#6635,#6636,#6637,#6638,#6639,
#6640,#6641,#6642,#6643,#6644,#6645,#6646,#6647,#6648,#6649,#6650,#6651,
#6652,#6653,#6654,#6655,#6656,#6657,#6658,#6659,#6660,#6661,#6662,#6663,
#6664,#6665,#6666,#6667,#6668,#6669,#6670,#6671,#6672,#6673,#6674,#6675,
#6676,#6677,#6678,#6679,#6680,#6681,#6682,#6683,#6684,#6685,#6686,#6687,
#6688,#6689,#6690,#6691),#12031);
#11=(
BOUNDED_SURFACE()
B_SPLINE_SURFACE(2,2,((#10755,#10756,#10757,#10758,#10759,#10760,#10761,
#10762,#10763),(#10764,#10765,#10766,#10767,#10768,#10769,#10770,#10771,
#10772),(#10773,#10774,#10775,#10776,#10777,#10778,#10779,#10780,#10781)),
 .UNSPECIFIED.,.F.,.T.,.F.)
B_SPLINE_SURFACE_WITH_KNOTS((3,3),(3,2,2,2,3),(0.,1.5707963267949),(-3.14159265358979,
-1.5707963267949,0.,1.5707963267949,3.14159265358979),.UNSPECIFIED.)
GEOMETRIC_REPRESENTATION_ITEM()
RATIONAL_B_SPLINE_SURFACE(((1.,0.707106781186548,1.,0.707106781186548,1.,
0.707106781186548,1.,0.707106781186548,1.),(0.707106781186548,0.500000000000001,
0.707106781186548,0.500000000000001,0.707106781186548,0.500000000000001,
0.707106781186548,0.500000000000001,0.707106781186548),(1.,0.707106781186548,
1.,0.707106781186548,1.,0.707106781186548,1.,0.707106781186548,1.)))
REPRESENTATION_ITEM('')
SURFACE()
);
#12=(
BOUNDED_SURFACE()
B_SPLINE_SURFACE(2,2,((#10846,#10847,#10848,#10849,#10850,#10851,#10852,
#10853,#10854),(#10855,#10856,#10857,#10858,#10859,#10860,#10861,#10862,
#10863),(#10864,#10865,#10866,#10867,#10868,#10869,#10870,#10871,#10872)),
 .UNSPECIFIED.,.F.,.T.,.F.)
B_SPLINE_SURFACE_WITH_KNOTS((3,3),(3,2,2,2,3),(0.,1.5707963267949),(-3.14159265358979,
-1.5707963267949,0.,1.5707963267949,3.14159265358979),.UNSPECIFIED.)
GEOMETRIC_REPRESENTATION_ITEM()
RATIONAL_B_SPLINE_SURFACE(((1.,0.707106781186548,1.,0.707106781186548,1.,
0.707106781186548,1.,0.707106781186548,1.),(0.707106781186547,0.5,0.707106781186547,
0.5,0.707106781186547,0.5,0.707106781186547,0.5,0.707106781186547),(1.,
0.707106781186548,1.,0.707106781186548,1.,0.707106781186548,1.,0.707106781186548,
1.)))
REPRESENTATION_ITEM('')
SURFACE()
);
#13=FACE_BOUND('',#2071,.T.);
#14=FACE_BOUND('',#2072,.T.);
#15=FACE_BOUND('',#2080,.T.);
#16=FACE_BOUND('',#2081,.T.);
#17=FACE_BOUND('',#2086,.T.);
#18=FACE_BOUND('',#2093,.T.);
#19=FACE_BOUND('',#2121,.T.);
#20=FACE_BOUND('',#2125,.T.);
#21=FACE_BOUND('',#2131,.T.);
#22=FACE_BOUND('',#2133,.T.);
#23=FACE_BOUND('',#2190,.T.);
#24=FACE_BOUND('',#2191,.T.);
#25=FACE_BOUND('',#2205,.T.);
#26=FACE_BOUND('',#2207,.T.);
#27=FACE_BOUND('',#2211,.T.);
#28=FACE_BOUND('',#2217,.T.);
#29=FACE_BOUND('',#2222,.T.);
#30=FACE_BOUND('',#2227,.T.);
#31=FACE_BOUND('',#2264,.T.);
#32=FACE_BOUND('',#2273,.T.);
#33=FACE_BOUND('',#2276,.T.);
#34=FACE_BOUND('',#2335,.T.);
#35=FACE_BOUND('',#2336,.T.);
#36=FACE_BOUND('',#2337,.T.);
#37=FACE_BOUND('',#2364,.T.);
#38=FACE_BOUND('',#2382,.T.);
#39=FACE_BOUND('',#2383,.T.);
#40=FACE_BOUND('',#2405,.T.);
#41=FACE_BOUND('',#2406,.T.);
#42=FACE_BOUND('',#2408,.T.);
#43=FACE_BOUND('',#2409,.T.);
#44=FACE_BOUND('',#2410,.T.);
#45=FACE_BOUND('',#2411,.T.);
#46=FACE_BOUND('',#2416,.T.);
#47=FACE_BOUND('',#2417,.T.);
#48=FACE_BOUND('',#2418,.T.);
#49=FACE_BOUND('',#2419,.T.);
#50=FACE_BOUND('',#2420,.T.);
#51=FACE_BOUND('',#2421,.T.);
#52=FACE_BOUND('',#2422,.T.);
#53=FACE_BOUND('',#2423,.T.);
#54=FACE_BOUND('',#2424,.T.);
#55=FACE_BOUND('',#2425,.T.);
#56=FACE_BOUND('',#2426,.T.);
#57=FACE_BOUND('',#2427,.T.);
#58=FACE_BOUND('',#2428,.T.);
#59=FACE_BOUND('',#2429,.T.);
#60=FACE_BOUND('',#2430,.T.);
#61=FACE_BOUND('',#2431,.T.);
#62=FACE_BOUND('',#2432,.T.);
#63=FACE_BOUND('',#2433,.T.);
#64=FACE_BOUND('',#2434,.T.);
#65=FACE_BOUND('',#2436,.T.);
#66=FACE_BOUND('',#2437,.T.);
#67=FACE_BOUND('',#2438,.T.);
#68=FACE_BOUND('',#2439,.T.);
#69=FACE_BOUND('',#2440,.T.);
#70=FACE_BOUND('',#2441,.T.);
#71=FACE_BOUND('',#2442,.T.);
#72=FACE_BOUND('',#2443,.T.);
#73=FACE_BOUND('',#2444,.T.);
#74=FACE_BOUND('',#2445,.T.);
#75=FACE_BOUND('',#2446,.T.);
#76=FACE_BOUND('',#2447,.T.);
#77=FACE_BOUND('',#2448,.T.);
#78=FACE_BOUND('',#2449,.T.);
#79=FACE_BOUND('',#2450,.T.);
#80=FACE_BOUND('',#2451,.T.);
#81=FACE_BOUND('',#2452,.T.);
#82=FACE_BOUND('',#2453,.T.);
#83=FACE_BOUND('',#2454,.T.);
#84=ITEM_DEFINED_TRANSFORMATION($,$,#7167,#7197);
#85=ITEM_DEFINED_TRANSFORMATION($,$,#7199,#7388);
#86=ITEM_DEFINED_TRANSFORMATION($,$,#7390,#7412);
#87=ITEM_DEFINED_TRANSFORMATION($,$,#7414,#7446);
#88=ITEM_DEFINED_TRANSFORMATION($,$,#7448,#7606);
#89=ITEM_DEFINED_TRANSFORMATION($,$,#7608,#7630);
#90=ITEM_DEFINED_TRANSFORMATION($,$,#7632,#7717);
#91=ITEM_DEFINED_TRANSFORMATION($,$,#7413,#7804);
#92=ITEM_DEFINED_TRANSFORMATION($,$,#7166,#7805);
#93=ITEM_DEFINED_TRANSFORMATION($,$,#7198,#7806);
#94=ITEM_DEFINED_TRANSFORMATION($,$,#7389,#7807);
#95=ITEM_DEFINED_TRANSFORMATION($,$,#7413,#7808);
#96=ITEM_DEFINED_TRANSFORMATION($,$,#7447,#7809);
#97=ITEM_DEFINED_TRANSFORMATION($,$,#7607,#7810);
#98=ITEM_DEFINED_TRANSFORMATION($,$,#7631,#7811);
#99=ITEM_DEFINED_TRANSFORMATION($,$,#7718,#7812);
#100=(
REPRESENTATION_RELATIONSHIP($,$,#12086,#12085)
REPRESENTATION_RELATIONSHIP_WITH_TRANSFORMATION(#84)
SHAPE_REPRESENTATION_RELATIONSHIP()
);
#101=(
REPRESENTATION_RELATIONSHIP($,$,#12088,#12087)
REPRESENTATION_RELATIONSHIP_WITH_TRANSFORMATION(#85)
SHAPE_REPRESENTATION_RELATIONSHIP()
);
#102=(
REPRESENTATION_RELATIONSHIP($,$,#12090,#12089)
REPRESENTATION_RELATIONSHIP_WITH_TRANSFORMATION(#86)
SHAPE_REPRESENTATION_RELATIONSHIP()
);
#103=(
REPRESENTATION_RELATIONSHIP($,$,#12092,#12091)
REPRESENTATION_RELATIONSHIP_WITH_TRANSFORMATION(#87)
SHAPE_REPRESENTATION_RELATIONSHIP()
);
#104=(
REPRESENTATION_RELATIONSHIP($,$,#12094,#12093)
REPRESENTATION_RELATIONSHIP_WITH_TRANSFORMATION(#88)
SHAPE_REPRESENTATION_RELATIONSHIP()
);
#105=(
REPRESENTATION_RELATIONSHIP($,$,#12096,#12095)
REPRESENTATION_RELATIONSHIP_WITH_TRANSFORMATION(#89)
SHAPE_REPRESENTATION_RELATIONSHIP()
);
#106=(
REPRESENTATION_RELATIONSHIP($,$,#12098,#12097)
REPRESENTATION_RELATIONSHIP_WITH_TRANSFORMATION(#90)
SHAPE_REPRESENTATION_RELATIONSHIP()
);
#107=(
REPRESENTATION_RELATIONSHIP($,$,#12091,#12084)
REPRESENTATION_RELATIONSHIP_WITH_TRANSFORMATION(#91)
SHAPE_REPRESENTATION_RELATIONSHIP()
);
#108=(
REPRESENTATION_RELATIONSHIP($,$,#12085,#12084)
REPRESENTATION_RELATIONSHIP_WITH_TRANSFORMATION(#92)
SHAPE_REPRESENTATION_RELATIONSHIP()
);
#109=(
REPRESENTATION_RELATIONSHIP($,$,#12087,#12084)
REPRESENTATION_RELATIONSHIP_WITH_TRANSFORMATION(#93)
SHAPE_REPRESENTATION_RELATIONSHIP()
);
#110=(
REPRESENTATION_RELATIONSHIP($,$,#12089,#12084)
REPRESENTATION_RELATIONSHIP_WITH_TRANSFORMATION(#94)
SHAPE_REPRESENTATION_RELATIONSHIP()
);
#111=(
REPRESENTATION_RELATIONSHIP($,$,#12091,#12084)
REPRESENTATION_RELATIONSHIP_WITH_TRANSFORMATION(#95)
SHAPE_REPRESENTATION_RELATIONSHIP()
);
#112=(
REPRESENTATION_RELATIONSHIP($,$,#12093,#12084)
REPRESENTATION_RELATIONSHIP_WITH_TRANSFORMATION(#96)
SHAPE_REPRESENTATION_RELATIONSHIP()
);
#113=(
REPRESENTATION_RELATIONSHIP($,$,#12095,#12084)
REPRESENTATION_RELATIONSHIP_WITH_TRANSFORMATION(#97)
SHAPE_REPRESENTATION_RELATIONSHIP()
);
#114=(
REPRESENTATION_RELATIONSHIP($,$,#12097,#12084)
REPRESENTATION_RELATIONSHIP_WITH_TRANSFORMATION(#98)
SHAPE_REPRESENTATION_RELATIONSHIP()
);
#115=(
REPRESENTATION_RELATIONSHIP($,$,#12099,#12084)
REPRESENTATION_RELATIONSHIP_WITH_TRANSFORMATION(#99)
SHAPE_REPRESENTATION_RELATIONSHIP()
);
#116=CONTEXT_DEPENDENT_SHAPE_REPRESENTATION(#100,#12055);
#117=CONTEXT_DEPENDENT_SHAPE_REPRESENTATION(#101,#12058);
#118=CONTEXT_DEPENDENT_SHAPE_REPRESENTATION(#102,#12061);
#119=CONTEXT_DEPENDENT_SHAPE_REPRESENTATION(#103,#12064);
#120=CONTEXT_DEPENDENT_SHAPE_REPRESENTATION(#104,#12067);
#121=CONTEXT_DEPENDENT_SHAPE_REPRESENTATION(#105,#12070);
#122=CONTEXT_DEPENDENT_SHAPE_REPRESENTATION(#106,#12073);
#123=CONTEXT_DEPENDENT_SHAPE_REPRESENTATION(#107,#12075);
#124=CONTEXT_DEPENDENT_SHAPE_REPRESENTATION(#108,#12076);
#125=CONTEXT_DEPENDENT_SHAPE_REPRESENTATION(#109,#12077);
#126=CONTEXT_DEPENDENT_SHAPE_REPRESENTATION(#110,#12078);
#127=CONTEXT_DEPENDENT_SHAPE_REPRESENTATION(#111,#12079);
#128=CONTEXT_DEPENDENT_SHAPE_REPRESENTATION(#112,#12080);
#129=CONTEXT_DEPENDENT_SHAPE_REPRESENTATION(#113,#12081);
#130=CONTEXT_DEPENDENT_SHAPE_REPRESENTATION(#114,#12082);
#131=CONTEXT_DEPENDENT_SHAPE_REPRESENTATION(#115,#12083);
#132=NEXT_ASSEMBLY_USAGE_OCCURRENCE('C_Disc_D30mm_W16mm_P250mm:1',
'C_Disc_D30mm_W16mm_P250mm:1','C_Disc_D30mm_W16mm_P250mm:1',#12102,#12103,
'C_Disc_D30mm_W16mm_P250mm:1');
#133=NEXT_ASSEMBLY_USAGE_OCCURRENCE(
'TerminalBlock_Phoenix_PT-1,5-2-5.0-H_1x02_P5.00mm_Horizontal:1',
'TerminalBlock_Phoenix_PT-1,5-2-5.0-H_1x02_P5.00mm_Horizontal:1',
'TerminalBlock_Phoenix_PT-1,5-2-5.0-H_1x02_P5.00mm_Horizontal:1',#12104,
#12105,'TerminalBlock_Phoenix_PT-1,5-2-5.0-H_1x02_P5.00mm_Horizontal:1');
#134=NEXT_ASSEMBLY_USAGE_OCCURRENCE('LED_D3.0mm:1','LED_D3.0mm:1',
'LED_D3.0mm:1',#12106,#12107,'LED_D3.0mm:1');
#135=NEXT_ASSEMBLY_USAGE_OCCURRENCE(
'R_Axial_DIN0204_L36mm_D16mm_P508mm_Horizontal:1',
'R_Axial_DIN0204_L36mm_D16mm_P508mm_Horizontal:1',
'R_Axial_DIN0204_L36mm_D16mm_P508mm_Horizontal:1',#12108,#12109,
'R_Axial_DIN0204_L36mm_D16mm_P508mm_Horizontal:1');
#136=NEXT_ASSEMBLY_USAGE_OCCURRENCE(
'BarrelJack_GCT_DCJ200-10-A_Horizontal:1',
'BarrelJack_GCT_DCJ200-10-A_Horizontal:1',
'BarrelJack_GCT_DCJ200-10-A_Horizontal:1',#12110,#12111,
'BarrelJack_GCT_DCJ200-10-A_Horizontal:1');
#137=NEXT_ASSEMBLY_USAGE_OCCURRENCE('TO-92_Inline_Narrow:1',
'TO-92_Inline_Narrow:1','TO-92_Inline_Narrow:1',#12112,#12113,
'TO-92_Inline_Narrow:1');
#138=NEXT_ASSEMBLY_USAGE_OCCURRENCE('ai-3035-tt-12v-r:1',
'ai-3035-tt-12v-r:1','ai-3035-tt-12v-r:1',#12114,#12115,
'ai-3035-tt-12v-r:1');
#139=NEXT_ASSEMBLY_USAGE_OCCURRENCE(
'R_Axial_DIN0204_L3.6mm_D1.6mm_P5.08mm_Horizontal:1',
'R_Axial_DIN0204_L3.6mm_D1.6mm_P5.08mm_Horizontal:1',
'R_Axial_DIN0204_L3.6mm_D1.6mm_P5.08mm_Horizontal:1',#12101,#12108,
'R_Axial_DIN0204_L3.6mm_D1.6mm_P5.08mm_Horizontal:1');
#140=NEXT_ASSEMBLY_USAGE_OCCURRENCE('C_Disc_D3.0mm_W1.6mm_P2.50mm:1',
'C_Disc_D3.0mm_W1.6mm_P2.50mm:1','C_Disc_D3.0mm_W1.6mm_P2.50mm:1',#12101,
#12102,'C_Disc_D3.0mm_W1.6mm_P2.50mm:1');
#141=NEXT_ASSEMBLY_USAGE_OCCURRENCE(
'TerminalBlock_Phoenix_PT-1,5-2-5.0-H_1x02_P5.00mm_Horizontal (1):1',
'TerminalBlock_Phoenix_PT-1,5-2-5.0-H_1x02_P5.00mm_Horizontal (1):1',
'TerminalBlock_Phoenix_PT-1,5-2-5.0-H_1x02_P5.00mm_Horizontal (1):1',#12101,
#12104,
'TerminalBlock_Phoenix_PT-1,5-2-5.0-H_1x02_P5.00mm_Horizontal (1):1');
#142=NEXT_ASSEMBLY_USAGE_OCCURRENCE('LED_D3.0mm (1):1',
'LED_D3.0mm (1):1','LED_D3.0mm (1):1',#12101,#12106,'LED_D3.0mm (1):1');
#143=NEXT_ASSEMBLY_USAGE_OCCURRENCE(
'R_Axial_DIN0204_L3.6mm_D1.6mm_P5.08mm_Horizontal:2',
'R_Axial_DIN0204_L3.6mm_D1.6mm_P5.08mm_Horizontal:2',
'R_Axial_DIN0204_L3.6mm_D1.6mm_P5.08mm_Horizontal:2',#12101,#12108,
'R_Axial_DIN0204_L3.6mm_D1.6mm_P5.08mm_Horizontal:2');
#144=NEXT_ASSEMBLY_USAGE_OCCURRENCE(
'BarrelJack_GCT_DCJ200-10-A_Horizontal (1):1',
'BarrelJack_GCT_DCJ200-10-A_Horizontal (1):1',
'BarrelJack_GCT_DCJ200-10-A_Horizontal (1):1',#12101,#12110,
'BarrelJack_GCT_DCJ200-10-A_Horizontal (1):1');
#145=NEXT_ASSEMBLY_USAGE_OCCURRENCE('TO-92_Inline:1','TO-92_Inline:1',
'TO-92_Inline:1',#12101,#12112,'TO-92_Inline:1');
#146=NEXT_ASSEMBLY_USAGE_OCCURRENCE('ai-3035-tt-12v-r (1):1',
'ai-3035-tt-12v-r (1):1','ai-3035-tt-12v-r (1):1',#12101,#12114,
'ai-3035-tt-12v-r (1):1');
#147=NEXT_ASSEMBLY_USAGE_OCCURRENCE('water alarm_PCB:1',
'water alarm_PCB:1','water alarm_PCB:1',#12101,#12116,
'water alarm_PCB:1');
#148=SHAPE_REPRESENTATION_RELATIONSHIP('SRR','None',#12086,#156);
#149=SHAPE_REPRESENTATION_RELATIONSHIP('SRR','None',#12088,#157);
#150=SHAPE_REPRESENTATION_RELATIONSHIP('SRR','None',#12090,#158);
#151=SHAPE_REPRESENTATION_RELATIONSHIP('SRR','None',#12092,#159);
#152=SHAPE_REPRESENTATION_RELATIONSHIP('SRR','None',#12094,#160);
#153=SHAPE_REPRESENTATION_RELATIONSHIP('SRR','None',#12096,#161);
#154=SHAPE_REPRESENTATION_RELATIONSHIP('SRR','None',#12098,#162);
#155=SHAPE_REPRESENTATION_RELATIONSHIP('SRR','None',#12099,#163);
#156=ADVANCED_BREP_SHAPE_REPRESENTATION('',(#164),#12017);
#157=ADVANCED_BREP_SHAPE_REPRESENTATION('',(#165),#12019);
#158=ADVANCED_BREP_SHAPE_REPRESENTATION('',(#166),#12021);
#159=ADVANCED_BREP_SHAPE_REPRESENTATION('',(#167),#12023);
#160=ADVANCED_BREP_SHAPE_REPRESENTATION('',(#168),#12025);
#161=ADVANCED_BREP_SHAPE_REPRESENTATION('',(#169),#12027);
#162=ADVANCED_BREP_SHAPE_REPRESENTATION('',(#170),#12029);
#163=ADVANCED_BREP_SHAPE_REPRESENTATION('',(#171),#12030);
#164=MANIFOLD_SOLID_BREP('Body1',#7068);
#165=MANIFOLD_SOLID_BREP('Body1',#7069);
#166=MANIFOLD_SOLID_BREP('Body1',#7070);
#167=MANIFOLD_SOLID_BREP('Body1',#7071);
#168=MANIFOLD_SOLID_BREP('Body1',#7072);
#169=MANIFOLD_SOLID_BREP('Body1',#7073);
#170=MANIFOLD_SOLID_BREP('Body1',#7074);
#171=MANIFOLD_SOLID_BREP('Body1',#7075);
#172=SPHERICAL_SURFACE('',#7179,1.80625);
#173=SPHERICAL_SURFACE('',#7185,1.80625);
#174=SPHERICAL_SURFACE('',#7391,1.5);
#175=SPHERICAL_SURFACE('',#7566,1.);
#176=B_SPLINE_CURVE_WITH_KNOTS('',3,(#9815,#9816,#9817,#9818,#9819,#9820,
#9821,#9822,#9823,#9824,#9825,#9826,#9827,#9828,#9829,#9830,#9831,#9832,
#9833,#9834,#9835),.UNSPECIFIED.,.F.,.F.,(4,2,2,2,2,3,2,2,2,4),(0.132526468180024,
0.143496985854573,0.154467503529123,0.159372333911128,0.164277164293133,
0.174086825057144,0.185129196818668,0.196171568580193,0.208401903503641,
0.217698382693984),.UNSPECIFIED.);
#177=B_SPLINE_CURVE_WITH_KNOTS('',7,(#9836,#9837,#9838,#9839,#9840,#9841,
#9842,#9843,#9844,#9845,#9846,#9847,#9848,#9849,#9850,#9851,#9852,#9853,
#9854,#9855,#9856,#9857,#9858,#9859,#9860,#9861,#9862,#9863,#9864,#9865,
#9866,#9867,#9868,#9869,#9870,#9871,#9872,#9873,#9874,#9875,#9876,#9877,
#9878,#9879),.UNSPECIFIED.,.F.,.F.,(8,6,6,6,6,6,6,8),(9.33431065405573E-7,
0.185228125002,0.374060575895,0.526130420227,0.665822947329,0.741834763413,
0.868290409988,1.),.UNSPECIFIED.);
#178=B_SPLINE_CURVE_WITH_KNOTS('',3,(#9888,#9889,#9890,#9891,#9892,#9893,
#9894,#9895,#9896,#9897,#9898,#9899,#9900,#9901,#9902,#9903,#9904,#9905,
#9906),.UNSPECIFIED.,.F.,.F.,(4,2,2,2,3,2,2,2,4),(-0.0415654864257371,-0.0301118730309454,
-0.0186582596361537,-0.00932912981807687,0.,0.0113736249117988,0.0227472498235976,
0.034648952077547,0.0436188794309093),.UNSPECIFIED.);
#179=B_SPLINE_CURVE_WITH_KNOTS('',7,(#9913,#9914,#9915,#9916,#9917,#9918,
#9919,#9920,#9921,#9922,#9923,#9924,#9925,#9926,#9927,#9928,#9929,#9930,
#9931,#9932,#9933,#9934,#9935,#9936,#9937,#9938,#9939,#9940,#9941,#9942,
#9943,#9944,#9945,#9946,#9947,#9948,#9949,#9950,#9951,#9952,#9953,#9954,
#9955,#9956),.UNSPECIFIED.,.F.,.F.,(8,6,6,6,6,6,6,8),(9.33431065375573E-7,
0.185228125005,0.374060575894,0.526130420229,0.665822947334,0.741834763422,
0.868290409997,1.),.UNSPECIFIED.);
#180=B_SPLINE_CURVE_WITH_KNOTS('',3,(#10790,#10791,#10792,#10793,#10794,
#10795,#10796,#10797,#10798,#10799,#10800,#10801,#10802,#10803,#10804,#10805,
#10806,#10807,#10808,#10809,#10810,#10811,#10812,#10813,#10814,#10815,#10816,
#10817,#10818,#10819,#10820,#10821,#10822,#10823),.UNSPECIFIED.,.T.,.F.,
(4,2,2,2,2,2,2,2,2,2,2,2,2,2,2,2,4),(0.,0.00925583752348897,0.0185119120408603,
0.0277683670794963,0.0370253501337783,0.0462825969082474,0.0555397237862035,
0.0647961812546208,0.0740517236038488,0.0833072659530768,0.0925637234214941,
0.10182085029945,0.111078097073919,0.120335080128201,0.129591535166837,
0.138847609684209,0.148103447207698),.UNSPECIFIED.);
#181=B_SPLINE_CURVE_WITH_KNOTS('',3,(#10878,#10879,#10880,#10881,#10882,
#10883,#10884,#10885,#10886,#10887,#10888,#10889,#10890,#10891,#10892,#10893,
#10894,#10895,#10896,#10897,#10898,#10899,#10900,#10901,#10902,#10903,#10904,
#10905,#10906,#10907,#10908,#10909,#10910,#10911),.UNSPECIFIED.,.T.,.F.,
(4,2,2,2,2,2,2,2,2,2,2,2,2,2,2,2,4),(0.,0.00925583752348897,0.0185119120408603,
0.0277683670794963,0.0370253501337783,0.0462825969082474,0.0555397237862035,
0.0647961812546208,0.0740517236038488,0.0833072659530768,0.0925637234214941,
0.10182085029945,0.111078097073919,0.120335080128201,0.129591535166837,
0.138847609684209,0.148103447207698),.UNSPECIFIED.);
#182=B_SPLINE_CURVE_WITH_KNOTS('',7,(#11066,#11067,#11068,#11069,#11070,
#11071,#11072,#11073,#11074,#11075,#11076,#11077,#11078,#11079),
 .UNSPECIFIED.,.F.,.F.,(8,6,8),(0.,0.359625160233,1.),.UNSPECIFIED.);
#183=B_SPLINE_CURVE_WITH_KNOTS('',6,(#11083,#11084,#11085,#11086,#11087,
#11088,#11089,#11090,#11091,#11092,#11093,#11094),.UNSPECIFIED.,.F.,.F.,
(7,5,7),(0.,0.642113510274,1.),.UNSPECIFIED.);
#184=ELLIPSE('',#7175,0.218315358839714,0.0624698445905969);
#185=ELLIPSE('',#7177,0.218423014845434,0.0625222897864036);
#186=ELLIPSE('',#7183,0.218423015046987,0.0625222898865189);
#187=ELLIPSE('',#7186,0.218315339931258,0.062469835364827);
#188=ELLIPSE('',#7246,1.108238634643,1.1);
#189=ELLIPSE('',#7247,1.108238634643,1.1);
#190=ELLIPSE('',#7475,31.657108206033,3.15);
#191=ELLIPSE('',#7476,3.251711800366,3.15);
#192=ELLIPSE('',#7477,31.657108206033,3.15);
#193=TOROIDAL_SURFACE('',#7173,0.5,0.25);
#194=TOROIDAL_SURFACE('',#7188,0.5,0.25);
#195=TOROIDAL_SURFACE('',#7425,0.75,0.25);
#196=TOROIDAL_SURFACE('',#7439,0.75,0.25);
#197=TOROIDAL_SURFACE('',#7645,12.1,2.);
#198=TOROIDAL_SURFACE('',#7671,14.6,0.5);
#199=LINE('',#9801,#883);
#200=LINE('',#9970,#884);
#201=LINE('',#9978,#885);
#202=LINE('',#9980,#886);
#203=LINE('',#9982,#887);
#204=LINE('',#9984,#888);
#205=LINE('',#9986,#889);
#206=LINE('',#9990,#890);
#207=LINE('',#9994,#891);
#208=LINE('',#9996,#892);
#209=LINE('',#9998,#893);
#210=LINE('',#10002,#894);
#211=LINE('',#10006,#895);
#212=LINE('',#10007,#896);
#213=LINE('',#10013,#897);
#214=LINE('',#10017,#898);
#215=LINE('',#10019,#899);
#216=LINE('',#10021,#900);
#217=LINE('',#10023,#901);
#218=LINE('',#10025,#902);
#219=LINE('',#10027,#903);
#220=LINE('',#10029,#904);
#221=LINE('',#10031,#905);
#222=LINE('',#10033,#906);
#223=LINE('',#10035,#907);
#224=LINE('',#10037,#908);
#225=LINE('',#10039,#909);
#226=LINE('',#10040,#910);
#227=LINE('',#10042,#911);
#228=LINE('',#10043,#912);
#229=LINE('',#10046,#913);
#230=LINE('',#10048,#914);
#231=LINE('',#10050,#915);
#232=LINE('',#10051,#916);
#233=LINE('',#10054,#917);
#234=LINE('',#10056,#918);
#235=LINE('',#10057,#919);
#236=LINE('',#10061,#920);
#237=LINE('',#10064,#921);
#238=LINE('',#10065,#922);
#239=LINE('',#10068,#923);
#240=LINE('',#10072,#924);
#241=LINE('',#10074,#925);
#242=LINE('',#10075,#926);
#243=LINE('',#10079,#927);
#244=LINE('',#10081,#928);
#245=LINE('',#10083,#929);
#246=LINE('',#10085,#930);
#247=LINE('',#10086,#931);
#248=LINE('',#10087,#932);
#249=LINE('',#10090,#933);
#250=LINE('',#10092,#934);
#251=LINE('',#10093,#935);
#252=LINE('',#10097,#936);
#253=LINE('',#10100,#937);
#254=LINE('',#10101,#938);
#255=LINE('',#10104,#939);
#256=LINE('',#10108,#940);
#257=LINE('',#10110,#941);
#258=LINE('',#10111,#942);
#259=LINE('',#10115,#943);
#260=LINE('',#10117,#944);
#261=LINE('',#10118,#945);
#262=LINE('',#10119,#946);
#263=LINE('',#10124,#947);
#264=LINE('',#10126,#948);
#265=LINE('',#10128,#949);
#266=LINE('',#10130,#950);
#267=LINE('',#10132,#951);
#268=LINE('',#10134,#952);
#269=LINE('',#10136,#953);
#270=LINE('',#10138,#954);
#271=LINE('',#10140,#955);
#272=LINE('',#10142,#956);
#273=LINE('',#10144,#957);
#274=LINE('',#10146,#958);
#275=LINE('',#10148,#959);
#276=LINE('',#10150,#960);
#277=LINE('',#10153,#961);
#278=LINE('',#10156,#962);
#279=LINE('',#10158,#963);
#280=LINE('',#10160,#964);
#281=LINE('',#10162,#965);
#282=LINE('',#10163,#966);
#283=LINE('',#10168,#967);
#284=LINE('',#10169,#968);
#285=LINE('',#10172,#969);
#286=LINE('',#10173,#970);
#287=LINE('',#10176,#971);
#288=LINE('',#10180,#972);
#289=LINE('',#10182,#973);
#290=LINE('',#10184,#974);
#291=LINE('',#10186,#975);
#292=LINE('',#10188,#976);
#293=LINE('',#10190,#977);
#294=LINE('',#10192,#978);
#295=LINE('',#10193,#979);
#296=LINE('',#10194,#980);
#297=LINE('',#10196,#981);
#298=LINE('',#10199,#982);
#299=LINE('',#10201,#983);
#300=LINE('',#10202,#984);
#301=LINE('',#10204,#985);
#302=LINE('',#10206,#986);
#303=LINE('',#10207,#987);
#304=LINE('',#10209,#988);
#305=LINE('',#10211,#989);
#306=LINE('',#10212,#990);
#307=LINE('',#10214,#991);
#308=LINE('',#10216,#992);
#309=LINE('',#10217,#993);
#310=LINE('',#10218,#994);
#311=LINE('',#10225,#995);
#312=LINE('',#10226,#996);
#313=LINE('',#10229,#997);
#314=LINE('',#10230,#998);
#315=LINE('',#10232,#999);
#316=LINE('',#10235,#1000);
#317=LINE('',#10236,#1001);
#318=LINE('',#10239,#1002);
#319=LINE('',#10240,#1003);
#320=LINE('',#10242,#1004);
#321=LINE('',#10245,#1005);
#322=LINE('',#10247,#1006);
#323=LINE('',#10248,#1007);
#324=LINE('',#10254,#1008);
#325=LINE('',#10257,#1009);
#326=LINE('',#10259,#1010);
#327=LINE('',#10261,#1011);
#328=LINE('',#10262,#1012);
#329=LINE('',#10264,#1013);
#330=LINE('',#10266,#1014);
#331=LINE('',#10271,#1015);
#332=LINE('',#10272,#1016);
#333=LINE('',#10275,#1017);
#334=LINE('',#10276,#1018);
#335=LINE('',#10280,#1019);
#336=LINE('',#10281,#1020);
#337=LINE('',#10283,#1021);
#338=LINE('',#10287,#1022);
#339=LINE('',#10289,#1023);
#340=LINE('',#10292,#1024);
#341=LINE('',#10293,#1025);
#342=LINE('',#10296,#1026);
#343=LINE('',#10298,#1027);
#344=LINE('',#10299,#1028);
#345=LINE('',#10303,#1029);
#346=LINE('',#10306,#1030);
#347=LINE('',#10311,#1031);
#348=LINE('',#10312,#1032);
#349=LINE('',#10315,#1033);
#350=LINE('',#10316,#1034);
#351=LINE('',#10320,#1035);
#352=LINE('',#10321,#1036);
#353=LINE('',#10325,#1037);
#354=LINE('',#10327,#1038);
#355=LINE('',#10329,#1039);
#356=LINE('',#10331,#1040);
#357=LINE('',#10335,#1041);
#358=LINE('',#10336,#1042);
#359=LINE('',#10339,#1043);
#360=LINE('',#10340,#1044);
#361=LINE('',#10342,#1045);
#362=LINE('',#10345,#1046);
#363=LINE('',#10346,#1047);
#364=LINE('',#10349,#1048);
#365=LINE('',#10350,#1049);
#366=LINE('',#10352,#1050);
#367=LINE('',#10354,#1051);
#368=LINE('',#10356,#1052);
#369=LINE('',#10359,#1053);
#370=LINE('',#10361,#1054);
#371=LINE('',#10363,#1055);
#372=LINE('',#10371,#1056);
#373=LINE('',#10375,#1057);
#374=LINE('',#10381,#1058);
#375=LINE('',#10387,#1059);
#376=LINE('',#10389,#1060);
#377=LINE('',#10394,#1061);
#378=LINE('',#10398,#1062);
#379=LINE('',#10402,#1063);
#380=LINE('',#10405,#1064);
#381=LINE('',#10409,#1065);
#382=LINE('',#10412,#1066);
#383=LINE('',#10417,#1067);
#384=LINE('',#10421,#1068);
#385=LINE('',#10425,#1069);
#386=LINE('',#10428,#1070);
#387=LINE('',#10430,#1071);
#388=LINE('',#10435,#1072);
#389=LINE('',#10447,#1073);
#390=LINE('',#10450,#1074);
#391=LINE('',#10453,#1075);
#392=LINE('',#10454,#1076);
#393=LINE('',#10458,#1077);
#394=LINE('',#10461,#1078);
#395=LINE('',#10462,#1079);
#396=LINE('',#10463,#1080);
#397=LINE('',#10467,#1081);
#398=LINE('',#10470,#1082);
#399=LINE('',#10471,#1083);
#400=LINE('',#10475,#1084);
#401=LINE('',#10477,#1085);
#402=LINE('',#10481,#1086);
#403=LINE('',#10484,#1087);
#404=LINE('',#10487,#1088);
#405=LINE('',#10488,#1089);
#406=LINE('',#10492,#1090);
#407=LINE('',#10495,#1091);
#408=LINE('',#10496,#1092);
#409=LINE('',#10497,#1093);
#410=LINE('',#10501,#1094);
#411=LINE('',#10504,#1095);
#412=LINE('',#10505,#1096);
#413=LINE('',#10509,#1097);
#414=LINE('',#10511,#1098);
#415=LINE('',#10515,#1099);
#416=LINE('',#10519,#1100);
#417=LINE('',#10523,#1101);
#418=LINE('',#10527,#1102);
#419=LINE('',#10531,#1103);
#420=LINE('',#10535,#1104);
#421=LINE('',#10539,#1105);
#422=LINE('',#10543,#1106);
#423=LINE('',#10547,#1107);
#424=LINE('',#10551,#1108);
#425=LINE('',#10557,#1109);
#426=LINE('',#10559,#1110);
#427=LINE('',#10561,#1111);
#428=LINE('',#10563,#1112);
#429=LINE('',#10564,#1113);
#430=LINE('',#10567,#1114);
#431=LINE('',#10568,#1115);
#432=LINE('',#10571,#1116);
#433=LINE('',#10573,#1117);
#434=LINE('',#10575,#1118);
#435=LINE('',#10576,#1119);
#436=LINE('',#10578,#1120);
#437=LINE('',#10580,#1121);
#438=LINE('',#10582,#1122);
#439=LINE('',#10584,#1123);
#440=LINE('',#10585,#1124);
#441=LINE('',#10588,#1125);
#442=LINE('',#10589,#1126);
#443=LINE('',#10592,#1127);
#444=LINE('',#10594,#1128);
#445=LINE('',#10596,#1129);
#446=LINE('',#10597,#1130);
#447=LINE('',#10599,#1131);
#448=LINE('',#10601,#1132);
#449=LINE('',#10604,#1133);
#450=LINE('',#10606,#1134);
#451=LINE('',#10608,#1135);
#452=LINE('',#10610,#1136);
#453=LINE('',#10611,#1137);
#454=LINE('',#10614,#1138);
#455=LINE('',#10615,#1139);
#456=LINE('',#10618,#1140);
#457=LINE('',#10620,#1141);
#458=LINE('',#10622,#1142);
#459=LINE('',#10623,#1143);
#460=LINE('',#10625,#1144);
#461=LINE('',#10627,#1145);
#462=LINE('',#10629,#1146);
#463=LINE('',#10631,#1147);
#464=LINE('',#10632,#1148);
#465=LINE('',#10635,#1149);
#466=LINE('',#10636,#1150);
#467=LINE('',#10639,#1151);
#468=LINE('',#10641,#1152);
#469=LINE('',#10643,#1153);
#470=LINE('',#10644,#1154);
#471=LINE('',#10646,#1155);
#472=LINE('',#10648,#1156);
#473=LINE('',#10650,#1157);
#474=LINE('',#10652,#1158);
#475=LINE('',#10655,#1159);
#476=LINE('',#10657,#1160);
#477=LINE('',#10660,#1161);
#478=LINE('',#10662,#1162);
#479=LINE('',#10665,#1163);
#480=LINE('',#10667,#1164);
#481=LINE('',#10680,#1165);
#482=LINE('',#10683,#1166);
#483=LINE('',#10686,#1167);
#484=LINE('',#10691,#1168);
#485=LINE('',#10692,#1169);
#486=LINE('',#10694,#1170);
#487=LINE('',#10698,#1171);
#488=LINE('',#10700,#1172);
#489=LINE('',#10702,#1173);
#490=LINE('',#10703,#1174);
#491=LINE('',#10706,#1175);
#492=LINE('',#10708,#1176);
#493=LINE('',#10710,#1177);
#494=LINE('',#10711,#1178);
#495=LINE('',#10714,#1179);
#496=LINE('',#10716,#1180);
#497=LINE('',#10717,#1181);
#498=LINE('',#10720,#1182);
#499=LINE('',#10721,#1183);
#500=LINE('',#10724,#1184);
#501=LINE('',#10725,#1185);
#502=LINE('',#10727,#1186);
#503=LINE('',#10730,#1187);
#504=LINE('',#10732,#1188);
#505=LINE('',#10733,#1189);
#506=LINE('',#10736,#1190);
#507=LINE('',#10737,#1191);
#508=LINE('',#10740,#1192);
#509=LINE('',#10741,#1193);
#510=LINE('',#10743,#1194);
#511=LINE('',#10753,#1195);
#512=LINE('',#10826,#1196);
#513=LINE('',#10839,#1197);
#514=LINE('',#10843,#1198);
#515=LINE('',#10921,#1199);
#516=LINE('',#10929,#1200);
#517=LINE('',#10931,#1201);
#518=LINE('',#10933,#1202);
#519=LINE('',#10935,#1203);
#520=LINE('',#10937,#1204);
#521=LINE('',#10939,#1205);
#522=LINE('',#10940,#1206);
#523=LINE('',#10943,#1207);
#524=LINE('',#10945,#1208);
#525=LINE('',#10947,#1209);
#526=LINE('',#10948,#1210);
#527=LINE('',#10951,#1211);
#528=LINE('',#10953,#1212);
#529=LINE('',#10955,#1213);
#530=LINE('',#10956,#1214);
#531=LINE('',#10959,#1215);
#532=LINE('',#10961,#1216);
#533=LINE('',#10963,#1217);
#534=LINE('',#10964,#1218);
#535=LINE('',#10967,#1219);
#536=LINE('',#10969,#1220);
#537=LINE('',#10971,#1221);
#538=LINE('',#10972,#1222);
#539=LINE('',#10975,#1223);
#540=LINE('',#10976,#1224);
#541=LINE('',#10981,#1225);
#542=LINE('',#10983,#1226);
#543=LINE('',#10984,#1227);
#544=LINE('',#10987,#1228);
#545=LINE('',#10989,#1229);
#546=LINE('',#10991,#1230);
#547=LINE('',#10993,#1231);
#548=LINE('',#10995,#1232);
#549=LINE('',#10997,#1233);
#550=LINE('',#10999,#1234);
#551=LINE('',#11000,#1235);
#552=LINE('',#11003,#1236);
#553=LINE('',#11005,#1237);
#554=LINE('',#11009,#1238);
#555=LINE('',#11011,#1239);
#556=LINE('',#11012,#1240);
#557=LINE('',#11015,#1241);
#558=LINE('',#11016,#1242);
#559=LINE('',#11019,#1243);
#560=LINE('',#11020,#1244);
#561=LINE('',#11022,#1245);
#562=LINE('',#11025,#1246);
#563=LINE('',#11027,#1247);
#564=LINE('',#11029,#1248);
#565=LINE('',#11030,#1249);
#566=LINE('',#11036,#1250);
#567=LINE('',#11039,#1251);
#568=LINE('',#11040,#1252);
#569=LINE('',#11042,#1253);
#570=LINE('',#11045,#1254);
#571=LINE('',#11049,#1255);
#572=LINE('',#11051,#1256);
#573=LINE('',#11052,#1257);
#574=LINE('',#11055,#1258);
#575=LINE('',#11057,#1259);
#576=LINE('',#11058,#1260);
#577=LINE('',#11098,#1261);
#578=LINE('',#11101,#1262);
#579=LINE('',#11103,#1263);
#580=LINE('',#11104,#1264);
#581=LINE('',#11107,#1265);
#582=LINE('',#11109,#1266);
#583=LINE('',#11111,#1267);
#584=LINE('',#11112,#1268);
#585=LINE('',#11114,#1269);
#586=LINE('',#11116,#1270);
#587=LINE('',#11118,#1271);
#588=LINE('',#11119,#1272);
#589=LINE('',#11121,#1273);
#590=LINE('',#11122,#1274);
#591=LINE('',#11125,#1275);
#592=LINE('',#11129,#1276);
#593=LINE('',#11133,#1277);
#594=LINE('',#11138,#1278);
#595=LINE('',#11139,#1279);
#596=LINE('',#11142,#1280);
#597=LINE('',#11145,#1281);
#598=LINE('',#11148,#1282);
#599=LINE('',#11150,#1283);
#600=LINE('',#11154,#1284);
#601=LINE('',#11160,#1285);
#602=LINE('',#11164,#1286);
#603=LINE('',#11166,#1287);
#604=LINE('',#11168,#1288);
#605=LINE('',#11171,#1289);
#606=LINE('',#11173,#1290);
#607=LINE('',#11175,#1291);
#608=LINE('',#11179,#1292);
#609=LINE('',#11181,#1293);
#610=LINE('',#11182,#1294);
#611=LINE('',#11187,#1295);
#612=LINE('',#11188,#1296);
#613=LINE('',#11191,#1297);
#614=LINE('',#11193,#1298);
#615=LINE('',#11195,#1299);
#616=LINE('',#11196,#1300);
#617=LINE('',#11199,#1301);
#618=LINE('',#11201,#1302);
#619=LINE('',#11202,#1303);
#620=LINE('',#11203,#1304);
#621=LINE('',#11205,#1305);
#622=LINE('',#11207,#1306);
#623=LINE('',#11211,#1307);
#624=LINE('',#11213,#1308);
#625=LINE('',#11217,#1309);
#626=LINE('',#11219,#1310);
#627=LINE('',#11221,#1311);
#628=LINE('',#11222,#1312);
#629=LINE('',#11224,#1313);
#630=LINE('',#11228,#1314);
#631=LINE('',#11229,#1315);
#632=LINE('',#11230,#1316);
#633=LINE('',#11231,#1317);
#634=LINE('',#11244,#1318);
#635=LINE('',#11246,#1319);
#636=LINE('',#11247,#1320);
#637=LINE('',#11250,#1321);
#638=LINE('',#11251,#1322);
#639=LINE('',#11254,#1323);
#640=LINE('',#11255,#1324);
#641=LINE('',#11257,#1325);
#642=LINE('',#11260,#1326);
#643=LINE('',#11261,#1327);
#644=LINE('',#11264,#1328);
#645=LINE('',#11266,#1329);
#646=LINE('',#11267,#1330);
#647=LINE('',#11269,#1331);
#648=LINE('',#11271,#1332);
#649=LINE('',#11272,#1333);
#650=LINE('',#11275,#1334);
#651=LINE('',#11279,#1335);
#652=LINE('',#11280,#1336);
#653=LINE('',#11281,#1337);
#654=LINE('',#11284,#1338);
#655=LINE('',#11286,#1339);
#656=LINE('',#11287,#1340);
#657=LINE('',#11290,#1341);
#658=LINE('',#11293,#1342);
#659=LINE('',#11294,#1343);
#660=LINE('',#11297,#1344);
#661=LINE('',#11298,#1345);
#662=LINE('',#11300,#1346);
#663=LINE('',#11301,#1347);
#664=LINE('',#11306,#1348);
#665=LINE('',#11309,#1349);
#666=LINE('',#11311,#1350);
#667=LINE('',#11314,#1351);
#668=LINE('',#11315,#1352);
#669=LINE('',#11317,#1353);
#670=LINE('',#11319,#1354);
#671=LINE('',#11325,#1355);
#672=LINE('',#11329,#1356);
#673=LINE('',#11332,#1357);
#674=LINE('',#11335,#1358);
#675=LINE('',#11338,#1359);
#676=LINE('',#11341,#1360);
#677=LINE('',#11343,#1361);
#678=LINE('',#11344,#1362);
#679=LINE('',#11348,#1363);
#680=LINE('',#11354,#1364);
#681=LINE('',#11361,#1365);
#682=LINE('',#11364,#1366);
#683=LINE('',#11366,#1367);
#684=LINE('',#11370,#1368);
#685=LINE('',#11374,#1369);
#686=LINE('',#11375,#1370);
#687=LINE('',#11378,#1371);
#688=LINE('',#11382,#1372);
#689=LINE('',#11385,#1373);
#690=LINE('',#11388,#1374);
#691=LINE('',#11391,#1375);
#692=LINE('',#11393,#1376);
#693=LINE('',#11394,#1377);
#694=LINE('',#11397,#1378);
#695=LINE('',#11398,#1379);
#696=LINE('',#11401,#1380);
#697=LINE('',#11402,#1381);
#698=LINE('',#11404,#1382);
#699=LINE('',#11406,#1383);
#700=LINE('',#11409,#1384);
#701=LINE('',#11415,#1385);
#702=LINE('',#11419,#1386);
#703=LINE('',#11423,#1387);
#704=LINE('',#11425,#1388);
#705=LINE('',#11428,#1389);
#706=LINE('',#11430,#1390);
#707=LINE('',#11434,#1391);
#708=LINE('',#11438,#1392);
#709=LINE('',#11439,#1393);
#710=LINE('',#11442,#1394);
#711=LINE('',#11443,#1395);
#712=LINE('',#11448,#1396);
#713=LINE('',#11451,#1397);
#714=LINE('',#11453,#1398);
#715=LINE('',#11461,#1399);
#716=LINE('',#11463,#1400);
#717=LINE('',#11465,#1401);
#718=LINE('',#11466,#1402);
#719=LINE('',#11473,#1403);
#720=LINE('',#11475,#1404);
#721=LINE('',#11477,#1405);
#722=LINE('',#11478,#1406);
#723=LINE('',#11481,#1407);
#724=LINE('',#11483,#1408);
#725=LINE('',#11485,#1409);
#726=LINE('',#11486,#1410);
#727=LINE('',#11489,#1411);
#728=LINE('',#11491,#1412);
#729=LINE('',#11493,#1413);
#730=LINE('',#11494,#1414);
#731=LINE('',#11498,#1415);
#732=LINE('',#11500,#1416);
#733=LINE('',#11501,#1417);
#734=LINE('',#11504,#1418);
#735=LINE('',#11505,#1419);
#736=LINE('',#11508,#1420);
#737=LINE('',#11509,#1421);
#738=LINE('',#11511,#1422);
#739=LINE('',#11514,#1423);
#740=LINE('',#11516,#1424);
#741=LINE('',#11517,#1425);
#742=LINE('',#11520,#1426);
#743=LINE('',#11521,#1427);
#744=LINE('',#11524,#1428);
#745=LINE('',#11525,#1429);
#746=LINE('',#11527,#1430);
#747=LINE('',#11530,#1431);
#748=LINE('',#11532,#1432);
#749=LINE('',#11533,#1433);
#750=LINE('',#11536,#1434);
#751=LINE('',#11537,#1435);
#752=LINE('',#11540,#1436);
#753=LINE('',#11541,#1437);
#754=LINE('',#11543,#1438);
#755=LINE('',#11554,#1439);
#756=LINE('',#11560,#1440);
#757=LINE('',#11566,#1441);
#758=LINE('',#11572,#1442);
#759=LINE('',#11596,#1443);
#760=LINE('',#11602,#1444);
#761=LINE('',#11609,#1445);
#762=LINE('',#11613,#1446);
#763=LINE('',#11617,#1447);
#764=LINE('',#11621,#1448);
#765=LINE('',#11625,#1449);
#766=LINE('',#11629,#1450);
#767=LINE('',#11632,#1451);
#768=LINE('',#11642,#1452);
#769=LINE('',#11644,#1453);
#770=LINE('',#11645,#1454);
#771=LINE('',#11648,#1455);
#772=LINE('',#11651,#1456);
#773=LINE('',#11652,#1457);
#774=LINE('',#11655,#1458);
#775=LINE('',#11657,#1459);
#776=LINE('',#11658,#1460);
#777=LINE('',#11661,#1461);
#778=LINE('',#11664,#1462);
#779=LINE('',#11665,#1463);
#780=LINE('',#11669,#1464);
#781=LINE('',#11671,#1465);
#782=LINE('',#11674,#1466);
#783=LINE('',#11675,#1467);
#784=LINE('',#11677,#1468);
#785=LINE('',#11678,#1469);
#786=LINE('',#11690,#1470);
#787=LINE('',#11692,#1471);
#788=LINE('',#11694,#1472);
#789=LINE('',#11695,#1473);
#790=LINE('',#11698,#1474);
#791=LINE('',#11700,#1475);
#792=LINE('',#11701,#1476);
#793=LINE('',#11704,#1477);
#794=LINE('',#11706,#1478);
#795=LINE('',#11707,#1479);
#796=LINE('',#11709,#1480);
#797=LINE('',#11710,#1481);
#798=LINE('',#11715,#1482);
#799=LINE('',#11717,#1483);
#800=LINE('',#11719,#1484);
#801=LINE('',#11720,#1485);
#802=LINE('',#11723,#1486);
#803=LINE('',#11725,#1487);
#804=LINE('',#11726,#1488);
#805=LINE('',#11729,#1489);
#806=LINE('',#11731,#1490);
#807=LINE('',#11732,#1491);
#808=LINE('',#11735,#1492);
#809=LINE('',#11737,#1493);
#810=LINE('',#11738,#1494);
#811=LINE('',#11741,#1495);
#812=LINE('',#11743,#1496);
#813=LINE('',#11744,#1497);
#814=LINE('',#11747,#1498);
#815=LINE('',#11749,#1499);
#816=LINE('',#11750,#1500);
#817=LINE('',#11753,#1501);
#818=LINE('',#11755,#1502);
#819=LINE('',#11756,#1503);
#820=LINE('',#11759,#1504);
#821=LINE('',#11761,#1505);
#822=LINE('',#11762,#1506);
#823=LINE('',#11765,#1507);
#824=LINE('',#11767,#1508);
#825=LINE('',#11768,#1509);
#826=LINE('',#11771,#1510);
#827=LINE('',#11773,#1511);
#828=LINE('',#11774,#1512);
#829=LINE('',#11777,#1513);
#830=LINE('',#11779,#1514);
#831=LINE('',#11780,#1515);
#832=LINE('',#11782,#1516);
#833=LINE('',#11783,#1517);
#834=LINE('',#11792,#1518);
#835=LINE('',#11796,#1519);
#836=LINE('',#11801,#1520);
#837=LINE('',#11802,#1521);
#838=LINE('',#11803,#1522);
#839=LINE('',#11806,#1523);
#840=LINE('',#11808,#1524);
#841=LINE('',#11809,#1525);
#842=LINE('',#11814,#1526);
#843=LINE('',#11818,#1527);
#844=LINE('',#11828,#1528);
#845=LINE('',#11831,#1529);
#846=LINE('',#11836,#1530);
#847=LINE('',#11839,#1531);
#848=LINE('',#11874,#1532);
#849=LINE('',#11878,#1533);
#850=LINE('',#11888,#1534);
#851=LINE('',#11891,#1535);
#852=LINE('',#11896,#1536);
#853=LINE('',#11899,#1537);
#854=LINE('',#11931,#1538);
#855=LINE('',#11933,#1539);
#856=LINE('',#11935,#1540);
#857=LINE('',#11937,#1541);
#858=LINE('',#11940,#1542);
#859=LINE('',#11942,#1543);
#860=LINE('',#11944,#1544);
#861=LINE('',#11945,#1545);
#862=LINE('',#11947,#1546);
#863=LINE('',#11949,#1547);
#864=LINE('',#11952,#1548);
#865=LINE('',#11953,#1549);
#866=LINE('',#11955,#1550);
#867=LINE('',#11957,#1551);
#868=LINE('',#11960,#1552);
#869=LINE('',#11962,#1553);
#870=LINE('',#11964,#1554);
#871=LINE('',#11966,#1555);
#872=LINE('',#11968,#1556);
#873=LINE('',#11970,#1557);
#874=LINE('',#11972,#1558);
#875=LINE('',#11974,#1559);
#876=LINE('',#11976,#1560);
#877=LINE('',#11978,#1561);
#878=LINE('',#11980,#1562);
#879=LINE('',#11982,#1563);
#880=LINE('',#11984,#1564);
#881=LINE('',#11986,#1565);
#882=LINE('',#11988,#1566);
#883=VECTOR('',#7825,0.25);
#884=VECTOR('',#7876,0.25);
#885=VECTOR('',#7887,1.);
#886=VECTOR('',#7888,1.);
#887=VECTOR('',#7889,1.);
#888=VECTOR('',#7890,1.);
#889=VECTOR('',#7891,1.);
#890=VECTOR('',#7894,1.);
#891=VECTOR('',#7897,1.);
#892=VECTOR('',#7898,1.);
#893=VECTOR('',#7899,1.);
#894=VECTOR('',#7902,1.);
#895=VECTOR('',#7905,1.);
#896=VECTOR('',#7906,1.);
#897=VECTOR('',#7911,1.);
#898=VECTOR('',#7914,1.);
#899=VECTOR('',#7915,1.00000000000035);
#900=VECTOR('',#7916,1.);
#901=VECTOR('',#7917,1.);
#902=VECTOR('',#7918,1.);
#903=VECTOR('',#7919,1.);
#904=VECTOR('',#7920,1.);
#905=VECTOR('',#7921,1.);
#906=VECTOR('',#7922,1.);
#907=VECTOR('',#7923,1.);
#908=VECTOR('',#7924,1.);
#909=VECTOR('',#7925,1.0000000000002);
#910=VECTOR('',#7926,1.);
#911=VECTOR('',#7927,1.);
#912=VECTOR('',#7928,1.);
#913=VECTOR('',#7931,1.);
#914=VECTOR('',#7932,1.);
#915=VECTOR('',#7933,1.);
#916=VECTOR('',#7934,1.);
#917=VECTOR('',#7937,1.);
#918=VECTOR('',#7938,1.);
#919=VECTOR('',#7939,1.);
#920=VECTOR('',#7944,1.);
#921=VECTOR('',#7947,1.);
#922=VECTOR('',#7948,1.);
#923=VECTOR('',#7951,1.);
#924=VECTOR('',#7956,1.);
#925=VECTOR('',#7957,1.);
#926=VECTOR('',#7958,1.);
#927=VECTOR('',#7961,1.);
#928=VECTOR('',#7962,1.);
#929=VECTOR('',#7963,1.);
#930=VECTOR('',#7964,1.);
#931=VECTOR('',#7965,1.);
#932=VECTOR('',#7966,1.);
#933=VECTOR('',#7969,1.);
#934=VECTOR('',#7970,1.);
#935=VECTOR('',#7971,1.);
#936=VECTOR('',#7976,1.);
#937=VECTOR('',#7979,1.);
#938=VECTOR('',#7980,1.);
#939=VECTOR('',#7983,1.);
#940=VECTOR('',#7988,1.);
#941=VECTOR('',#7989,1.);
#942=VECTOR('',#7990,1.);
#943=VECTOR('',#7993,1.);
#944=VECTOR('',#7994,1.);
#945=VECTOR('',#7995,1.);
#946=VECTOR('',#7996,1.);
#947=VECTOR('',#8001,1.);
#948=VECTOR('',#8002,1.);
#949=VECTOR('',#8003,1.0000000000002);
#950=VECTOR('',#8004,1.);
#951=VECTOR('',#8005,1.);
#952=VECTOR('',#8006,1.);
#953=VECTOR('',#8007,1.);
#954=VECTOR('',#8008,1.);
#955=VECTOR('',#8009,1.);
#956=VECTOR('',#8010,1.);
#957=VECTOR('',#8011,1.);
#958=VECTOR('',#8012,1.);
#959=VECTOR('',#8013,1.00000000000035);
#960=VECTOR('',#8014,1.);
#961=VECTOR('',#8017,1.);
#962=VECTOR('',#8020,1.);
#963=VECTOR('',#8021,1.);
#964=VECTOR('',#8022,1.);
#965=VECTOR('',#8023,1.);
#966=VECTOR('',#8024,1.);
#967=VECTOR('',#8029,1.);
#968=VECTOR('',#8030,1.);
#969=VECTOR('',#8033,1.);
#970=VECTOR('',#8034,1.);
#971=VECTOR('',#8037,1.);
#972=VECTOR('',#8042,1.);
#973=VECTOR('',#8043,1.);
#974=VECTOR('',#8044,1.);
#975=VECTOR('',#8045,1.);
#976=VECTOR('',#8046,1.);
#977=VECTOR('',#8047,1.);
#978=VECTOR('',#8048,1.);
#979=VECTOR('',#8049,1.);
#980=VECTOR('',#8050,1.);
#981=VECTOR('',#8053,1.);
#982=VECTOR('',#8056,0.99999999999992);
#983=VECTOR('',#8057,1.);
#984=VECTOR('',#8058,0.99999999999992);
#985=VECTOR('',#8059,0.99999999999992);
#986=VECTOR('',#8060,1.);
#987=VECTOR('',#8061,0.99999999999992);
#988=VECTOR('',#8062,0.99999999999992);
#989=VECTOR('',#8063,1.);
#990=VECTOR('',#8064,0.99999999999992);
#991=VECTOR('',#8065,0.99999999999992);
#992=VECTOR('',#8066,1.);
#993=VECTOR('',#8067,0.99999999999992);
#994=VECTOR('',#8068,1.);
#995=VECTOR('',#8075,1.);
#996=VECTOR('',#8076,0.99999999999992);
#997=VECTOR('',#8079,0.99999999999992);
#998=VECTOR('',#8080,1.);
#999=VECTOR('',#8083,1.);
#1000=VECTOR('',#8086,1.);
#1001=VECTOR('',#8087,0.99999999999992);
#1002=VECTOR('',#8090,0.99999999999992);
#1003=VECTOR('',#8091,1.);
#1004=VECTOR('',#8094,1.);
#1005=VECTOR('',#8097,1.0000000000002);
#1006=VECTOR('',#8098,1.);
#1007=VECTOR('',#8099,1.0000000000002);
#1008=VECTOR('',#8106,1.);
#1009=VECTOR('',#8109,1.);
#1010=VECTOR('',#8110,1.);
#1011=VECTOR('',#8111,1.);
#1012=VECTOR('',#8112,1.);
#1013=VECTOR('',#8115,1.);
#1014=VECTOR('',#8118,1.);
#1015=VECTOR('',#8123,1.);
#1016=VECTOR('',#8124,1.);
#1017=VECTOR('',#8127,1.);
#1018=VECTOR('',#8128,1.);
#1019=VECTOR('',#8131,1.);
#1020=VECTOR('',#8132,1.);
#1021=VECTOR('',#8133,1.);
#1022=VECTOR('',#8136,1.);
#1023=VECTOR('',#8139,1.);
#1024=VECTOR('',#8142,1.);
#1025=VECTOR('',#8143,1.);
#1026=VECTOR('',#8146,1.);
#1027=VECTOR('',#8147,1.);
#1028=VECTOR('',#8148,1.);
#1029=VECTOR('',#8151,1.);
#1030=VECTOR('',#8156,1.);
#1031=VECTOR('',#8161,1.);
#1032=VECTOR('',#8162,1.);
#1033=VECTOR('',#8165,1.);
#1034=VECTOR('',#8166,1.);
#1035=VECTOR('',#8169,1.);
#1036=VECTOR('',#8170,1.);
#1037=VECTOR('',#8173,1.);
#1038=VECTOR('',#8176,1.);
#1039=VECTOR('',#8179,1.);
#1040=VECTOR('',#8182,1.);
#1041=VECTOR('',#8187,1.);
#1042=VECTOR('',#8188,0.99999999999992);
#1043=VECTOR('',#8191,0.99999999999992);
#1044=VECTOR('',#8192,1.);
#1045=VECTOR('',#8195,1.);
#1046=VECTOR('',#8198,1.);
#1047=VECTOR('',#8199,0.99999999999992);
#1048=VECTOR('',#8202,0.99999999999992);
#1049=VECTOR('',#8203,1.);
#1050=VECTOR('',#8206,1.);
#1051=VECTOR('',#8209,1.);
#1052=VECTOR('',#8212,1.);
#1053=VECTOR('',#8217,1.);
#1054=VECTOR('',#8220,1.);
#1055=VECTOR('',#8223,1.);
#1056=VECTOR('',#8236,2.);
#1057=VECTOR('',#8241,2.);
#1058=VECTOR('',#8248,1.1);
#1059=VECTOR('',#8255,1.1);
#1060=VECTOR('',#8258,1.);
#1061=VECTOR('',#8261,1.);
#1062=VECTOR('',#8264,1.);
#1063=VECTOR('',#8267,1.);
#1064=VECTOR('',#8270,1.);
#1065=VECTOR('',#8275,0.5);
#1066=VECTOR('',#8280,1.);
#1067=VECTOR('',#8283,1.);
#1068=VECTOR('',#8286,1.);
#1069=VECTOR('',#8289,1.);
#1070=VECTOR('',#8292,1.);
#1071=VECTOR('',#8295,1.);
#1072=VECTOR('',#8302,0.5);
#1073=VECTOR('',#8319,1.);
#1074=VECTOR('',#8322,1.);
#1075=VECTOR('',#8325,1.);
#1076=VECTOR('',#8326,1.);
#1077=VECTOR('',#8331,1.);
#1078=VECTOR('',#8334,1.);
#1079=VECTOR('',#8335,1.);
#1080=VECTOR('',#8336,1.);
#1081=VECTOR('',#8341,1.);
#1082=VECTOR('',#8344,1.);
#1083=VECTOR('',#8345,1.);
#1084=VECTOR('',#8350,1.);
#1085=VECTOR('',#8353,1.);
#1086=VECTOR('',#8358,1.);
#1087=VECTOR('',#8361,1.);
#1088=VECTOR('',#8364,1.);
#1089=VECTOR('',#8365,1.);
#1090=VECTOR('',#8370,1.);
#1091=VECTOR('',#8373,1.);
#1092=VECTOR('',#8374,1.);
#1093=VECTOR('',#8375,1.);
#1094=VECTOR('',#8380,1.);
#1095=VECTOR('',#8383,1.);
#1096=VECTOR('',#8384,1.);
#1097=VECTOR('',#8389,1.);
#1098=VECTOR('',#8392,1.);
#1099=VECTOR('',#8397,1.9);
#1100=VECTOR('',#8400,1.);
#1101=VECTOR('',#8403,1.);
#1102=VECTOR('',#8406,1.);
#1103=VECTOR('',#8409,1.);
#1104=VECTOR('',#8414,1.9);
#1105=VECTOR('',#8417,1.);
#1106=VECTOR('',#8420,1.);
#1107=VECTOR('',#8423,1.);
#1108=VECTOR('',#8426,1.);
#1109=VECTOR('',#8435,1.);
#1110=VECTOR('',#8436,1.);
#1111=VECTOR('',#8437,1.);
#1112=VECTOR('',#8438,1.);
#1113=VECTOR('',#8439,1.);
#1114=VECTOR('',#8442,1.);
#1115=VECTOR('',#8443,1.);
#1116=VECTOR('',#8446,1.);
#1117=VECTOR('',#8447,1.);
#1118=VECTOR('',#8448,1.);
#1119=VECTOR('',#8449,1.);
#1120=VECTOR('',#8450,1.);
#1121=VECTOR('',#8451,1.);
#1122=VECTOR('',#8452,1.);
#1123=VECTOR('',#8453,1.);
#1124=VECTOR('',#8454,1.);
#1125=VECTOR('',#8457,1.);
#1126=VECTOR('',#8458,1.);
#1127=VECTOR('',#8461,1.);
#1128=VECTOR('',#8462,1.);
#1129=VECTOR('',#8463,1.);
#1130=VECTOR('',#8464,1.);
#1131=VECTOR('',#8467,1.);
#1132=VECTOR('',#8470,1.);
#1133=VECTOR('',#8473,1.);
#1134=VECTOR('',#8474,1.);
#1135=VECTOR('',#8475,1.);
#1136=VECTOR('',#8476,1.);
#1137=VECTOR('',#8477,1.);
#1138=VECTOR('',#8480,1.);
#1139=VECTOR('',#8481,1.);
#1140=VECTOR('',#8484,1.);
#1141=VECTOR('',#8485,1.);
#1142=VECTOR('',#8486,1.);
#1143=VECTOR('',#8487,1.);
#1144=VECTOR('',#8488,1.);
#1145=VECTOR('',#8489,1.);
#1146=VECTOR('',#8490,1.);
#1147=VECTOR('',#8491,1.);
#1148=VECTOR('',#8492,1.);
#1149=VECTOR('',#8495,1.);
#1150=VECTOR('',#8496,1.);
#1151=VECTOR('',#8499,1.);
#1152=VECTOR('',#8500,1.);
#1153=VECTOR('',#8501,1.);
#1154=VECTOR('',#8502,1.);
#1155=VECTOR('',#8505,1.);
#1156=VECTOR('',#8508,1.);
#1157=VECTOR('',#8511,1.);
#1158=VECTOR('',#8514,1.);
#1159=VECTOR('',#8519,1.);
#1160=VECTOR('',#8522,1.);
#1161=VECTOR('',#8527,1.);
#1162=VECTOR('',#8530,1.);
#1163=VECTOR('',#8535,1.);
#1164=VECTOR('',#8538,1.);
#1165=VECTOR('',#8557,1.5);
#1166=VECTOR('',#8560,1.);
#1167=VECTOR('',#8563,1.);
#1168=VECTOR('',#8568,1.);
#1169=VECTOR('',#8569,1.);
#1170=VECTOR('',#8572,1.);
#1171=VECTOR('',#8575,1.);
#1172=VECTOR('',#8576,1.);
#1173=VECTOR('',#8577,1.);
#1174=VECTOR('',#8578,1.);
#1175=VECTOR('',#8579,1.);
#1176=VECTOR('',#8580,1.);
#1177=VECTOR('',#8581,1.);
#1178=VECTOR('',#8582,1.);
#1179=VECTOR('',#8585,1.);
#1180=VECTOR('',#8586,1.);
#1181=VECTOR('',#8587,1.);
#1182=VECTOR('',#8590,1.);
#1183=VECTOR('',#8591,1.);
#1184=VECTOR('',#8594,1.);
#1185=VECTOR('',#8595,1.);
#1186=VECTOR('',#8598,1.);
#1187=VECTOR('',#8601,1.);
#1188=VECTOR('',#8602,1.);
#1189=VECTOR('',#8603,1.);
#1190=VECTOR('',#8606,1.);
#1191=VECTOR('',#8607,1.);
#1192=VECTOR('',#8610,1.);
#1193=VECTOR('',#8611,1.);
#1194=VECTOR('',#8614,1.);
#1195=VECTOR('',#8629,0.8);
#1196=VECTOR('',#8644,0.72);
#1197=VECTOR('',#8661,0.25);
#1198=VECTOR('',#8666,0.8);
#1199=VECTOR('',#8689,0.25);
#1200=VECTOR('',#8700,1.);
#1201=VECTOR('',#8701,1.);
#1202=VECTOR('',#8702,1.);
#1203=VECTOR('',#8703,1.);
#1204=VECTOR('',#8704,1.);
#1205=VECTOR('',#8705,1.);
#1206=VECTOR('',#8706,1.);
#1207=VECTOR('',#8707,1.);
#1208=VECTOR('',#8708,1.);
#1209=VECTOR('',#8709,1.);
#1210=VECTOR('',#8710,1.);
#1211=VECTOR('',#8713,1.);
#1212=VECTOR('',#8714,1.);
#1213=VECTOR('',#8715,1.);
#1214=VECTOR('',#8716,1.);
#1215=VECTOR('',#8719,1.);
#1216=VECTOR('',#8720,1.);
#1217=VECTOR('',#8721,1.);
#1218=VECTOR('',#8722,1.);
#1219=VECTOR('',#8725,1.);
#1220=VECTOR('',#8726,1.);
#1221=VECTOR('',#8727,1.);
#1222=VECTOR('',#8728,1.);
#1223=VECTOR('',#8731,1.);
#1224=VECTOR('',#8732,1.);
#1225=VECTOR('',#8737,1.);
#1226=VECTOR('',#8738,1.);
#1227=VECTOR('',#8739,1.);
#1228=VECTOR('',#8742,1.);
#1229=VECTOR('',#8743,1.);
#1230=VECTOR('',#8744,1.);
#1231=VECTOR('',#8745,1.);
#1232=VECTOR('',#8746,1.);
#1233=VECTOR('',#8747,1.);
#1234=VECTOR('',#8748,1.);
#1235=VECTOR('',#8749,1.);
#1236=VECTOR('',#8752,1.);
#1237=VECTOR('',#8753,1.);
#1238=VECTOR('',#8758,1.);
#1239=VECTOR('',#8759,1.);
#1240=VECTOR('',#8760,1.);
#1241=VECTOR('',#8763,1.);
#1242=VECTOR('',#8764,1.);
#1243=VECTOR('',#8767,1.);
#1244=VECTOR('',#8768,1.);
#1245=VECTOR('',#8771,1.);
#1246=VECTOR('',#8774,1.);
#1247=VECTOR('',#8775,1.);
#1248=VECTOR('',#8776,1.);
#1249=VECTOR('',#8777,1.);
#1250=VECTOR('',#8784,1.);
#1251=VECTOR('',#8787,1.);
#1252=VECTOR('',#8788,1.);
#1253=VECTOR('',#8791,1.);
#1254=VECTOR('',#8794,1.);
#1255=VECTOR('',#8799,1.);
#1256=VECTOR('',#8800,1.);
#1257=VECTOR('',#8801,1.);
#1258=VECTOR('',#8804,1.);
#1259=VECTOR('',#8805,1.);
#1260=VECTOR('',#8806,1.);
#1261=VECTOR('',#8819,3.15);
#1262=VECTOR('',#8822,1.);
#1263=VECTOR('',#8823,1.);
#1264=VECTOR('',#8824,1.);
#1265=VECTOR('',#8827,1.);
#1266=VECTOR('',#8828,1.);
#1267=VECTOR('',#8829,1.);
#1268=VECTOR('',#8830,1.);
#1269=VECTOR('',#8831,1.);
#1270=VECTOR('',#8832,1.);
#1271=VECTOR('',#8833,1.);
#1272=VECTOR('',#8834,1.);
#1273=VECTOR('',#8837,1.);
#1274=VECTOR('',#8838,1.);
#1275=VECTOR('',#8841,1.);
#1276=VECTOR('',#8846,1.);
#1277=VECTOR('',#8849,1.);
#1278=VECTOR('',#8854,1.);
#1279=VECTOR('',#8855,1.);
#1280=VECTOR('',#8858,1.);
#1281=VECTOR('',#8861,1.);
#1282=VECTOR('',#8864,1.);
#1283=VECTOR('',#8867,1.);
#1284=VECTOR('',#8870,1.);
#1285=VECTOR('',#8879,0.999999999999721);
#1286=VECTOR('',#8884,1.);
#1287=VECTOR('',#8887,0.999999999999721);
#1288=VECTOR('',#8890,1.);
#1289=VECTOR('',#8893,1.);
#1290=VECTOR('',#8894,1.);
#1291=VECTOR('',#8895,1.);
#1292=VECTOR('',#8898,1.);
#1293=VECTOR('',#8899,1.);
#1294=VECTOR('',#8900,1.);
#1295=VECTOR('',#8909,1.);
#1296=VECTOR('',#8910,1.);
#1297=VECTOR('',#8913,1.);
#1298=VECTOR('',#8914,1.);
#1299=VECTOR('',#8915,1.);
#1300=VECTOR('',#8916,1.);
#1301=VECTOR('',#8919,1.);
#1302=VECTOR('',#8920,1.);
#1303=VECTOR('',#8921,1.);
#1304=VECTOR('',#8922,1.);
#1305=VECTOR('',#8925,1.);
#1306=VECTOR('',#8928,1.);
#1307=VECTOR('',#8933,1.);
#1308=VECTOR('',#8936,1.);
#1309=VECTOR('',#8941,1.);
#1310=VECTOR('',#8942,1.);
#1311=VECTOR('',#8943,1.);
#1312=VECTOR('',#8944,1.);
#1313=VECTOR('',#8947,1.);
#1314=VECTOR('',#8950,1.);
#1315=VECTOR('',#8951,1.);
#1316=VECTOR('',#8952,1.);
#1317=VECTOR('',#8953,1.);
#1318=VECTOR('',#8972,0.999999999999721);
#1319=VECTOR('',#8973,0.999999999999721);
#1320=VECTOR('',#8974,1.);
#1321=VECTOR('',#8977,0.999999999999721);
#1322=VECTOR('',#8978,0.999999999999721);
#1323=VECTOR('',#8981,0.999999999999721);
#1324=VECTOR('',#8982,1.);
#1325=VECTOR('',#8985,0.999999999999721);
#1326=VECTOR('',#8988,1.);
#1327=VECTOR('',#8989,1.);
#1328=VECTOR('',#8992,1.);
#1329=VECTOR('',#8993,1.);
#1330=VECTOR('',#8994,1.);
#1331=VECTOR('',#8997,1.);
#1332=VECTOR('',#8998,1.);
#1333=VECTOR('',#8999,1.);
#1334=VECTOR('',#9002,1.);
#1335=VECTOR('',#9007,1.);
#1336=VECTOR('',#9008,1.);
#1337=VECTOR('',#9009,1.);
#1338=VECTOR('',#9012,1.);
#1339=VECTOR('',#9013,1.);
#1340=VECTOR('',#9014,1.);
#1341=VECTOR('',#9017,1.);
#1342=VECTOR('',#9020,1.);
#1343=VECTOR('',#9021,1.);
#1344=VECTOR('',#9024,1.);
#1345=VECTOR('',#9025,1.);
#1346=VECTOR('',#9028,1.);
#1347=VECTOR('',#9029,1.);
#1348=VECTOR('',#9036,1.);
#1349=VECTOR('',#9041,1.);
#1350=VECTOR('',#9044,1.);
#1351=VECTOR('',#9047,1.);
#1352=VECTOR('',#9048,1.);
#1353=VECTOR('',#9051,1.);
#1354=VECTOR('',#9054,0.6);
#1355=VECTOR('',#9061,1.);
#1356=VECTOR('',#9066,1.00000000000024);
#1357=VECTOR('',#9069,1.);
#1358=VECTOR('',#9074,1.00000000000024);
#1359=VECTOR('',#9079,1.);
#1360=VECTOR('',#9082,1.);
#1361=VECTOR('',#9083,1.);
#1362=VECTOR('',#9084,1.);
#1363=VECTOR('',#9087,1.);
#1364=VECTOR('',#9096,1.00000000000001);
#1365=VECTOR('',#9105,1.00000000000001);
#1366=VECTOR('',#9108,1.00000000000024);
#1367=VECTOR('',#9109,1.00000000000024);
#1368=VECTOR('',#9112,1.);
#1369=VECTOR('',#9117,1.00000000000024);
#1370=VECTOR('',#9118,1.00000000000024);
#1371=VECTOR('',#9121,1.00000000000024);
#1372=VECTOR('',#9124,1.);
#1373=VECTOR('',#9129,1.00000000000024);
#1374=VECTOR('',#9134,1.);
#1375=VECTOR('',#9137,1.00000000000001);
#1376=VECTOR('',#9138,1.00000000000001);
#1377=VECTOR('',#9139,1.);
#1378=VECTOR('',#9142,1.00000000000001);
#1379=VECTOR('',#9143,1.00000000000001);
#1380=VECTOR('',#9146,1.00000000000001);
#1381=VECTOR('',#9147,1.00000000000001);
#1382=VECTOR('',#9150,1.00000000000024);
#1383=VECTOR('',#9153,1.00000000000024);
#1384=VECTOR('',#9158,1.);
#1385=VECTOR('',#9165,1.);
#1386=VECTOR('',#9170,0.999999999999679);
#1387=VECTOR('',#9175,0.999999999999679);
#1388=VECTOR('',#9178,1.);
#1389=VECTOR('',#9181,0.999999999999679);
#1390=VECTOR('',#9182,0.999999999999679);
#1391=VECTOR('',#9185,1.);
#1392=VECTOR('',#9190,0.999999999999679);
#1393=VECTOR('',#9191,0.999999999999679);
#1394=VECTOR('',#9194,0.999999999999679);
#1395=VECTOR('',#9195,0.999999999999679);
#1396=VECTOR('',#9200,1.);
#1397=VECTOR('',#9205,0.999999999999679);
#1398=VECTOR('',#9208,0.999999999999679);
#1399=VECTOR('',#9219,1.);
#1400=VECTOR('',#9220,1.);
#1401=VECTOR('',#9221,1.);
#1402=VECTOR('',#9222,1.);
#1403=VECTOR('',#9231,1.);
#1404=VECTOR('',#9232,1.);
#1405=VECTOR('',#9233,1.);
#1406=VECTOR('',#9234,1.);
#1407=VECTOR('',#9235,1.);
#1408=VECTOR('',#9236,1.);
#1409=VECTOR('',#9237,1.);
#1410=VECTOR('',#9238,1.);
#1411=VECTOR('',#9239,1.);
#1412=VECTOR('',#9240,1.);
#1413=VECTOR('',#9241,1.);
#1414=VECTOR('',#9242,1.);
#1415=VECTOR('',#9247,1.);
#1416=VECTOR('',#9248,1.);
#1417=VECTOR('',#9249,1.);
#1418=VECTOR('',#9252,1.);
#1419=VECTOR('',#9253,1.);
#1420=VECTOR('',#9256,1.);
#1421=VECTOR('',#9257,1.);
#1422=VECTOR('',#9260,1.);
#1423=VECTOR('',#9263,1.);
#1424=VECTOR('',#9264,1.);
#1425=VECTOR('',#9265,1.);
#1426=VECTOR('',#9268,1.);
#1427=VECTOR('',#9269,1.);
#1428=VECTOR('',#9272,1.);
#1429=VECTOR('',#9273,1.);
#1430=VECTOR('',#9276,1.);
#1431=VECTOR('',#9279,1.);
#1432=VECTOR('',#9280,1.);
#1433=VECTOR('',#9281,1.);
#1434=VECTOR('',#9284,1.);
#1435=VECTOR('',#9285,1.);
#1436=VECTOR('',#9288,1.);
#1437=VECTOR('',#9289,1.);
#1438=VECTOR('',#9292,1.);
#1439=VECTOR('',#9309,13.);
#1440=VECTOR('',#9316,0.375);
#1441=VECTOR('',#9323,3.45);
#1442=VECTOR('',#9330,14.1);
#1443=VECTOR('',#9357,0.4);
#1444=VECTOR('',#9364,0.4);
#1445=VECTOR('',#9371,1.);
#1446=VECTOR('',#9374,1.);
#1447=VECTOR('',#9377,1.);
#1448=VECTOR('',#9380,1.);
#1449=VECTOR('',#9383,1.);
#1450=VECTOR('',#9386,1.);
#1451=VECTOR('',#9389,15.1);
#1452=VECTOR('',#9404,0.999999999999888);
#1453=VECTOR('',#9405,0.999999999999888);
#1454=VECTOR('',#9406,1.);
#1455=VECTOR('',#9409,1.);
#1456=VECTOR('',#9414,0.999999999999656);
#1457=VECTOR('',#9415,0.999999999999656);
#1458=VECTOR('',#9420,1.00000000000016);
#1459=VECTOR('',#9421,1.00000000000016);
#1460=VECTOR('',#9422,1.);
#1461=VECTOR('',#9425,1.);
#1462=VECTOR('',#9430,0.999999999999924);
#1463=VECTOR('',#9431,0.999999999999924);
#1464=VECTOR('',#9436,1.);
#1465=VECTOR('',#9437,1.);
#1466=VECTOR('',#9442,1.);
#1467=VECTOR('',#9443,1.);
#1468=VECTOR('',#9446,1.);
#1469=VECTOR('',#9447,1.);
#1470=VECTOR('',#9466,1.);
#1471=VECTOR('',#9467,1.);
#1472=VECTOR('',#9468,1.);
#1473=VECTOR('',#9469,1.);
#1474=VECTOR('',#9472,1.);
#1475=VECTOR('',#9473,1.);
#1476=VECTOR('',#9474,1.);
#1477=VECTOR('',#9477,1.);
#1478=VECTOR('',#9478,1.);
#1479=VECTOR('',#9479,1.);
#1480=VECTOR('',#9482,1.);
#1481=VECTOR('',#9483,1.);
#1482=VECTOR('',#9488,1.);
#1483=VECTOR('',#9489,1.);
#1484=VECTOR('',#9490,1.);
#1485=VECTOR('',#9491,1.);
#1486=VECTOR('',#9494,1.);
#1487=VECTOR('',#9495,1.);
#1488=VECTOR('',#9496,1.);
#1489=VECTOR('',#9499,1.);
#1490=VECTOR('',#9500,1.);
#1491=VECTOR('',#9501,1.);
#1492=VECTOR('',#9504,1.);
#1493=VECTOR('',#9505,1.);
#1494=VECTOR('',#9506,1.);
#1495=VECTOR('',#9509,1.);
#1496=VECTOR('',#9510,1.);
#1497=VECTOR('',#9511,1.);
#1498=VECTOR('',#9514,1.);
#1499=VECTOR('',#9515,1.);
#1500=VECTOR('',#9516,1.);
#1501=VECTOR('',#9519,1.);
#1502=VECTOR('',#9520,1.);
#1503=VECTOR('',#9521,1.);
#1504=VECTOR('',#9524,1.);
#1505=VECTOR('',#9525,1.);
#1506=VECTOR('',#9526,1.);
#1507=VECTOR('',#9529,1.);
#1508=VECTOR('',#9530,1.);
#1509=VECTOR('',#9531,1.);
#1510=VECTOR('',#9534,1.);
#1511=VECTOR('',#9535,1.);
#1512=VECTOR('',#9536,1.);
#1513=VECTOR('',#9539,1.);
#1514=VECTOR('',#9540,1.);
#1515=VECTOR('',#9541,1.);
#1516=VECTOR('',#9544,1.);
#1517=VECTOR('',#9545,1.);
#1518=VECTOR('',#9558,1.);
#1519=VECTOR('',#9561,1.);
#1520=VECTOR('',#9566,1.);
#1521=VECTOR('',#9567,1.);
#1522=VECTOR('',#9568,1.);
#1523=VECTOR('',#9571,1.);
#1524=VECTOR('',#9572,1.);
#1525=VECTOR('',#9573,1.);
#1526=VECTOR('',#9578,1.);
#1527=VECTOR('',#9581,1.);
#1528=VECTOR('',#9590,1.);
#1529=VECTOR('',#9593,1.);
#1530=VECTOR('',#9596,1.);
#1531=VECTOR('',#9599,1.);
#1532=VECTOR('',#9634,1.);
#1533=VECTOR('',#9637,1.);
#1534=VECTOR('',#9646,1.);
#1535=VECTOR('',#9649,1.);
#1536=VECTOR('',#9652,1.);
#1537=VECTOR('',#9655,1.);
#1538=VECTOR('',#9688,1.);
#1539=VECTOR('',#9691,1.);
#1540=VECTOR('',#9694,1.);
#1541=VECTOR('',#9697,1.);
#1542=VECTOR('',#9702,0.5);
#1543=VECTOR('',#9705,1.6);
#1544=VECTOR('',#9708,1.);
#1545=VECTOR('',#9709,1.);
#1546=VECTOR('',#9712,1.);
#1547=VECTOR('',#9715,1.);
#1548=VECTOR('',#9720,1.);
#1549=VECTOR('',#9721,1.);
#1550=VECTOR('',#9724,1.);
#1551=VECTOR('',#9727,1.);
#1552=VECTOR('',#9732,0.5);
#1553=VECTOR('',#9735,0.35);
#1554=VECTOR('',#9738,0.375);
#1555=VECTOR('',#9741,0.375);
#1556=VECTOR('',#9744,0.375);
#1557=VECTOR('',#9747,0.35);
#1558=VECTOR('',#9750,0.65);
#1559=VECTOR('',#9753,0.4);
#1560=VECTOR('',#9756,0.4);
#1561=VECTOR('',#9759,0.65);
#1562=VECTOR('',#9762,0.35);
#1563=VECTOR('',#9765,0.35);
#1564=VECTOR('',#9768,0.45);
#1565=VECTOR('',#9771,0.45);
#1566=VECTOR('',#9774,1.6);
#1567=CYLINDRICAL_SURFACE('',#7170,0.25);
#1568=CYLINDRICAL_SURFACE('',#7178,0.25);
#1569=CYLINDRICAL_SURFACE('',#7193,0.25);
#1570=CYLINDRICAL_SURFACE('',#7194,0.25);
#1571=CYLINDRICAL_SURFACE('',#7210,0.99);
#1572=CYLINDRICAL_SURFACE('',#7213,0.99);
#1573=CYLINDRICAL_SURFACE('',#7218,0.99);
#1574=CYLINDRICAL_SURFACE('',#7221,0.99);
#1575=CYLINDRICAL_SURFACE('',#7229,0.6);
#1576=CYLINDRICAL_SURFACE('',#7232,0.6);
#1577=CYLINDRICAL_SURFACE('',#7269,0.6);
#1578=CYLINDRICAL_SURFACE('',#7271,0.6);
#1579=CYLINDRICAL_SURFACE('',#7282,0.6);
#1580=CYLINDRICAL_SURFACE('',#7288,2.);
#1581=CYLINDRICAL_SURFACE('',#7290,2.);
#1582=CYLINDRICAL_SURFACE('',#7292,1.1);
#1583=CYLINDRICAL_SURFACE('',#7295,1.1);
#1584=CYLINDRICAL_SURFACE('',#7304,0.5);
#1585=CYLINDRICAL_SURFACE('',#7311,0.6);
#1586=CYLINDRICAL_SURFACE('',#7314,0.5);
#1587=CYLINDRICAL_SURFACE('',#7322,0.3);
#1588=CYLINDRICAL_SURFACE('',#7325,0.3);
#1589=CYLINDRICAL_SURFACE('',#7328,0.3);
#1590=CYLINDRICAL_SURFACE('',#7331,0.3);
#1591=CYLINDRICAL_SURFACE('',#7335,0.3);
#1592=CYLINDRICAL_SURFACE('',#7338,0.3);
#1593=CYLINDRICAL_SURFACE('',#7341,0.3);
#1594=CYLINDRICAL_SURFACE('',#7344,0.3);
#1595=CYLINDRICAL_SURFACE('',#7348,1.9);
#1596=CYLINDRICAL_SURFACE('',#7354,1.9);
#1597=CYLINDRICAL_SURFACE('',#7394,1.5);
#1598=CYLINDRICAL_SURFACE('',#7398,1.9);
#1599=CYLINDRICAL_SURFACE('',#7415,0.8);
#1600=CYLINDRICAL_SURFACE('',#7423,0.72);
#1601=CYLINDRICAL_SURFACE('',#7431,0.25);
#1602=CYLINDRICAL_SURFACE('',#7433,0.8);
#1603=CYLINDRICAL_SURFACE('',#7443,0.25);
#1604=CYLINDRICAL_SURFACE('',#7473,3.15);
#1605=CYLINDRICAL_SURFACE('',#7484,0.6);
#1606=CYLINDRICAL_SURFACE('',#7489,0.1);
#1607=CYLINDRICAL_SURFACE('',#7492,1.335464647121);
#1608=CYLINDRICAL_SURFACE('',#7497,1.635464647121);
#1609=CYLINDRICAL_SURFACE('',#7504,4.1);
#1610=CYLINDRICAL_SURFACE('',#7505,4.25);
#1611=CYLINDRICAL_SURFACE('',#7513,0.345138283016);
#1612=CYLINDRICAL_SURFACE('',#7522,1.25);
#1613=CYLINDRICAL_SURFACE('',#7533,2.);
#1614=CYLINDRICAL_SURFACE('',#7543,1.);
#1615=CYLINDRICAL_SURFACE('',#7549,0.6);
#1616=CYLINDRICAL_SURFACE('',#7550,1.133688218645);
#1617=CYLINDRICAL_SURFACE('',#7555,0.833688218645);
#1618=CYLINDRICAL_SURFACE('',#7561,0.885862193897);
#1619=CYLINDRICAL_SURFACE('',#7579,1.385862193897);
#1620=CYLINDRICAL_SURFACE('',#7583,1.);
#1621=CYLINDRICAL_SURFACE('',#7585,1.);
#1622=CYLINDRICAL_SURFACE('',#7587,1.120813093216);
#1623=CYLINDRICAL_SURFACE('',#7594,0.620813093216);
#1624=CYLINDRICAL_SURFACE('',#7603,1.);
#1625=CYLINDRICAL_SURFACE('',#7605,1.);
#1626=CYLINDRICAL_SURFACE('',#7610,2.415);
#1627=CYLINDRICAL_SURFACE('',#7633,13.);
#1628=CYLINDRICAL_SURFACE('',#7636,0.375);
#1629=CYLINDRICAL_SURFACE('',#7639,3.45);
#1630=CYLINDRICAL_SURFACE('',#7642,14.1);
#1631=CYLINDRICAL_SURFACE('',#7655,0.4);
#1632=CYLINDRICAL_SURFACE('',#7658,0.4);
#1633=CYLINDRICAL_SURFACE('',#7661,15.1);
#1634=CYLINDRICAL_SURFACE('',#7676,14.100000000003);
#1635=CYLINDRICAL_SURFACE('',#7681,14.099999999998);
#1636=CYLINDRICAL_SURFACE('',#7685,14.099999999995);
#1637=CYLINDRICAL_SURFACE('',#7719,3.000001172987);
#1638=CYLINDRICAL_SURFACE('',#7774,3.000001172987);
#1639=CYLINDRICAL_SURFACE('',#7775,3.000001172987);
#1640=CYLINDRICAL_SURFACE('',#7778,3.000001172987);
#1641=CYLINDRICAL_SURFACE('',#7779,0.5);
#1642=CYLINDRICAL_SURFACE('',#7780,1.6);
#1643=CYLINDRICAL_SURFACE('',#7781,0.5);
#1644=CYLINDRICAL_SURFACE('',#7783,0.5);
#1645=CYLINDRICAL_SURFACE('',#7785,0.5);
#1646=CYLINDRICAL_SURFACE('',#7787,0.5);
#1647=CYLINDRICAL_SURFACE('',#7789,0.5);
#1648=CYLINDRICAL_SURFACE('',#7790,0.35);
#1649=CYLINDRICAL_SURFACE('',#7791,0.375);
#1650=CYLINDRICAL_SURFACE('',#7792,0.375);
#1651=CYLINDRICAL_SURFACE('',#7793,0.375);
#1652=CYLINDRICAL_SURFACE('',#7794,0.35);
#1653=CYLINDRICAL_SURFACE('',#7795,0.65);
#1654=CYLINDRICAL_SURFACE('',#7796,0.4);
#1655=CYLINDRICAL_SURFACE('',#7797,0.4);
#1656=CYLINDRICAL_SURFACE('',#7798,0.65);
#1657=CYLINDRICAL_SURFACE('',#7799,0.35);
#1658=CYLINDRICAL_SURFACE('',#7800,0.35);
#1659=CYLINDRICAL_SURFACE('',#7801,0.45);
#1660=CYLINDRICAL_SURFACE('',#7802,0.45);
#1661=CYLINDRICAL_SURFACE('',#7803,1.6);
#1662=FACE_OUTER_BOUND('',#2038,.T.);
#1663=FACE_OUTER_BOUND('',#2039,.T.);
#1664=FACE_OUTER_BOUND('',#2040,.T.);
#1665=FACE_OUTER_BOUND('',#2041,.T.);
#1666=FACE_OUTER_BOUND('',#2042,.T.);
#1667=FACE_OUTER_BOUND('',#2043,.T.);
#1668=FACE_OUTER_BOUND('',#2044,.T.);
#1669=FACE_OUTER_BOUND('',#2045,.T.);
#1670=FACE_OUTER_BOUND('',#2046,.T.);
#1671=FACE_OUTER_BOUND('',#2047,.T.);
#1672=FACE_OUTER_BOUND('',#2048,.T.);
#1673=FACE_OUTER_BOUND('',#2049,.T.);
#1674=FACE_OUTER_BOUND('',#2050,.T.);
#1675=FACE_OUTER_BOUND('',#2051,.T.);
#1676=FACE_OUTER_BOUND('',#2052,.T.);
#1677=FACE_OUTER_BOUND('',#2053,.T.);
#1678=FACE_OUTER_BOUND('',#2054,.T.);
#1679=FACE_OUTER_BOUND('',#2055,.T.);
#1680=FACE_OUTER_BOUND('',#2056,.T.);
#1681=FACE_OUTER_BOUND('',#2057,.T.);
#1682=FACE_OUTER_BOUND('',#2058,.T.);
#1683=FACE_OUTER_BOUND('',#2059,.T.);
#1684=FACE_OUTER_BOUND('',#2060,.T.);
#1685=FACE_OUTER_BOUND('',#2061,.T.);
#1686=FACE_OUTER_BOUND('',#2062,.T.);
#1687=FACE_OUTER_BOUND('',#2063,.T.);
#1688=FACE_OUTER_BOUND('',#2064,.T.);
#1689=FACE_OUTER_BOUND('',#2065,.T.);
#1690=FACE_OUTER_BOUND('',#2066,.T.);
#1691=FACE_OUTER_BOUND('',#2067,.T.);
#1692=FACE_OUTER_BOUND('',#2068,.T.);
#1693=FACE_OUTER_BOUND('',#2069,.T.);
#1694=FACE_OUTER_BOUND('',#2070,.T.);
#1695=FACE_OUTER_BOUND('',#2073,.T.);
#1696=FACE_OUTER_BOUND('',#2074,.T.);
#1697=FACE_OUTER_BOUND('',#2075,.T.);
#1698=FACE_OUTER_BOUND('',#2076,.T.);
#1699=FACE_OUTER_BOUND('',#2077,.T.);
#1700=FACE_OUTER_BOUND('',#2078,.T.);
#1701=FACE_OUTER_BOUND('',#2079,.T.);
#1702=FACE_OUTER_BOUND('',#2082,.T.);
#1703=FACE_OUTER_BOUND('',#2083,.T.);
#1704=FACE_OUTER_BOUND('',#2084,.T.);
#1705=FACE_OUTER_BOUND('',#2085,.T.);
#1706=FACE_OUTER_BOUND('',#2087,.T.);
#1707=FACE_OUTER_BOUND('',#2088,.T.);
#1708=FACE_OUTER_BOUND('',#2089,.T.);
#1709=FACE_OUTER_BOUND('',#2090,.T.);
#1710=FACE_OUTER_BOUND('',#2091,.T.);
#1711=FACE_OUTER_BOUND('',#2092,.T.);
#1712=FACE_OUTER_BOUND('',#2094,.T.);
#1713=FACE_OUTER_BOUND('',#2095,.T.);
#1714=FACE_OUTER_BOUND('',#2096,.T.);
#1715=FACE_OUTER_BOUND('',#2097,.T.);
#1716=FACE_OUTER_BOUND('',#2098,.T.);
#1717=FACE_OUTER_BOUND('',#2099,.T.);
#1718=FACE_OUTER_BOUND('',#2100,.T.);
#1719=FACE_OUTER_BOUND('',#2101,.T.);
#1720=FACE_OUTER_BOUND('',#2102,.T.);
#1721=FACE_OUTER_BOUND('',#2103,.T.);
#1722=FACE_OUTER_BOUND('',#2104,.T.);
#1723=FACE_OUTER_BOUND('',#2105,.T.);
#1724=FACE_OUTER_BOUND('',#2106,.T.);
#1725=FACE_OUTER_BOUND('',#2107,.T.);
#1726=FACE_OUTER_BOUND('',#2108,.T.);
#1727=FACE_OUTER_BOUND('',#2109,.T.);
#1728=FACE_OUTER_BOUND('',#2110,.T.);
#1729=FACE_OUTER_BOUND('',#2111,.T.);
#1730=FACE_OUTER_BOUND('',#2112,.T.);
#1731=FACE_OUTER_BOUND('',#2113,.T.);
#1732=FACE_OUTER_BOUND('',#2114,.T.);
#1733=FACE_OUTER_BOUND('',#2115,.T.);
#1734=FACE_OUTER_BOUND('',#2116,.T.);
#1735=FACE_OUTER_BOUND('',#2117,.T.);
#1736=FACE_OUTER_BOUND('',#2118,.T.);
#1737=FACE_OUTER_BOUND('',#2119,.T.);
#1738=FACE_OUTER_BOUND('',#2120,.T.);
#1739=FACE_OUTER_BOUND('',#2122,.T.);
#1740=FACE_OUTER_BOUND('',#2123,.T.);
#1741=FACE_OUTER_BOUND('',#2124,.T.);
#1742=FACE_OUTER_BOUND('',#2126,.T.);
#1743=FACE_OUTER_BOUND('',#2127,.T.);
#1744=FACE_OUTER_BOUND('',#2128,.T.);
#1745=FACE_OUTER_BOUND('',#2129,.T.);
#1746=FACE_OUTER_BOUND('',#2130,.T.);
#1747=FACE_OUTER_BOUND('',#2132,.T.);
#1748=FACE_OUTER_BOUND('',#2134,.T.);
#1749=FACE_OUTER_BOUND('',#2135,.T.);
#1750=FACE_OUTER_BOUND('',#2136,.T.);
#1751=FACE_OUTER_BOUND('',#2137,.T.);
#1752=FACE_OUTER_BOUND('',#2138,.T.);
#1753=FACE_OUTER_BOUND('',#2139,.T.);
#1754=FACE_OUTER_BOUND('',#2140,.T.);
#1755=FACE_OUTER_BOUND('',#2141,.T.);
#1756=FACE_OUTER_BOUND('',#2142,.T.);
#1757=FACE_OUTER_BOUND('',#2143,.T.);
#1758=FACE_OUTER_BOUND('',#2144,.T.);
#1759=FACE_OUTER_BOUND('',#2145,.T.);
#1760=FACE_OUTER_BOUND('',#2146,.T.);
#1761=FACE_OUTER_BOUND('',#2147,.T.);
#1762=FACE_OUTER_BOUND('',#2148,.T.);
#1763=FACE_OUTER_BOUND('',#2149,.T.);
#1764=FACE_OUTER_BOUND('',#2150,.T.);
#1765=FACE_OUTER_BOUND('',#2151,.T.);
#1766=FACE_OUTER_BOUND('',#2152,.T.);
#1767=FACE_OUTER_BOUND('',#2153,.T.);
#1768=FACE_OUTER_BOUND('',#2154,.T.);
#1769=FACE_OUTER_BOUND('',#2155,.T.);
#1770=FACE_OUTER_BOUND('',#2156,.T.);
#1771=FACE_OUTER_BOUND('',#2157,.T.);
#1772=FACE_OUTER_BOUND('',#2158,.T.);
#1773=FACE_OUTER_BOUND('',#2159,.T.);
#1774=FACE_OUTER_BOUND('',#2160,.T.);
#1775=FACE_OUTER_BOUND('',#2161,.T.);
#1776=FACE_OUTER_BOUND('',#2162,.T.);
#1777=FACE_OUTER_BOUND('',#2163,.T.);
#1778=FACE_OUTER_BOUND('',#2164,.T.);
#1779=FACE_OUTER_BOUND('',#2165,.T.);
#1780=FACE_OUTER_BOUND('',#2166,.T.);
#1781=FACE_OUTER_BOUND('',#2167,.T.);
#1782=FACE_OUTER_BOUND('',#2168,.T.);
#1783=FACE_OUTER_BOUND('',#2169,.T.);
#1784=FACE_OUTER_BOUND('',#2170,.T.);
#1785=FACE_OUTER_BOUND('',#2171,.T.);
#1786=FACE_OUTER_BOUND('',#2172,.T.);
#1787=FACE_OUTER_BOUND('',#2173,.T.);
#1788=FACE_OUTER_BOUND('',#2174,.T.);
#1789=FACE_OUTER_BOUND('',#2175,.T.);
#1790=FACE_OUTER_BOUND('',#2176,.T.);
#1791=FACE_OUTER_BOUND('',#2177,.T.);
#1792=FACE_OUTER_BOUND('',#2178,.T.);
#1793=FACE_OUTER_BOUND('',#2179,.T.);
#1794=FACE_OUTER_BOUND('',#2180,.T.);
#1795=FACE_OUTER_BOUND('',#2181,.T.);
#1796=FACE_OUTER_BOUND('',#2182,.T.);
#1797=FACE_OUTER_BOUND('',#2183,.T.);
#1798=FACE_OUTER_BOUND('',#2184,.T.);
#1799=FACE_OUTER_BOUND('',#2185,.T.);
#1800=FACE_OUTER_BOUND('',#2186,.T.);
#1801=FACE_OUTER_BOUND('',#2187,.T.);
#1802=FACE_OUTER_BOUND('',#2188,.T.);
#1803=FACE_OUTER_BOUND('',#2189,.T.);
#1804=FACE_OUTER_BOUND('',#2192,.T.);
#1805=FACE_OUTER_BOUND('',#2193,.T.);
#1806=FACE_OUTER_BOUND('',#2194,.T.);
#1807=FACE_OUTER_BOUND('',#2195,.T.);
#1808=FACE_OUTER_BOUND('',#2196,.T.);
#1809=FACE_OUTER_BOUND('',#2197,.T.);
#1810=FACE_OUTER_BOUND('',#2198,.T.);
#1811=FACE_OUTER_BOUND('',#2199,.T.);
#1812=FACE_OUTER_BOUND('',#2200,.T.);
#1813=FACE_OUTER_BOUND('',#2201,.T.);
#1814=FACE_OUTER_BOUND('',#2202,.T.);
#1815=FACE_OUTER_BOUND('',#2203,.T.);
#1816=FACE_OUTER_BOUND('',#2204,.T.);
#1817=FACE_OUTER_BOUND('',#2206,.T.);
#1818=FACE_OUTER_BOUND('',#2208,.T.);
#1819=FACE_OUTER_BOUND('',#2209,.T.);
#1820=FACE_OUTER_BOUND('',#2210,.T.);
#1821=FACE_OUTER_BOUND('',#2212,.T.);
#1822=FACE_OUTER_BOUND('',#2213,.T.);
#1823=FACE_OUTER_BOUND('',#2214,.T.);
#1824=FACE_OUTER_BOUND('',#2215,.T.);
#1825=FACE_OUTER_BOUND('',#2216,.T.);
#1826=FACE_OUTER_BOUND('',#2218,.T.);
#1827=FACE_OUTER_BOUND('',#2219,.T.);
#1828=FACE_OUTER_BOUND('',#2220,.T.);
#1829=FACE_OUTER_BOUND('',#2221,.T.);
#1830=FACE_OUTER_BOUND('',#2223,.T.);
#1831=FACE_OUTER_BOUND('',#2224,.T.);
#1832=FACE_OUTER_BOUND('',#2225,.T.);
#1833=FACE_OUTER_BOUND('',#2226,.T.);
#1834=FACE_OUTER_BOUND('',#2228,.T.);
#1835=FACE_OUTER_BOUND('',#2229,.T.);
#1836=FACE_OUTER_BOUND('',#2230,.T.);
#1837=FACE_OUTER_BOUND('',#2231,.T.);
#1838=FACE_OUTER_BOUND('',#2232,.T.);
#1839=FACE_OUTER_BOUND('',#2233,.T.);
#1840=FACE_OUTER_BOUND('',#2234,.T.);
#1841=FACE_OUTER_BOUND('',#2235,.T.);
#1842=FACE_OUTER_BOUND('',#2236,.T.);
#1843=FACE_OUTER_BOUND('',#2237,.T.);
#1844=FACE_OUTER_BOUND('',#2238,.T.);
#1845=FACE_OUTER_BOUND('',#2239,.T.);
#1846=FACE_OUTER_BOUND('',#2240,.T.);
#1847=FACE_OUTER_BOUND('',#2241,.T.);
#1848=FACE_OUTER_BOUND('',#2242,.T.);
#1849=FACE_OUTER_BOUND('',#2243,.T.);
#1850=FACE_OUTER_BOUND('',#2244,.T.);
#1851=FACE_OUTER_BOUND('',#2245,.T.);
#1852=FACE_OUTER_BOUND('',#2246,.T.);
#1853=FACE_OUTER_BOUND('',#2247,.T.);
#1854=FACE_OUTER_BOUND('',#2248,.T.);
#1855=FACE_OUTER_BOUND('',#2249,.T.);
#1856=FACE_OUTER_BOUND('',#2250,.T.);
#1857=FACE_OUTER_BOUND('',#2251,.T.);
#1858=FACE_OUTER_BOUND('',#2252,.T.);
#1859=FACE_OUTER_BOUND('',#2253,.T.);
#1860=FACE_OUTER_BOUND('',#2254,.T.);
#1861=FACE_OUTER_BOUND('',#2255,.T.);
#1862=FACE_OUTER_BOUND('',#2256,.T.);
#1863=FACE_OUTER_BOUND('',#2257,.T.);
#1864=FACE_OUTER_BOUND('',#2258,.T.);
#1865=FACE_OUTER_BOUND('',#2259,.T.);
#1866=FACE_OUTER_BOUND('',#2260,.T.);
#1867=FACE_OUTER_BOUND('',#2261,.T.);
#1868=FACE_OUTER_BOUND('',#2262,.T.);
#1869=FACE_OUTER_BOUND('',#2263,.T.);
#1870=FACE_OUTER_BOUND('',#2265,.T.);
#1871=FACE_OUTER_BOUND('',#2266,.T.);
#1872=FACE_OUTER_BOUND('',#2267,.T.);
#1873=FACE_OUTER_BOUND('',#2268,.T.);
#1874=FACE_OUTER_BOUND('',#2269,.T.);
#1875=FACE_OUTER_BOUND('',#2270,.T.);
#1876=FACE_OUTER_BOUND('',#2271,.T.);
#1877=FACE_OUTER_BOUND('',#2272,.T.);
#1878=FACE_OUTER_BOUND('',#2274,.T.);
#1879=FACE_OUTER_BOUND('',#2275,.T.);
#1880=FACE_OUTER_BOUND('',#2277,.T.);
#1881=FACE_OUTER_BOUND('',#2278,.T.);
#1882=FACE_OUTER_BOUND('',#2279,.T.);
#1883=FACE_OUTER_BOUND('',#2280,.T.);
#1884=FACE_OUTER_BOUND('',#2281,.T.);
#1885=FACE_OUTER_BOUND('',#2282,.T.);
#1886=FACE_OUTER_BOUND('',#2283,.T.);
#1887=FACE_OUTER_BOUND('',#2284,.T.);
#1888=FACE_OUTER_BOUND('',#2285,.T.);
#1889=FACE_OUTER_BOUND('',#2286,.T.);
#1890=FACE_OUTER_BOUND('',#2287,.T.);
#1891=FACE_OUTER_BOUND('',#2288,.T.);
#1892=FACE_OUTER_BOUND('',#2289,.T.);
#1893=FACE_OUTER_BOUND('',#2290,.T.);
#1894=FACE_OUTER_BOUND('',#2291,.T.);
#1895=FACE_OUTER_BOUND('',#2292,.T.);
#1896=FACE_OUTER_BOUND('',#2293,.T.);
#1897=FACE_OUTER_BOUND('',#2294,.T.);
#1898=FACE_OUTER_BOUND('',#2295,.T.);
#1899=FACE_OUTER_BOUND('',#2296,.T.);
#1900=FACE_OUTER_BOUND('',#2297,.T.);
#1901=FACE_OUTER_BOUND('',#2298,.T.);
#1902=FACE_OUTER_BOUND('',#2299,.T.);
#1903=FACE_OUTER_BOUND('',#2300,.T.);
#1904=FACE_OUTER_BOUND('',#2301,.T.);
#1905=FACE_OUTER_BOUND('',#2302,.T.);
#1906=FACE_OUTER_BOUND('',#2303,.T.);
#1907=FACE_OUTER_BOUND('',#2304,.T.);
#1908=FACE_OUTER_BOUND('',#2305,.T.);
#1909=FACE_OUTER_BOUND('',#2306,.T.);
#1910=FACE_OUTER_BOUND('',#2307,.T.);
#1911=FACE_OUTER_BOUND('',#2308,.T.);
#1912=FACE_OUTER_BOUND('',#2309,.T.);
#1913=FACE_OUTER_BOUND('',#2310,.T.);
#1914=FACE_OUTER_BOUND('',#2311,.T.);
#1915=FACE_OUTER_BOUND('',#2312,.T.);
#1916=FACE_OUTER_BOUND('',#2313,.T.);
#1917=FACE_OUTER_BOUND('',#2314,.T.);
#1918=FACE_OUTER_BOUND('',#2315,.T.);
#1919=FACE_OUTER_BOUND('',#2316,.T.);
#1920=FACE_OUTER_BOUND('',#2317,.T.);
#1921=FACE_OUTER_BOUND('',#2318,.T.);
#1922=FACE_OUTER_BOUND('',#2319,.T.);
#1923=FACE_OUTER_BOUND('',#2320,.T.);
#1924=FACE_OUTER_BOUND('',#2321,.T.);
#1925=FACE_OUTER_BOUND('',#2322,.T.);
#1926=FACE_OUTER_BOUND('',#2323,.T.);
#1927=FACE_OUTER_BOUND('',#2324,.T.);
#1928=FACE_OUTER_BOUND('',#2325,.T.);
#1929=FACE_OUTER_BOUND('',#2326,.T.);
#1930=FACE_OUTER_BOUND('',#2327,.T.);
#1931=FACE_OUTER_BOUND('',#2328,.T.);
#1932=FACE_OUTER_BOUND('',#2329,.T.);
#1933=FACE_OUTER_BOUND('',#2330,.T.);
#1934=FACE_OUTER_BOUND('',#2331,.T.);
#1935=FACE_OUTER_BOUND('',#2332,.T.);
#1936=FACE_OUTER_BOUND('',#2333,.T.);
#1937=FACE_OUTER_BOUND('',#2334,.T.);
#1938=FACE_OUTER_BOUND('',#2338,.T.);
#1939=FACE_OUTER_BOUND('',#2339,.T.);
#1940=FACE_OUTER_BOUND('',#2340,.T.);
#1941=FACE_OUTER_BOUND('',#2341,.T.);
#1942=FACE_OUTER_BOUND('',#2342,.T.);
#1943=FACE_OUTER_BOUND('',#2343,.T.);
#1944=FACE_OUTER_BOUND('',#2344,.T.);
#1945=FACE_OUTER_BOUND('',#2345,.T.);
#1946=FACE_OUTER_BOUND('',#2346,.T.);
#1947=FACE_OUTER_BOUND('',#2347,.T.);
#1948=FACE_OUTER_BOUND('',#2348,.T.);
#1949=FACE_OUTER_BOUND('',#2349,.T.);
#1950=FACE_OUTER_BOUND('',#2350,.T.);
#1951=FACE_OUTER_BOUND('',#2351,.T.);
#1952=FACE_OUTER_BOUND('',#2352,.T.);
#1953=FACE_OUTER_BOUND('',#2353,.T.);
#1954=FACE_OUTER_BOUND('',#2354,.T.);
#1955=FACE_OUTER_BOUND('',#2355,.T.);
#1956=FACE_OUTER_BOUND('',#2356,.T.);
#1957=FACE_OUTER_BOUND('',#2357,.T.);
#1958=FACE_OUTER_BOUND('',#2358,.T.);
#1959=FACE_OUTER_BOUND('',#2359,.T.);
#1960=FACE_OUTER_BOUND('',#2360,.T.);
#1961=FACE_OUTER_BOUND('',#2361,.T.);
#1962=FACE_OUTER_BOUND('',#2362,.T.);
#1963=FACE_OUTER_BOUND('',#2363,.T.);
#1964=FACE_OUTER_BOUND('',#2365,.T.);
#1965=FACE_OUTER_BOUND('',#2366,.T.);
#1966=FACE_OUTER_BOUND('',#2367,.T.);
#1967=FACE_OUTER_BOUND('',#2368,.T.);
#1968=FACE_OUTER_BOUND('',#2369,.T.);
#1969=FACE_OUTER_BOUND('',#2370,.T.);
#1970=FACE_OUTER_BOUND('',#2371,.T.);
#1971=FACE_OUTER_BOUND('',#2372,.T.);
#1972=FACE_OUTER_BOUND('',#2373,.T.);
#1973=FACE_OUTER_BOUND('',#2374,.T.);
#1974=FACE_OUTER_BOUND('',#2375,.T.);
#1975=FACE_OUTER_BOUND('',#2376,.T.);
#1976=FACE_OUTER_BOUND('',#2377,.T.);
#1977=FACE_OUTER_BOUND('',#2378,.T.);
#1978=FACE_OUTER_BOUND('',#2379,.T.);
#1979=FACE_OUTER_BOUND('',#2380,.T.);
#1980=FACE_OUTER_BOUND('',#2381,.T.);
#1981=FACE_OUTER_BOUND('',#2384,.T.);
#1982=FACE_OUTER_BOUND('',#2385,.T.);
#1983=FACE_OUTER_BOUND('',#2386,.T.);
#1984=FACE_OUTER_BOUND('',#2387,.T.);
#1985=FACE_OUTER_BOUND('',#2388,.T.);
#1986=FACE_OUTER_BOUND('',#2389,.T.);
#1987=FACE_OUTER_BOUND('',#2390,.T.);
#1988=FACE_OUTER_BOUND('',#2391,.T.);
#1989=FACE_OUTER_BOUND('',#2392,.T.);
#1990=FACE_OUTER_BOUND('',#2393,.T.);
#1991=FACE_OUTER_BOUND('',#2394,.T.);
#1992=FACE_OUTER_BOUND('',#2395,.T.);
#1993=FACE_OUTER_BOUND('',#2396,.T.);
#1994=FACE_OUTER_BOUND('',#2397,.T.);
#1995=FACE_OUTER_BOUND('',#2398,.T.);
#1996=FACE_OUTER_BOUND('',#2399,.T.);
#1997=FACE_OUTER_BOUND('',#2400,.T.);
#1998=FACE_OUTER_BOUND('',#2401,.T.);
#1999=FACE_OUTER_BOUND('',#2402,.T.);
#2000=FACE_OUTER_BOUND('',#2403,.T.);
#2001=FACE_OUTER_BOUND('',#2404,.T.);
#2002=FACE_OUTER_BOUND('',#2407,.T.);
#2003=FACE_OUTER_BOUND('',#2412,.T.);
#2004=FACE_OUTER_BOUND('',#2413,.T.);
#2005=FACE_OUTER_BOUND('',#2414,.T.);
#2006=FACE_OUTER_BOUND('',#2415,.T.);
#2007=FACE_OUTER_BOUND('',#2435,.T.);
#2008=FACE_OUTER_BOUND('',#2455,.T.);
#2009=FACE_OUTER_BOUND('',#2456,.T.);
#2010=FACE_OUTER_BOUND('',#2457,.T.);
#2011=FACE_OUTER_BOUND('',#2458,.T.);
#2012=FACE_OUTER_BOUND('',#2459,.T.);
#2013=FACE_OUTER_BOUND('',#2460,.T.);
#2014=FACE_OUTER_BOUND('',#2461,.T.);
#2015=FACE_OUTER_BOUND('',#2462,.T.);
#2016=FACE_OUTER_BOUND('',#2463,.T.);
#2017=FACE_OUTER_BOUND('',#2464,.T.);
#2018=FACE_OUTER_BOUND('',#2465,.T.);
#2019=FACE_OUTER_BOUND('',#2466,.T.);
#2020=FACE_OUTER_BOUND('',#2467,.T.);
#2021=FACE_OUTER_BOUND('',#2468,.T.);
#2022=FACE_OUTER_BOUND('',#2469,.T.);
#2023=FACE_OUTER_BOUND('',#2470,.T.);
#2024=FACE_OUTER_BOUND('',#2471,.T.);
#2025=FACE_OUTER_BOUND('',#2472,.T.);
#2026=FACE_OUTER_BOUND('',#2473,.T.);
#2027=FACE_OUTER_BOUND('',#2474,.T.);
#2028=FACE_OUTER_BOUND('',#2475,.T.);
#2029=FACE_OUTER_BOUND('',#2476,.T.);
#2030=FACE_OUTER_BOUND('',#2477,.T.);
#2031=FACE_OUTER_BOUND('',#2478,.T.);
#2032=FACE_OUTER_BOUND('',#2479,.T.);
#2033=FACE_OUTER_BOUND('',#2480,.T.);
#2034=FACE_OUTER_BOUND('',#2481,.T.);
#2035=FACE_OUTER_BOUND('',#2482,.T.);
#2036=FACE_OUTER_BOUND('',#2483,.T.);
#2037=FACE_OUTER_BOUND('',#2484,.T.);
#2038=EDGE_LOOP('',(#4249));
#2039=EDGE_LOOP('',(#4250,#4251,#4252,#4253,#4254));
#2040=EDGE_LOOP('',(#4255,#4256,#4257,#4258,#4259,#4260,#4261));
#2041=EDGE_LOOP('',(#4262,#4263,#4264));
#2042=EDGE_LOOP('',(#4265,#4266,#4267,#4268,#4269,#4270,#4271,#4272,#4273));
#2043=EDGE_LOOP('',(#4274,#4275,#4276,#4277,#4278,#4279,#4280,#4281,#4282));
#2044=EDGE_LOOP('',(#4283,#4284,#4285,#4286,#4287,#4288,#4289));
#2045=EDGE_LOOP('',(#4290,#4291,#4292));
#2046=EDGE_LOOP('',(#4293,#4294,#4295,#4296,#4297));
#2047=EDGE_LOOP('',(#4298));
#2048=EDGE_LOOP('',(#4299,#4300,#4301,#4302,#4303,#4304,#4305,#4306,#4307,
#4308,#4309,#4310,#4311,#4312,#4313,#4314));
#2049=EDGE_LOOP('',(#4315,#4316,#4317,#4318,#4319,#4320,#4321,#4322,#4323,
#4324,#4325,#4326,#4327,#4328,#4329,#4330,#4331,#4332,#4333));
#2050=EDGE_LOOP('',(#4334,#4335,#4336,#4337,#4338,#4339));
#2051=EDGE_LOOP('',(#4340,#4341,#4342,#4343,#4344));
#2052=EDGE_LOOP('',(#4345,#4346,#4347,#4348));
#2053=EDGE_LOOP('',(#4349,#4350,#4351,#4352));
#2054=EDGE_LOOP('',(#4353,#4354,#4355,#4356));
#2055=EDGE_LOOP('',(#4357,#4358,#4359,#4360,#4361));
#2056=EDGE_LOOP('',(#4362,#4363,#4364,#4365,#4366,#4367,#4368,#4369));
#2057=EDGE_LOOP('',(#4370,#4371,#4372,#4373,#4374));
#2058=EDGE_LOOP('',(#4375,#4376,#4377,#4378));
#2059=EDGE_LOOP('',(#4379,#4380,#4381,#4382));
#2060=EDGE_LOOP('',(#4383,#4384,#4385,#4386));
#2061=EDGE_LOOP('',(#4387,#4388,#4389,#4390,#4391));
#2062=EDGE_LOOP('',(#4392,#4393,#4394,#4395,#4396,#4397));
#2063=EDGE_LOOP('',(#4398,#4399,#4400,#4401,#4402,#4403,#4404,#4405,#4406,
#4407,#4408,#4409,#4410,#4411,#4412,#4413,#4414,#4415,#4416));
#2064=EDGE_LOOP('',(#4417,#4418,#4419,#4420,#4421,#4422,#4423,#4424));
#2065=EDGE_LOOP('',(#4425,#4426,#4427,#4428));
#2066=EDGE_LOOP('',(#4429,#4430,#4431,#4432));
#2067=EDGE_LOOP('',(#4433,#4434,#4435,#4436));
#2068=EDGE_LOOP('',(#4437,#4438,#4439,#4440,#4441,#4442,#4443,#4444,#4445,
#4446,#4447,#4448));
#2069=EDGE_LOOP('',(#4449,#4450,#4451,#4452));
#2070=EDGE_LOOP('',(#4453,#4454,#4455,#4456,#4457,#4458,#4459,#4460,#4461,
#4462,#4463,#4464,#4465,#4466,#4467,#4468,#4469,#4470,#4471,#4472));
#2071=EDGE_LOOP('',(#4473));
#2072=EDGE_LOOP('',(#4474));
#2073=EDGE_LOOP('',(#4475,#4476,#4477,#4478));
#2074=EDGE_LOOP('',(#4479,#4480,#4481,#4482));
#2075=EDGE_LOOP('',(#4483,#4484,#4485,#4486));
#2076=EDGE_LOOP('',(#4487,#4488,#4489,#4490));
#2077=EDGE_LOOP('',(#4491,#4492,#4493,#4494));
#2078=EDGE_LOOP('',(#4495,#4496,#4497,#4498));
#2079=EDGE_LOOP('',(#4499,#4500,#4501,#4502,#4503,#4504,#4505,#4506));
#2080=EDGE_LOOP('',(#4507));
#2081=EDGE_LOOP('',(#4508));
#2082=EDGE_LOOP('',(#4509,#4510,#4511,#4512));
#2083=EDGE_LOOP('',(#4513,#4514,#4515,#4516,#4517,#4518,#4519,#4520,#4521,
#4522));
#2084=EDGE_LOOP('',(#4523,#4524,#4525,#4526));
#2085=EDGE_LOOP('',(#4527,#4528,#4529,#4530,#4531,#4532));
#2086=EDGE_LOOP('',(#4533));
#2087=EDGE_LOOP('',(#4534,#4535,#4536,#4537));
#2088=EDGE_LOOP('',(#4538,#4539,#4540,#4541));
#2089=EDGE_LOOP('',(#4542,#4543,#4544,#4545,#4546,#4547,#4548,#4549,#4550,
#4551));
#2090=EDGE_LOOP('',(#4552,#4553,#4554,#4555));
#2091=EDGE_LOOP('',(#4556,#4557,#4558,#4559,#4560,#4561,#4562,#4563,#4564,
#4565));
#2092=EDGE_LOOP('',(#4566,#4567,#4568,#4569,#4570,#4571));
#2093=EDGE_LOOP('',(#4572));
#2094=EDGE_LOOP('',(#4573,#4574,#4575,#4576));
#2095=EDGE_LOOP('',(#4577,#4578,#4579,#4580));
#2096=EDGE_LOOP('',(#4581,#4582,#4583,#4584,#4585,#4586,#4587,#4588,#4589,
#4590));
#2097=EDGE_LOOP('',(#4591,#4592,#4593,#4594));
#2098=EDGE_LOOP('',(#4595,#4596,#4597,#4598));
#2099=EDGE_LOOP('',(#4599,#4600,#4601,#4602));
#2100=EDGE_LOOP('',(#4603,#4604,#4605,#4606));
#2101=EDGE_LOOP('',(#4607,#4608,#4609,#4610));
#2102=EDGE_LOOP('',(#4611,#4612,#4613,#4614));
#2103=EDGE_LOOP('',(#4615,#4616,#4617,#4618));
#2104=EDGE_LOOP('',(#4619,#4620,#4621,#4622));
#2105=EDGE_LOOP('',(#4623,#4624,#4625,#4626));
#2106=EDGE_LOOP('',(#4627,#4628,#4629));
#2107=EDGE_LOOP('',(#4630,#4631,#4632,#4633));
#2108=EDGE_LOOP('',(#4634,#4635,#4636));
#2109=EDGE_LOOP('',(#4637,#4638,#4639,#4640));
#2110=EDGE_LOOP('',(#4641,#4642,#4643,#4644));
#2111=EDGE_LOOP('',(#4645,#4646,#4647,#4648));
#2112=EDGE_LOOP('',(#4649,#4650,#4651,#4652));
#2113=EDGE_LOOP('',(#4653,#4654,#4655,#4656));
#2114=EDGE_LOOP('',(#4657,#4658,#4659,#4660));
#2115=EDGE_LOOP('',(#4661,#4662,#4663,#4664));
#2116=EDGE_LOOP('',(#4665,#4666,#4667,#4668));
#2117=EDGE_LOOP('',(#4669,#4670,#4671,#4672));
#2118=EDGE_LOOP('',(#4673,#4674,#4675,#4676,#4677));
#2119=EDGE_LOOP('',(#4678,#4679,#4680,#4681,#4682));
#2120=EDGE_LOOP('',(#4683,#4684,#4685,#4686,#4687,#4688));
#2121=EDGE_LOOP('',(#4689,#4690,#4691,#4692,#4693,#4694,#4695,#4696));
#2122=EDGE_LOOP('',(#4697,#4698,#4699,#4700));
#2123=EDGE_LOOP('',(#4701,#4702,#4703,#4704));
#2124=EDGE_LOOP('',(#4705,#4706,#4707,#4708,#4709,#4710));
#2125=EDGE_LOOP('',(#4711,#4712,#4713,#4714,#4715,#4716,#4717,#4718));
#2126=EDGE_LOOP('',(#4719,#4720,#4721,#4722));
#2127=EDGE_LOOP('',(#4723,#4724,#4725,#4726));
#2128=EDGE_LOOP('',(#4727,#4728,#4729,#4730));
#2129=EDGE_LOOP('',(#4731,#4732,#4733,#4734));
#2130=EDGE_LOOP('',(#4735));
#2131=EDGE_LOOP('',(#4736));
#2132=EDGE_LOOP('',(#4737));
#2133=EDGE_LOOP('',(#4738));
#2134=EDGE_LOOP('',(#4739,#4740));
#2135=EDGE_LOOP('',(#4741,#4742));
#2136=EDGE_LOOP('',(#4743,#4744,#4745,#4746));
#2137=EDGE_LOOP('',(#4747,#4748,#4749,#4750));
#2138=EDGE_LOOP('',(#4751,#4752,#4753,#4754));
#2139=EDGE_LOOP('',(#4755,#4756,#4757,#4758,#4759));
#2140=EDGE_LOOP('',(#4760,#4761,#4762,#4763));
#2141=EDGE_LOOP('',(#4764,#4765,#4766,#4767));
#2142=EDGE_LOOP('',(#4768,#4769,#4770,#4771));
#2143=EDGE_LOOP('',(#4772,#4773,#4774,#4775));
#2144=EDGE_LOOP('',(#4776));
#2145=EDGE_LOOP('',(#4777,#4778,#4779,#4780));
#2146=EDGE_LOOP('',(#4781,#4782,#4783,#4784));
#2147=EDGE_LOOP('',(#4785,#4786,#4787,#4788));
#2148=EDGE_LOOP('',(#4789,#4790,#4791,#4792,#4793));
#2149=EDGE_LOOP('',(#4794,#4795,#4796,#4797));
#2150=EDGE_LOOP('',(#4798,#4799,#4800,#4801));
#2151=EDGE_LOOP('',(#4802,#4803,#4804,#4805));
#2152=EDGE_LOOP('',(#4806,#4807,#4808,#4809));
#2153=EDGE_LOOP('',(#4810));
#2154=EDGE_LOOP('',(#4811,#4812,#4813,#4814,#4815,#4816,#4817,#4818,#4819,
#4820,#4821,#4822));
#2155=EDGE_LOOP('',(#4823,#4824,#4825,#4826,#4827,#4828,#4829,#4830,#4831,
#4832,#4833,#4834));
#2156=EDGE_LOOP('',(#4835,#4836,#4837,#4838,#4839,#4840,#4841,#4842,#4843));
#2157=EDGE_LOOP('',(#4844,#4845,#4846,#4847,#4848,#4849,#4850,#4851,#4852));
#2158=EDGE_LOOP('',(#4853,#4854,#4855,#4856,#4857,#4858));
#2159=EDGE_LOOP('',(#4859,#4860,#4861,#4862));
#2160=EDGE_LOOP('',(#4863,#4864,#4865,#4866,#4867,#4868,#4869,#4870,#4871,
#4872,#4873,#4874));
#2161=EDGE_LOOP('',(#4875,#4876,#4877,#4878));
#2162=EDGE_LOOP('',(#4879,#4880,#4881,#4882,#4883,#4884,#4885));
#2163=EDGE_LOOP('',(#4886,#4887,#4888,#4889));
#2164=EDGE_LOOP('',(#4890,#4891,#4892,#4893));
#2165=EDGE_LOOP('',(#4894,#4895,#4896,#4897,#4898,#4899));
#2166=EDGE_LOOP('',(#4900,#4901,#4902,#4903));
#2167=EDGE_LOOP('',(#4904,#4905,#4906,#4907,#4908,#4909,#4910,#4911,#4912,
#4913,#4914,#4915));
#2168=EDGE_LOOP('',(#4916,#4917,#4918,#4919));
#2169=EDGE_LOOP('',(#4920,#4921,#4922,#4923,#4924,#4925,#4926));
#2170=EDGE_LOOP('',(#4927,#4928,#4929,#4930));
#2171=EDGE_LOOP('',(#4931,#4932,#4933,#4934));
#2172=EDGE_LOOP('',(#4935,#4936,#4937,#4938));
#2173=EDGE_LOOP('',(#4939,#4940,#4941,#4942));
#2174=EDGE_LOOP('',(#4943,#4944,#4945,#4946));
#2175=EDGE_LOOP('',(#4947,#4948,#4949,#4950));
#2176=EDGE_LOOP('',(#4951,#4952,#4953,#4954));
#2177=EDGE_LOOP('',(#4955,#4956,#4957,#4958));
#2178=EDGE_LOOP('',(#4959,#4960,#4961,#4962));
#2179=EDGE_LOOP('',(#4963,#4964,#4965,#4966));
#2180=EDGE_LOOP('',(#4967,#4968,#4969,#4970));
#2181=EDGE_LOOP('',(#4971,#4972,#4973,#4974));
#2182=EDGE_LOOP('',(#4975,#4976,#4977,#4978));
#2183=EDGE_LOOP('',(#4979,#4980,#4981,#4982));
#2184=EDGE_LOOP('',(#4983,#4984,#4985));
#2185=EDGE_LOOP('',(#4986,#4987,#4988,#4989));
#2186=EDGE_LOOP('',(#4990,#4991,#4992,#4993));
#2187=EDGE_LOOP('',(#4994,#4995,#4996,#4997));
#2188=EDGE_LOOP('',(#4998,#4999,#5000,#5001,#5002));
#2189=EDGE_LOOP('',(#5003,#5004));
#2190=EDGE_LOOP('',(#5005,#5006,#5007,#5008));
#2191=EDGE_LOOP('',(#5009,#5010,#5011,#5012));
#2192=EDGE_LOOP('',(#5013,#5014,#5015,#5016));
#2193=EDGE_LOOP('',(#5017,#5018,#5019,#5020));
#2194=EDGE_LOOP('',(#5021,#5022,#5023,#5024));
#2195=EDGE_LOOP('',(#5025,#5026,#5027,#5028));
#2196=EDGE_LOOP('',(#5029,#5030,#5031,#5032));
#2197=EDGE_LOOP('',(#5033,#5034,#5035,#5036));
#2198=EDGE_LOOP('',(#5037,#5038,#5039,#5040));
#2199=EDGE_LOOP('',(#5041,#5042,#5043,#5044));
#2200=EDGE_LOOP('',(#5045,#5046,#5047,#5048));
#2201=EDGE_LOOP('',(#5049,#5050,#5051,#5052));
#2202=EDGE_LOOP('',(#5053,#5054,#5055,#5056));
#2203=EDGE_LOOP('',(#5057,#5058,#5059,#5060));
#2204=EDGE_LOOP('',(#5061));
#2205=EDGE_LOOP('',(#5062));
#2206=EDGE_LOOP('',(#5063));
#2207=EDGE_LOOP('',(#5064));
#2208=EDGE_LOOP('',(#5065,#5066,#5067,#5068));
#2209=EDGE_LOOP('',(#5069,#5070,#5071,#5072,#5073));
#2210=EDGE_LOOP('',(#5074));
#2211=EDGE_LOOP('',(#5075));
#2212=EDGE_LOOP('',(#5076,#5077,#5078,#5079,#5080));
#2213=EDGE_LOOP('',(#5081,#5082,#5083,#5084));
#2214=EDGE_LOOP('',(#5085));
#2215=EDGE_LOOP('',(#5086,#5087,#5088,#5089));
#2216=EDGE_LOOP('',(#5090));
#2217=EDGE_LOOP('',(#5091));
#2218=EDGE_LOOP('',(#5092,#5093,#5094,#5095,#5096));
#2219=EDGE_LOOP('',(#5097,#5098,#5099,#5100,#5101));
#2220=EDGE_LOOP('',(#5102));
#2221=EDGE_LOOP('',(#5103,#5104,#5105,#5106,#5107,#5108,#5109));
#2222=EDGE_LOOP('',(#5110,#5111,#5112,#5113));
#2223=EDGE_LOOP('',(#5114,#5115,#5116,#5117,#5118));
#2224=EDGE_LOOP('',(#5119,#5120,#5121,#5122,#5123,#5124));
#2225=EDGE_LOOP('',(#5125,#5126,#5127,#5128,#5129));
#2226=EDGE_LOOP('',(#5130,#5131,#5132,#5133));
#2227=EDGE_LOOP('',(#5134));
#2228=EDGE_LOOP('',(#5135,#5136,#5137,#5138,#5139));
#2229=EDGE_LOOP('',(#5140,#5141,#5142,#5143,#5144,#5145,#5146,#5147,#5148,
#5149));
#2230=EDGE_LOOP('',(#5150,#5151,#5152,#5153,#5154));
#2231=EDGE_LOOP('',(#5155,#5156,#5157,#5158));
#2232=EDGE_LOOP('',(#5159,#5160,#5161,#5162));
#2233=EDGE_LOOP('',(#5163,#5164,#5165,#5166));
#2234=EDGE_LOOP('',(#5167,#5168,#5169,#5170));
#2235=EDGE_LOOP('',(#5171,#5172,#5173,#5174,#5175,#5176));
#2236=EDGE_LOOP('',(#5177,#5178,#5179,#5180));
#2237=EDGE_LOOP('',(#5181,#5182,#5183,#5184));
#2238=EDGE_LOOP('',(#5185,#5186,#5187,#5188));
#2239=EDGE_LOOP('',(#5189,#5190,#5191,#5192,#5193,#5194));
#2240=EDGE_LOOP('',(#5195,#5196,#5197,#5198));
#2241=EDGE_LOOP('',(#5199,#5200,#5201,#5202,#5203));
#2242=EDGE_LOOP('',(#5204,#5205,#5206,#5207,#5208,#5209,#5210,#5211,#5212,
#5213));
#2243=EDGE_LOOP('',(#5214,#5215,#5216,#5217));
#2244=EDGE_LOOP('',(#5218,#5219,#5220,#5221,#5222,#5223,#5224,#5225,#5226,
#5227));
#2245=EDGE_LOOP('',(#5228,#5229,#5230,#5231));
#2246=EDGE_LOOP('',(#5232,#5233,#5234,#5235,#5236,#5237));
#2247=EDGE_LOOP('',(#5238,#5239,#5240,#5241,#5242,#5243));
#2248=EDGE_LOOP('',(#5244,#5245,#5246,#5247,#5248,#5249));
#2249=EDGE_LOOP('',(#5250,#5251,#5252,#5253,#5254,#5255));
#2250=EDGE_LOOP('',(#5256,#5257,#5258,#5259));
#2251=EDGE_LOOP('',(#5260,#5261,#5262,#5263));
#2252=EDGE_LOOP('',(#5264,#5265,#5266,#5267));
#2253=EDGE_LOOP('',(#5268,#5269,#5270,#5271));
#2254=EDGE_LOOP('',(#5272,#5273,#5274,#5275));
#2255=EDGE_LOOP('',(#5276,#5277,#5278,#5279));
#2256=EDGE_LOOP('',(#5280,#5281,#5282,#5283,#5284,#5285,#5286,#5287,#5288,
#5289));
#2257=EDGE_LOOP('',(#5290,#5291,#5292,#5293));
#2258=EDGE_LOOP('',(#5294,#5295,#5296,#5297));
#2259=EDGE_LOOP('',(#5298,#5299,#5300,#5301,#5302));
#2260=EDGE_LOOP('',(#5303,#5304,#5305,#5306,#5307));
#2261=EDGE_LOOP('',(#5308,#5309,#5310,#5311,#5312,#5313));
#2262=EDGE_LOOP('',(#5314,#5315,#5316,#5317,#5318));
#2263=EDGE_LOOP('',(#5319,#5320,#5321));
#2264=EDGE_LOOP('',(#5322));
#2265=EDGE_LOOP('',(#5323,#5324,#5325,#5326));
#2266=EDGE_LOOP('',(#5327,#5328,#5329,#5330));
#2267=EDGE_LOOP('',(#5331,#5332));
#2268=EDGE_LOOP('',(#5333,#5334,#5335,#5336,#5337));
#2269=EDGE_LOOP('',(#5338,#5339,#5340,#5341));
#2270=EDGE_LOOP('',(#5342,#5343,#5344,#5345,#5346,#5347,#5348,#5349));
#2271=EDGE_LOOP('',(#5350,#5351,#5352,#5353));
#2272=EDGE_LOOP('',(#5354,#5355,#5356,#5357));
#2273=EDGE_LOOP('',(#5358));
#2274=EDGE_LOOP('',(#5359,#5360,#5361,#5362));
#2275=EDGE_LOOP('',(#5363,#5364,#5365,#5366));
#2276=EDGE_LOOP('',(#5367));
#2277=EDGE_LOOP('',(#5368,#5369,#5370,#5371));
#2278=EDGE_LOOP('',(#5372,#5373,#5374,#5375));
#2279=EDGE_LOOP('',(#5376,#5377,#5378,#5379));
#2280=EDGE_LOOP('',(#5380,#5381,#5382,#5383));
#2281=EDGE_LOOP('',(#5384,#5385,#5386,#5387));
#2282=EDGE_LOOP('',(#5388,#5389,#5390,#5391,#5392));
#2283=EDGE_LOOP('',(#5393,#5394,#5395,#5396,#5397));
#2284=EDGE_LOOP('',(#5398,#5399,#5400,#5401));
#2285=EDGE_LOOP('',(#5402,#5403,#5404,#5405,#5406));
#2286=EDGE_LOOP('',(#5407,#5408,#5409,#5410,#5411));
#2287=EDGE_LOOP('',(#5412,#5413,#5414,#5415,#5416,#5417,#5418,#5419,#5420,
#5421));
#2288=EDGE_LOOP('',(#5422,#5423,#5424,#5425));
#2289=EDGE_LOOP('',(#5426,#5427,#5428,#5429));
#2290=EDGE_LOOP('',(#5430,#5431,#5432,#5433));
#2291=EDGE_LOOP('',(#5434,#5435));
#2292=EDGE_LOOP('',(#5436,#5437,#5438,#5439));
#2293=EDGE_LOOP('',(#5440,#5441,#5442,#5443));
#2294=EDGE_LOOP('',(#5444,#5445,#5446,#5447));
#2295=EDGE_LOOP('',(#5448,#5449,#5450,#5451));
#2296=EDGE_LOOP('',(#5452,#5453,#5454,#5455));
#2297=EDGE_LOOP('',(#5456,#5457,#5458,#5459));
#2298=EDGE_LOOP('',(#5460,#5461,#5462,#5463));
#2299=EDGE_LOOP('',(#5464,#5465,#5466,#5467));
#2300=EDGE_LOOP('',(#5468,#5469,#5470,#5471));
#2301=EDGE_LOOP('',(#5472,#5473,#5474,#5475));
#2302=EDGE_LOOP('',(#5476,#5477,#5478,#5479,#5480,#5481,#5482,#5483));
#2303=EDGE_LOOP('',(#5484,#5485,#5486,#5487));
#2304=EDGE_LOOP('',(#5488,#5489,#5490,#5491));
#2305=EDGE_LOOP('',(#5492,#5493,#5494,#5495));
#2306=EDGE_LOOP('',(#5496,#5497,#5498));
#2307=EDGE_LOOP('',(#5499,#5500,#5501,#5502));
#2308=EDGE_LOOP('',(#5503,#5504,#5505,#5506,#5507,#5508));
#2309=EDGE_LOOP('',(#5509,#5510,#5511,#5512));
#2310=EDGE_LOOP('',(#5513,#5514,#5515,#5516,#5517,#5518));
#2311=EDGE_LOOP('',(#5519,#5520,#5521,#5522));
#2312=EDGE_LOOP('',(#5523,#5524,#5525,#5526));
#2313=EDGE_LOOP('',(#5527,#5528,#5529,#5530));
#2314=EDGE_LOOP('',(#5531,#5532,#5533,#5534));
#2315=EDGE_LOOP('',(#5535,#5536,#5537,#5538));
#2316=EDGE_LOOP('',(#5539,#5540,#5541,#5542));
#2317=EDGE_LOOP('',(#5543,#5544,#5545,#5546));
#2318=EDGE_LOOP('',(#5547,#5548,#5549,#5550));
#2319=EDGE_LOOP('',(#5551,#5552,#5553,#5554));
#2320=EDGE_LOOP('',(#5555,#5556,#5557,#5558));
#2321=EDGE_LOOP('',(#5559,#5560,#5561,#5562));
#2322=EDGE_LOOP('',(#5563,#5564,#5565,#5566));
#2323=EDGE_LOOP('',(#5567,#5568,#5569,#5570));
#2324=EDGE_LOOP('',(#5571,#5572,#5573,#5574));
#2325=EDGE_LOOP('',(#5575,#5576,#5577,#5578,#5579,#5580));
#2326=EDGE_LOOP('',(#5581,#5582,#5583,#5584));
#2327=EDGE_LOOP('',(#5585,#5586,#5587,#5588));
#2328=EDGE_LOOP('',(#5589,#5590,#5591,#5592,#5593,#5594));
#2329=EDGE_LOOP('',(#5595,#5596,#5597,#5598));
#2330=EDGE_LOOP('',(#5599,#5600,#5601,#5602));
#2331=EDGE_LOOP('',(#5603,#5604,#5605,#5606));
#2332=EDGE_LOOP('',(#5607,#5608,#5609,#5610));
#2333=EDGE_LOOP('',(#5611,#5612,#5613,#5614));
#2334=EDGE_LOOP('',(#5615,#5616));
#2335=EDGE_LOOP('',(#5617,#5618,#5619,#5620));
#2336=EDGE_LOOP('',(#5621,#5622,#5623,#5624));
#2337=EDGE_LOOP('',(#5625,#5626,#5627,#5628));
#2338=EDGE_LOOP('',(#5629,#5630));
#2339=EDGE_LOOP('',(#5631,#5632,#5633,#5634));
#2340=EDGE_LOOP('',(#5635,#5636,#5637,#5638));
#2341=EDGE_LOOP('',(#5639,#5640,#5641,#5642));
#2342=EDGE_LOOP('',(#5643,#5644,#5645,#5646));
#2343=EDGE_LOOP('',(#5647,#5648,#5649,#5650));
#2344=EDGE_LOOP('',(#5651,#5652,#5653,#5654));
#2345=EDGE_LOOP('',(#5655,#5656,#5657,#5658));
#2346=EDGE_LOOP('',(#5659,#5660,#5661,#5662));
#2347=EDGE_LOOP('',(#5663,#5664,#5665,#5666));
#2348=EDGE_LOOP('',(#5667,#5668,#5669,#5670));
#2349=EDGE_LOOP('',(#5671,#5672,#5673,#5674));
#2350=EDGE_LOOP('',(#5675,#5676,#5677,#5678));
#2351=EDGE_LOOP('',(#5679,#5680,#5681,#5682));
#2352=EDGE_LOOP('',(#5683,#5684,#5685,#5686));
#2353=EDGE_LOOP('',(#5687,#5688,#5689,#5690));
#2354=EDGE_LOOP('',(#5691,#5692,#5693,#5694));
#2355=EDGE_LOOP('',(#5695,#5696,#5697,#5698));
#2356=EDGE_LOOP('',(#5699,#5700,#5701,#5702));
#2357=EDGE_LOOP('',(#5703,#5704,#5705,#5706));
#2358=EDGE_LOOP('',(#5707,#5708,#5709,#5710,#5711,#5712,#5713,#5714,#5715,
#5716));
#2359=EDGE_LOOP('',(#5717,#5718,#5719,#5720));
#2360=EDGE_LOOP('',(#5721,#5722,#5723,#5724));
#2361=EDGE_LOOP('',(#5725,#5726,#5727,#5728,#5729,#5730,#5731,#5732,#5733,
#5734,#5735,#5736,#5737,#5738,#5739,#5740,#5741));
#2362=EDGE_LOOP('',(#5742,#5743,#5744,#5745,#5746));
#2363=EDGE_LOOP('',(#5747));
#2364=EDGE_LOOP('',(#5748));
#2365=EDGE_LOOP('',(#5749,#5750,#5751,#5752));
#2366=EDGE_LOOP('',(#5753,#5754,#5755,#5756));
#2367=EDGE_LOOP('',(#5757,#5758,#5759,#5760));
#2368=EDGE_LOOP('',(#5761,#5762,#5763,#5764));
#2369=EDGE_LOOP('',(#5765,#5766,#5767,#5768));
#2370=EDGE_LOOP('',(#5769,#5770,#5771,#5772));
#2371=EDGE_LOOP('',(#5773,#5774,#5775,#5776));
#2372=EDGE_LOOP('',(#5777,#5778,#5779,#5780));
#2373=EDGE_LOOP('',(#5781,#5782,#5783,#5784));
#2374=EDGE_LOOP('',(#5785,#5786,#5787,#5788));
#2375=EDGE_LOOP('',(#5789,#5790,#5791,#5792));
#2376=EDGE_LOOP('',(#5793,#5794,#5795,#5796,#5797));
#2377=EDGE_LOOP('',(#5798,#5799,#5800,#5801));
#2378=EDGE_LOOP('',(#5802,#5803,#5804,#5805));
#2379=EDGE_LOOP('',(#5806));
#2380=EDGE_LOOP('',(#5807));
#2381=EDGE_LOOP('',(#5808));
#2382=EDGE_LOOP('',(#5809));
#2383=EDGE_LOOP('',(#5810));
#2384=EDGE_LOOP('',(#5811));
#2385=EDGE_LOOP('',(#5812,#5813,#5814,#5815,#5816));
#2386=EDGE_LOOP('',(#5817,#5818,#5819,#5820));
#2387=EDGE_LOOP('',(#5821,#5822,#5823,#5824));
#2388=EDGE_LOOP('',(#5825,#5826,#5827,#5828));
#2389=EDGE_LOOP('',(#5829,#5830,#5831,#5832));
#2390=EDGE_LOOP('',(#5833,#5834,#5835,#5836));
#2391=EDGE_LOOP('',(#5837,#5838,#5839,#5840));
#2392=EDGE_LOOP('',(#5841,#5842,#5843,#5844));
#2393=EDGE_LOOP('',(#5845,#5846,#5847,#5848));
#2394=EDGE_LOOP('',(#5849,#5850,#5851,#5852));
#2395=EDGE_LOOP('',(#5853,#5854,#5855,#5856));
#2396=EDGE_LOOP('',(#5857,#5858,#5859,#5860));
#2397=EDGE_LOOP('',(#5861,#5862,#5863,#5864));
#2398=EDGE_LOOP('',(#5865,#5866,#5867,#5868));
#2399=EDGE_LOOP('',(#5869,#5870,#5871,#5872));
#2400=EDGE_LOOP('',(#5873,#5874,#5875,#5876));
#2401=EDGE_LOOP('',(#5877,#5878,#5879,#5880));
#2402=EDGE_LOOP('',(#5881,#5882,#5883,#5884));
#2403=EDGE_LOOP('',(#5885,#5886,#5887,#5888,#5889,#5890,#5891,#5892,#5893,
#5894,#5895,#5896));
#2404=EDGE_LOOP('',(#5897));
#2405=EDGE_LOOP('',(#5898));
#2406=EDGE_LOOP('',(#5899));
#2407=EDGE_LOOP('',(#5900));
#2408=EDGE_LOOP('',(#5901));
#2409=EDGE_LOOP('',(#5902,#5903,#5904,#5905,#5906,#5907,#5908,#5909,#5910,
#5911,#5912,#5913));
#2410=EDGE_LOOP('',(#5914,#5915,#5916,#5917));
#2411=EDGE_LOOP('',(#5918));
#2412=EDGE_LOOP('',(#5919,#5920,#5921,#5922));
#2413=EDGE_LOOP('',(#5923,#5924,#5925,#5926));
#2414=EDGE_LOOP('',(#5927,#5928,#5929,#5930));
#2415=EDGE_LOOP('',(#5931,#5932,#5933,#5934,#5935,#5936,#5937,#5938));
#2416=EDGE_LOOP('',(#5939));
#2417=EDGE_LOOP('',(#5940));
#2418=EDGE_LOOP('',(#5941,#5942,#5943,#5944));
#2419=EDGE_LOOP('',(#5945,#5946,#5947,#5948));
#2420=EDGE_LOOP('',(#5949));
#2421=EDGE_LOOP('',(#5950));
#2422=EDGE_LOOP('',(#5951));
#2423=EDGE_LOOP('',(#5952));
#2424=EDGE_LOOP('',(#5953));
#2425=EDGE_LOOP('',(#5954));
#2426=EDGE_LOOP('',(#5955));
#2427=EDGE_LOOP('',(#5956));
#2428=EDGE_LOOP('',(#5957));
#2429=EDGE_LOOP('',(#5958));
#2430=EDGE_LOOP('',(#5959));
#2431=EDGE_LOOP('',(#5960));
#2432=EDGE_LOOP('',(#5961));
#2433=EDGE_LOOP('',(#5962));
#2434=EDGE_LOOP('',(#5963));
#2435=EDGE_LOOP('',(#5964,#5965,#5966,#5967,#5968,#5969,#5970,#5971));
#2436=EDGE_LOOP('',(#5972));
#2437=EDGE_LOOP('',(#5973));
#2438=EDGE_LOOP('',(#5974,#5975,#5976,#5977));
#2439=EDGE_LOOP('',(#5978,#5979,#5980,#5981));
#2440=EDGE_LOOP('',(#5982));
#2441=EDGE_LOOP('',(#5983));
#2442=EDGE_LOOP('',(#5984));
#2443=EDGE_LOOP('',(#5985));
#2444=EDGE_LOOP('',(#5986));
#2445=EDGE_LOOP('',(#5987));
#2446=EDGE_LOOP('',(#5988));
#2447=EDGE_LOOP('',(#5989));
#2448=EDGE_LOOP('',(#5990));
#2449=EDGE_LOOP('',(#5991));
#2450=EDGE_LOOP('',(#5992));
#2451=EDGE_LOOP('',(#5993));
#2452=EDGE_LOOP('',(#5994));
#2453=EDGE_LOOP('',(#5995));
#2454=EDGE_LOOP('',(#5996));
#2455=EDGE_LOOP('',(#5997,#5998,#5999,#6000));
#2456=EDGE_LOOP('',(#6001,#6002,#6003,#6004));
#2457=EDGE_LOOP('',(#6005,#6006,#6007,#6008));
#2458=EDGE_LOOP('',(#6009,#6010,#6011,#6012));
#2459=EDGE_LOOP('',(#6013,#6014,#6015,#6016));
#2460=EDGE_LOOP('',(#6017,#6018,#6019,#6020));
#2461=EDGE_LOOP('',(#6021,#6022,#6023,#6024));
#2462=EDGE_LOOP('',(#6025,#6026,#6027,#6028));
#2463=EDGE_LOOP('',(#6029,#6030,#6031,#6032));
#2464=EDGE_LOOP('',(#6033,#6034,#6035,#6036));
#2465=EDGE_LOOP('',(#6037,#6038,#6039,#6040));
#2466=EDGE_LOOP('',(#6041,#6042,#6043,#6044));
#2467=EDGE_LOOP('',(#6045,#6046,#6047,#6048));
#2468=EDGE_LOOP('',(#6049,#6050,#6051,#6052));
#2469=EDGE_LOOP('',(#6053,#6054,#6055,#6056));
#2470=EDGE_LOOP('',(#6057,#6058,#6059,#6060));
#2471=EDGE_LOOP('',(#6061,#6062,#6063,#6064));
#2472=EDGE_LOOP('',(#6065,#6066,#6067,#6068));
#2473=EDGE_LOOP('',(#6069,#6070,#6071,#6072));
#2474=EDGE_LOOP('',(#6073,#6074,#6075,#6076));
#2475=EDGE_LOOP('',(#6077,#6078,#6079,#6080));
#2476=EDGE_LOOP('',(#6081,#6082,#6083,#6084));
#2477=EDGE_LOOP('',(#6085,#6086,#6087,#6088));
#2478=EDGE_LOOP('',(#6089,#6090,#6091,#6092));
#2479=EDGE_LOOP('',(#6093,#6094,#6095,#6096));
#2480=EDGE_LOOP('',(#6097,#6098,#6099,#6100));
#2481=EDGE_LOOP('',(#6101,#6102,#6103,#6104));
#2482=EDGE_LOOP('',(#6105,#6106,#6107,#6108));
#2483=EDGE_LOOP('',(#6109,#6110,#6111,#6112));
#2484=EDGE_LOOP('',(#6113,#6114,#6115,#6116));
#2485=CIRCLE('',#7169,0.25);
#2486=CIRCLE('',#7171,0.25);
#2487=CIRCLE('',#7172,0.25);
#2488=CIRCLE('',#7174,0.25);
#2489=CIRCLE('',#7176,0.25);
#2490=CIRCLE('',#7180,1.5);
#2491=CIRCLE('',#7181,1.80625);
#2492=CIRCLE('',#7182,1.5);
#2493=CIRCLE('',#7184,1.5);
#2494=CIRCLE('',#7187,1.80625);
#2495=CIRCLE('',#7189,0.25);
#2496=CIRCLE('',#7190,0.25);
#2497=CIRCLE('',#7191,0.25);
#2498=CIRCLE('',#7192,0.25);
#2499=CIRCLE('',#7195,0.25);
#2500=CIRCLE('',#7201,0.99);
#2501=CIRCLE('',#7202,0.99);
#2502=CIRCLE('',#7203,0.99);
#2503=CIRCLE('',#7204,0.99);
#2504=CIRCLE('',#7206,0.6);
#2505=CIRCLE('',#7207,0.6);
#2506=CIRCLE('',#7211,0.99);
#2507=CIRCLE('',#7214,0.99);
#2508=CIRCLE('',#7219,0.99);
#2509=CIRCLE('',#7222,0.99);
#2510=CIRCLE('',#7226,0.6);
#2511=CIRCLE('',#7227,0.6);
#2512=CIRCLE('',#7230,0.6);
#2513=CIRCLE('',#7233,0.6);
#2514=CIRCLE('',#7237,2.);
#2515=CIRCLE('',#7238,2.);
#2516=CIRCLE('',#7252,0.5);
#2517=CIRCLE('',#7256,0.6);
#2518=CIRCLE('',#7257,0.6);
#2519=CIRCLE('',#7260,0.6);
#2520=CIRCLE('',#7261,0.6);
#2521=CIRCLE('',#7263,0.5);
#2522=CIRCLE('',#7267,0.6);
#2523=CIRCLE('',#7268,0.6);
#2524=CIRCLE('',#7289,2.);
#2525=CIRCLE('',#7291,2.);
#2526=CIRCLE('',#7293,1.1);
#2527=CIRCLE('',#7294,1.1);
#2528=CIRCLE('',#7296,1.1);
#2529=CIRCLE('',#7297,1.1);
#2530=CIRCLE('',#7299,0.3);
#2531=CIRCLE('',#7300,0.3);
#2532=CIRCLE('',#7301,0.3);
#2533=CIRCLE('',#7302,0.3);
#2534=CIRCLE('',#7305,0.5);
#2535=CIRCLE('',#7307,0.3);
#2536=CIRCLE('',#7308,0.3);
#2537=CIRCLE('',#7309,0.3);
#2538=CIRCLE('',#7310,0.3);
#2539=CIRCLE('',#7315,0.5);
#2540=CIRCLE('',#7317,1.9);
#2541=CIRCLE('',#7319,1.9);
#2542=CIRCLE('',#7323,0.3);
#2543=CIRCLE('',#7326,0.3);
#2544=CIRCLE('',#7329,0.3);
#2545=CIRCLE('',#7332,0.3);
#2546=CIRCLE('',#7336,0.3);
#2547=CIRCLE('',#7339,0.3);
#2548=CIRCLE('',#7342,0.3);
#2549=CIRCLE('',#7345,0.3);
#2550=CIRCLE('',#7349,1.9);
#2551=CIRCLE('',#7350,1.9);
#2552=CIRCLE('',#7351,1.9);
#2553=CIRCLE('',#7352,1.9);
#2554=CIRCLE('',#7353,1.9);
#2555=CIRCLE('',#7355,1.9);
#2556=CIRCLE('',#7356,1.9);
#2557=CIRCLE('',#7357,1.9);
#2558=CIRCLE('',#7358,1.9);
#2559=CIRCLE('',#7359,1.9);
#2560=CIRCLE('',#7392,1.5);
#2561=CIRCLE('',#7393,1.5);
#2562=CIRCLE('',#7395,1.5);
#2563=CIRCLE('',#7397,1.9);
#2564=CIRCLE('',#7399,1.9);
#2565=CIRCLE('',#7416,0.8);
#2566=CIRCLE('',#7417,0.8);
#2567=CIRCLE('',#7418,0.4);
#2568=CIRCLE('',#7419,0.4);
#2569=CIRCLE('',#7421,0.72);
#2570=CIRCLE('',#7424,0.72);
#2571=CIRCLE('',#7426,0.5);
#2572=CIRCLE('',#7427,0.25);
#2573=CIRCLE('',#7428,0.25);
#2574=CIRCLE('',#7430,0.8);
#2575=CIRCLE('',#7432,0.25);
#2576=CIRCLE('',#7434,0.8);
#2577=CIRCLE('',#7436,0.4);
#2578=CIRCLE('',#7437,0.4);
#2579=CIRCLE('',#7440,0.25);
#2580=CIRCLE('',#7441,0.25);
#2581=CIRCLE('',#7442,0.5);
#2582=CIRCLE('',#7444,0.25);
#2583=CIRCLE('',#7454,3.15);
#2584=CIRCLE('',#7458,0.1);
#2585=CIRCLE('',#7465,4.1);
#2586=CIRCLE('',#7466,4.25);
#2587=CIRCLE('',#7470,4.25);
#2588=CIRCLE('',#7474,3.15);
#2589=CIRCLE('',#7478,3.15);
#2590=CIRCLE('',#7483,0.6);
#2591=CIRCLE('',#7485,0.6);
#2592=CIRCLE('',#7486,0.6);
#2593=CIRCLE('',#7488,0.1);
#2594=CIRCLE('',#7490,0.1);
#2595=CIRCLE('',#7493,1.335464647121);
#2596=CIRCLE('',#7494,1.335464647121);
#2597=CIRCLE('',#7496,1.635464647121);
#2598=CIRCLE('',#7498,1.635464647121);
#2599=CIRCLE('',#7502,2.);
#2600=CIRCLE('',#7503,4.1);
#2601=CIRCLE('',#7511,1.);
#2602=CIRCLE('',#7520,1.25);
#2603=CIRCLE('',#7521,0.6);
#2604=CIRCLE('',#7523,1.25);
#2605=CIRCLE('',#7525,0.6);
#2606=CIRCLE('',#7534,2.);
#2607=CIRCLE('',#7538,2.);
#2608=CIRCLE('',#7544,1.);
#2609=CIRCLE('',#7551,1.133688218645);
#2610=CIRCLE('',#7552,1.133688218645);
#2611=CIRCLE('',#7554,0.833688218645);
#2612=CIRCLE('',#7556,0.833688218645);
#2613=CIRCLE('',#7559,2.);
#2614=CIRCLE('',#7562,0.885862193897);
#2615=CIRCLE('',#7563,0.885862193897);
#2616=CIRCLE('',#7565,1.385862193897);
#2617=CIRCLE('',#7567,1.);
#2618=CIRCLE('',#7569,1.385862193897);
#2619=CIRCLE('',#7571,1.);
#2620=CIRCLE('',#7572,1.);
#2621=CIRCLE('',#7575,1.);
#2622=CIRCLE('',#7576,1.);
#2623=CIRCLE('',#7588,1.120813093216);
#2624=CIRCLE('',#7589,1.120813093216);
#2625=CIRCLE('',#7591,0.620813093216);
#2626=CIRCLE('',#7593,0.620813093216);
#2627=CIRCLE('',#7596,1.);
#2628=CIRCLE('',#7597,1.);
#2629=CIRCLE('',#7601,1.);
#2630=CIRCLE('',#7602,1.);
#2631=CIRCLE('',#7611,2.415);
#2632=CIRCLE('',#7612,2.415);
#2633=CIRCLE('',#7634,13.);
#2634=CIRCLE('',#7635,13.);
#2635=CIRCLE('',#7637,0.375);
#2636=CIRCLE('',#7638,0.375);
#2637=CIRCLE('',#7640,3.45);
#2638=CIRCLE('',#7641,3.45);
#2639=CIRCLE('',#7643,14.1);
#2640=CIRCLE('',#7644,14.1);
#2641=CIRCLE('',#7646,14.1);
#2642=CIRCLE('',#7647,14.1);
#2643=CIRCLE('',#7648,14.1);
#2644=CIRCLE('',#7649,14.1);
#2645=CIRCLE('',#7650,14.1);
#2646=CIRCLE('',#7651,14.1);
#2647=CIRCLE('',#7652,14.1);
#2648=CIRCLE('',#7653,2.);
#2649=CIRCLE('',#7654,12.1);
#2650=CIRCLE('',#7656,0.4);
#2651=CIRCLE('',#7657,0.4);
#2652=CIRCLE('',#7659,0.4);
#2653=CIRCLE('',#7660,0.4);
#2654=CIRCLE('',#7662,15.1);
#2655=CIRCLE('',#7663,15.1);
#2656=CIRCLE('',#7664,15.1);
#2657=CIRCLE('',#7665,15.1);
#2658=CIRCLE('',#7666,15.1);
#2659=CIRCLE('',#7667,15.1);
#2660=CIRCLE('',#7668,15.1);
#2661=CIRCLE('',#7669,15.1);
#2662=CIRCLE('',#7670,15.1);
#2663=CIRCLE('',#7672,14.6);
#2664=CIRCLE('',#7673,0.5);
#2665=CIRCLE('',#7677,14.100000000003);
#2666=CIRCLE('',#7682,14.099999999998);
#2667=CIRCLE('',#7686,14.099999999995);
#2668=CIRCLE('',#7720,3.000001172987);
#2669=CIRCLE('',#7721,3.000001172987);
#2670=CIRCLE('',#7725,3.000001172987);
#2671=CIRCLE('',#7726,3.000001172987);
#2672=CIRCLE('',#7727,3.000001172987);
#2673=CIRCLE('',#7728,0.5);
#2674=CIRCLE('',#7729,1.6);
#2675=CIRCLE('',#7730,0.5);
#2676=CIRCLE('',#7731,0.5);
#2677=CIRCLE('',#7732,0.5);
#2678=CIRCLE('',#7733,0.5);
#2679=CIRCLE('',#7734,0.5);
#2680=CIRCLE('',#7735,0.35);
#2681=CIRCLE('',#7736,0.375);
#2682=CIRCLE('',#7737,0.375);
#2683=CIRCLE('',#7738,0.375);
#2684=CIRCLE('',#7739,0.35);
#2685=CIRCLE('',#7740,0.65);
#2686=CIRCLE('',#7741,0.4);
#2687=CIRCLE('',#7742,0.4);
#2688=CIRCLE('',#7743,0.65);
#2689=CIRCLE('',#7744,0.35);
#2690=CIRCLE('',#7745,0.35);
#2691=CIRCLE('',#7746,0.45);
#2692=CIRCLE('',#7747,0.45);
#2693=CIRCLE('',#7748,1.6);
#2694=CIRCLE('',#7750,3.000001172987);
#2695=CIRCLE('',#7751,3.000001172987);
#2696=CIRCLE('',#7752,3.000001172987);
#2697=CIRCLE('',#7753,0.5);
#2698=CIRCLE('',#7754,1.6);
#2699=CIRCLE('',#7755,0.5);
#2700=CIRCLE('',#7756,0.5);
#2701=CIRCLE('',#7757,0.5);
#2702=CIRCLE('',#7758,0.5);
#2703=CIRCLE('',#7759,0.5);
#2704=CIRCLE('',#7760,0.35);
#2705=CIRCLE('',#7761,0.375);
#2706=CIRCLE('',#7762,0.375);
#2707=CIRCLE('',#7763,0.375);
#2708=CIRCLE('',#7764,0.35);
#2709=CIRCLE('',#7765,0.65);
#2710=CIRCLE('',#7766,0.4);
#2711=CIRCLE('',#7767,0.4);
#2712=CIRCLE('',#7768,0.65);
#2713=CIRCLE('',#7769,0.35);
#2714=CIRCLE('',#7770,0.35);
#2715=CIRCLE('',#7771,0.45);
#2716=CIRCLE('',#7772,0.45);
#2717=CIRCLE('',#7773,1.6);
#2718=VERTEX_POINT('',#9797);
#2719=VERTEX_POINT('',#9800);
#2720=VERTEX_POINT('',#9802);
#2721=VERTEX_POINT('',#9806);
#2722=VERTEX_POINT('',#9807);
#2723=VERTEX_POINT('',#9809);
#2724=VERTEX_POINT('',#9814);
#2725=VERTEX_POINT('',#9881);
#2726=VERTEX_POINT('',#9883);
#2727=VERTEX_POINT('',#9885);
#2728=VERTEX_POINT('',#9887);
#2729=VERTEX_POINT('',#9907);
#2730=VERTEX_POINT('',#9911);
#2731=VERTEX_POINT('',#9957);
#2732=VERTEX_POINT('',#9961);
#2733=VERTEX_POINT('',#9963);
#2734=VERTEX_POINT('',#9968);
#2735=VERTEX_POINT('',#9976);
#2736=VERTEX_POINT('',#9977);
#2737=VERTEX_POINT('',#9979);
#2738=VERTEX_POINT('',#9981);
#2739=VERTEX_POINT('',#9983);
#2740=VERTEX_POINT('',#9985);
#2741=VERTEX_POINT('',#9987);
#2742=VERTEX_POINT('',#9989);
#2743=VERTEX_POINT('',#9991);
#2744=VERTEX_POINT('',#9993);
#2745=VERTEX_POINT('',#9995);
#2746=VERTEX_POINT('',#9997);
#2747=VERTEX_POINT('',#9999);
#2748=VERTEX_POINT('',#10001);
#2749=VERTEX_POINT('',#10003);
#2750=VERTEX_POINT('',#10005);
#2751=VERTEX_POINT('',#10009);
#2752=VERTEX_POINT('',#10010);
#2753=VERTEX_POINT('',#10012);
#2754=VERTEX_POINT('',#10014);
#2755=VERTEX_POINT('',#10016);
#2756=VERTEX_POINT('',#10018);
#2757=VERTEX_POINT('',#10020);
#2758=VERTEX_POINT('',#10022);
#2759=VERTEX_POINT('',#10024);
#2760=VERTEX_POINT('',#10026);
#2761=VERTEX_POINT('',#10028);
#2762=VERTEX_POINT('',#10030);
#2763=VERTEX_POINT('',#10032);
#2764=VERTEX_POINT('',#10034);
#2765=VERTEX_POINT('',#10036);
#2766=VERTEX_POINT('',#10038);
#2767=VERTEX_POINT('',#10041);
#2768=VERTEX_POINT('',#10045);
#2769=VERTEX_POINT('',#10047);
#2770=VERTEX_POINT('',#10049);
#2771=VERTEX_POINT('',#10053);
#2772=VERTEX_POINT('',#10055);
#2773=VERTEX_POINT('',#10059);
#2774=VERTEX_POINT('',#10063);
#2775=VERTEX_POINT('',#10067);
#2776=VERTEX_POINT('',#10071);
#2777=VERTEX_POINT('',#10073);
#2778=VERTEX_POINT('',#10077);
#2779=VERTEX_POINT('',#10078);
#2780=VERTEX_POINT('',#10080);
#2781=VERTEX_POINT('',#10082);
#2782=VERTEX_POINT('',#10084);
#2783=VERTEX_POINT('',#10089);
#2784=VERTEX_POINT('',#10091);
#2785=VERTEX_POINT('',#10095);
#2786=VERTEX_POINT('',#10099);
#2787=VERTEX_POINT('',#10103);
#2788=VERTEX_POINT('',#10107);
#2789=VERTEX_POINT('',#10109);
#2790=VERTEX_POINT('',#10113);
#2791=VERTEX_POINT('',#10114);
#2792=VERTEX_POINT('',#10116);
#2793=VERTEX_POINT('',#10121);
#2794=VERTEX_POINT('',#10122);
#2795=VERTEX_POINT('',#10125);
#2796=VERTEX_POINT('',#10127);
#2797=VERTEX_POINT('',#10129);
#2798=VERTEX_POINT('',#10131);
#2799=VERTEX_POINT('',#10133);
#2800=VERTEX_POINT('',#10135);
#2801=VERTEX_POINT('',#10137);
#2802=VERTEX_POINT('',#10139);
#2803=VERTEX_POINT('',#10141);
#2804=VERTEX_POINT('',#10143);
#2805=VERTEX_POINT('',#10145);
#2806=VERTEX_POINT('',#10147);
#2807=VERTEX_POINT('',#10149);
#2808=VERTEX_POINT('',#10151);
#2809=VERTEX_POINT('',#10155);
#2810=VERTEX_POINT('',#10157);
#2811=VERTEX_POINT('',#10159);
#2812=VERTEX_POINT('',#10161);
#2813=VERTEX_POINT('',#10165);
#2814=VERTEX_POINT('',#10166);
#2815=VERTEX_POINT('',#10171);
#2816=VERTEX_POINT('',#10175);
#2817=VERTEX_POINT('',#10179);
#2818=VERTEX_POINT('',#10181);
#2819=VERTEX_POINT('',#10183);
#2820=VERTEX_POINT('',#10185);
#2821=VERTEX_POINT('',#10187);
#2822=VERTEX_POINT('',#10189);
#2823=VERTEX_POINT('',#10191);
#2824=VERTEX_POINT('',#10198);
#2825=VERTEX_POINT('',#10200);
#2826=VERTEX_POINT('',#10203);
#2827=VERTEX_POINT('',#10205);
#2828=VERTEX_POINT('',#10208);
#2829=VERTEX_POINT('',#10210);
#2830=VERTEX_POINT('',#10213);
#2831=VERTEX_POINT('',#10215);
#2832=VERTEX_POINT('',#10219);
#2833=VERTEX_POINT('',#10221);
#2834=VERTEX_POINT('',#10224);
#2835=VERTEX_POINT('',#10228);
#2836=VERTEX_POINT('',#10234);
#2837=VERTEX_POINT('',#10238);
#2838=VERTEX_POINT('',#10244);
#2839=VERTEX_POINT('',#10246);
#2840=VERTEX_POINT('',#10249);
#2841=VERTEX_POINT('',#10251);
#2842=VERTEX_POINT('',#10256);
#2843=VERTEX_POINT('',#10258);
#2844=VERTEX_POINT('',#10260);
#2845=VERTEX_POINT('',#10267);
#2846=VERTEX_POINT('',#10270);
#2847=VERTEX_POINT('',#10274);
#2848=VERTEX_POINT('',#10278);
#2849=VERTEX_POINT('',#10279);
#2850=VERTEX_POINT('',#10282);
#2851=VERTEX_POINT('',#10284);
#2852=VERTEX_POINT('',#10286);
#2853=VERTEX_POINT('',#10291);
#2854=VERTEX_POINT('',#10295);
#2855=VERTEX_POINT('',#10297);
#2856=VERTEX_POINT('',#10300);
#2857=VERTEX_POINT('',#10302);
#2858=VERTEX_POINT('',#10307);
#2859=VERTEX_POINT('',#10310);
#2860=VERTEX_POINT('',#10314);
#2861=VERTEX_POINT('',#10318);
#2862=VERTEX_POINT('',#10319);
#2863=VERTEX_POINT('',#10322);
#2864=VERTEX_POINT('',#10324);
#2865=VERTEX_POINT('',#10334);
#2866=VERTEX_POINT('',#10338);
#2867=VERTEX_POINT('',#10344);
#2868=VERTEX_POINT('',#10348);
#2869=VERTEX_POINT('',#10369);
#2870=VERTEX_POINT('',#10373);
#2871=VERTEX_POINT('',#10377);
#2872=VERTEX_POINT('',#10378);
#2873=VERTEX_POINT('',#10383);
#2874=VERTEX_POINT('',#10384);
#2875=VERTEX_POINT('',#10390);
#2876=VERTEX_POINT('',#10391);
#2877=VERTEX_POINT('',#10393);
#2878=VERTEX_POINT('',#10395);
#2879=VERTEX_POINT('',#10397);
#2880=VERTEX_POINT('',#10399);
#2881=VERTEX_POINT('',#10401);
#2882=VERTEX_POINT('',#10403);
#2883=VERTEX_POINT('',#10408);
#2884=VERTEX_POINT('',#10413);
#2885=VERTEX_POINT('',#10414);
#2886=VERTEX_POINT('',#10416);
#2887=VERTEX_POINT('',#10418);
#2888=VERTEX_POINT('',#10420);
#2889=VERTEX_POINT('',#10422);
#2890=VERTEX_POINT('',#10424);
#2891=VERTEX_POINT('',#10426);
#2892=VERTEX_POINT('',#10434);
#2893=VERTEX_POINT('',#10438);
#2894=VERTEX_POINT('',#10441);
#2895=VERTEX_POINT('',#10446);
#2896=VERTEX_POINT('',#10448);
#2897=VERTEX_POINT('',#10452);
#2898=VERTEX_POINT('',#10456);
#2899=VERTEX_POINT('',#10460);
#2900=VERTEX_POINT('',#10465);
#2901=VERTEX_POINT('',#10469);
#2902=VERTEX_POINT('',#10473);
#2903=VERTEX_POINT('',#10480);
#2904=VERTEX_POINT('',#10482);
#2905=VERTEX_POINT('',#10486);
#2906=VERTEX_POINT('',#10490);
#2907=VERTEX_POINT('',#10494);
#2908=VERTEX_POINT('',#10499);
#2909=VERTEX_POINT('',#10503);
#2910=VERTEX_POINT('',#10507);
#2911=VERTEX_POINT('',#10514);
#2912=VERTEX_POINT('',#10516);
#2913=VERTEX_POINT('',#10518);
#2914=VERTEX_POINT('',#10520);
#2915=VERTEX_POINT('',#10522);
#2916=VERTEX_POINT('',#10524);
#2917=VERTEX_POINT('',#10526);
#2918=VERTEX_POINT('',#10528);
#2919=VERTEX_POINT('',#10530);
#2920=VERTEX_POINT('',#10534);
#2921=VERTEX_POINT('',#10536);
#2922=VERTEX_POINT('',#10538);
#2923=VERTEX_POINT('',#10540);
#2924=VERTEX_POINT('',#10542);
#2925=VERTEX_POINT('',#10544);
#2926=VERTEX_POINT('',#10546);
#2927=VERTEX_POINT('',#10548);
#2928=VERTEX_POINT('',#10550);
#2929=VERTEX_POINT('',#10556);
#2930=VERTEX_POINT('',#10558);
#2931=VERTEX_POINT('',#10560);
#2932=VERTEX_POINT('',#10562);
#2933=VERTEX_POINT('',#10566);
#2934=VERTEX_POINT('',#10570);
#2935=VERTEX_POINT('',#10572);
#2936=VERTEX_POINT('',#10574);
#2937=VERTEX_POINT('',#10577);
#2938=VERTEX_POINT('',#10579);
#2939=VERTEX_POINT('',#10581);
#2940=VERTEX_POINT('',#10583);
#2941=VERTEX_POINT('',#10587);
#2942=VERTEX_POINT('',#10591);
#2943=VERTEX_POINT('',#10593);
#2944=VERTEX_POINT('',#10595);
#2945=VERTEX_POINT('',#10603);
#2946=VERTEX_POINT('',#10605);
#2947=VERTEX_POINT('',#10607);
#2948=VERTEX_POINT('',#10609);
#2949=VERTEX_POINT('',#10613);
#2950=VERTEX_POINT('',#10617);
#2951=VERTEX_POINT('',#10619);
#2952=VERTEX_POINT('',#10621);
#2953=VERTEX_POINT('',#10624);
#2954=VERTEX_POINT('',#10626);
#2955=VERTEX_POINT('',#10628);
#2956=VERTEX_POINT('',#10630);
#2957=VERTEX_POINT('',#10634);
#2958=VERTEX_POINT('',#10638);
#2959=VERTEX_POINT('',#10640);
#2960=VERTEX_POINT('',#10642);
#2961=VERTEX_POINT('',#10673);
#2962=VERTEX_POINT('',#10675);
#2963=VERTEX_POINT('',#10678);
#2964=VERTEX_POINT('',#10682);
#2965=VERTEX_POINT('',#10684);
#2966=VERTEX_POINT('',#10688);
#2967=VERTEX_POINT('',#10689);
#2968=VERTEX_POINT('',#10696);
#2969=VERTEX_POINT('',#10697);
#2970=VERTEX_POINT('',#10699);
#2971=VERTEX_POINT('',#10701);
#2972=VERTEX_POINT('',#10704);
#2973=VERTEX_POINT('',#10705);
#2974=VERTEX_POINT('',#10707);
#2975=VERTEX_POINT('',#10709);
#2976=VERTEX_POINT('',#10713);
#2977=VERTEX_POINT('',#10715);
#2978=VERTEX_POINT('',#10719);
#2979=VERTEX_POINT('',#10723);
#2980=VERTEX_POINT('',#10729);
#2981=VERTEX_POINT('',#10731);
#2982=VERTEX_POINT('',#10735);
#2983=VERTEX_POINT('',#10739);
#2984=VERTEX_POINT('',#10750);
#2985=VERTEX_POINT('',#10752);
#2986=VERTEX_POINT('',#10782);
#2987=VERTEX_POINT('',#10786);
#2988=VERTEX_POINT('',#10789);
#2989=VERTEX_POINT('',#10825);
#2990=VERTEX_POINT('',#10829);
#2991=VERTEX_POINT('',#10831);
#2992=VERTEX_POINT('',#10835);
#2993=VERTEX_POINT('',#10838);
#2994=VERTEX_POINT('',#10842);
#2995=VERTEX_POINT('',#10873);
#2996=VERTEX_POINT('',#10877);
#2997=VERTEX_POINT('',#10913);
#2998=VERTEX_POINT('',#10914);
#2999=VERTEX_POINT('',#10919);
#3000=VERTEX_POINT('',#10927);
#3001=VERTEX_POINT('',#10928);
#3002=VERTEX_POINT('',#10930);
#3003=VERTEX_POINT('',#10932);
#3004=VERTEX_POINT('',#10934);
#3005=VERTEX_POINT('',#10936);
#3006=VERTEX_POINT('',#10938);
#3007=VERTEX_POINT('',#10941);
#3008=VERTEX_POINT('',#10942);
#3009=VERTEX_POINT('',#10944);
#3010=VERTEX_POINT('',#10946);
#3011=VERTEX_POINT('',#10950);
#3012=VERTEX_POINT('',#10952);
#3013=VERTEX_POINT('',#10954);
#3014=VERTEX_POINT('',#10958);
#3015=VERTEX_POINT('',#10960);
#3016=VERTEX_POINT('',#10962);
#3017=VERTEX_POINT('',#10966);
#3018=VERTEX_POINT('',#10968);
#3019=VERTEX_POINT('',#10970);
#3020=VERTEX_POINT('',#10974);
#3021=VERTEX_POINT('',#10977);
#3022=VERTEX_POINT('',#10980);
#3023=VERTEX_POINT('',#10982);
#3024=VERTEX_POINT('',#10986);
#3025=VERTEX_POINT('',#10988);
#3026=VERTEX_POINT('',#10990);
#3027=VERTEX_POINT('',#10992);
#3028=VERTEX_POINT('',#10994);
#3029=VERTEX_POINT('',#10996);
#3030=VERTEX_POINT('',#10998);
#3031=VERTEX_POINT('',#11002);
#3032=VERTEX_POINT('',#11004);
#3033=VERTEX_POINT('',#11008);
#3034=VERTEX_POINT('',#11010);
#3035=VERTEX_POINT('',#11014);
#3036=VERTEX_POINT('',#11018);
#3037=VERTEX_POINT('',#11024);
#3038=VERTEX_POINT('',#11026);
#3039=VERTEX_POINT('',#11028);
#3040=VERTEX_POINT('',#11032);
#3041=VERTEX_POINT('',#11034);
#3042=VERTEX_POINT('',#11038);
#3043=VERTEX_POINT('',#11044);
#3044=VERTEX_POINT('',#11048);
#3045=VERTEX_POINT('',#11050);
#3046=VERTEX_POINT('',#11054);
#3047=VERTEX_POINT('',#11056);
#3048=VERTEX_POINT('',#11060);
#3049=VERTEX_POINT('',#11061);
#3050=VERTEX_POINT('',#11063);
#3051=VERTEX_POINT('',#11065);
#3052=VERTEX_POINT('',#11080);
#3053=VERTEX_POINT('',#11082);
#3054=VERTEX_POINT('',#11095);
#3055=VERTEX_POINT('',#11100);
#3056=VERTEX_POINT('',#11102);
#3057=VERTEX_POINT('',#11106);
#3058=VERTEX_POINT('',#11108);
#3059=VERTEX_POINT('',#11110);
#3060=VERTEX_POINT('',#11113);
#3061=VERTEX_POINT('',#11115);
#3062=VERTEX_POINT('',#11117);
#3063=VERTEX_POINT('',#11124);
#3064=VERTEX_POINT('',#11128);
#3065=VERTEX_POINT('',#11130);
#3066=VERTEX_POINT('',#11132);
#3067=VERTEX_POINT('',#11136);
#3068=VERTEX_POINT('',#11137);
#3069=VERTEX_POINT('',#11140);
#3070=VERTEX_POINT('',#11144);
#3071=VERTEX_POINT('',#11146);
#3072=VERTEX_POINT('',#11152);
#3073=VERTEX_POINT('',#11153);
#3074=VERTEX_POINT('',#11158);
#3075=VERTEX_POINT('',#11162);
#3076=VERTEX_POINT('',#11170);
#3077=VERTEX_POINT('',#11172);
#3078=VERTEX_POINT('',#11174);
#3079=VERTEX_POINT('',#11176);
#3080=VERTEX_POINT('',#11178);
#3081=VERTEX_POINT('',#11180);
#3082=VERTEX_POINT('',#11190);
#3083=VERTEX_POINT('',#11192);
#3084=VERTEX_POINT('',#11194);
#3085=VERTEX_POINT('',#11198);
#3086=VERTEX_POINT('',#11200);
#3087=VERTEX_POINT('',#11208);
#3088=VERTEX_POINT('',#11216);
#3089=VERTEX_POINT('',#11218);
#3090=VERTEX_POINT('',#11220);
#3091=VERTEX_POINT('',#11226);
#3092=VERTEX_POINT('',#11227);
#3093=VERTEX_POINT('',#11235);
#3094=VERTEX_POINT('',#11240);
#3095=VERTEX_POINT('',#11243);
#3096=VERTEX_POINT('',#11245);
#3097=VERTEX_POINT('',#11249);
#3098=VERTEX_POINT('',#11253);
#3099=VERTEX_POINT('',#11259);
#3100=VERTEX_POINT('',#11263);
#3101=VERTEX_POINT('',#11265);
#3102=VERTEX_POINT('',#11270);
#3103=VERTEX_POINT('',#11274);
#3104=VERTEX_POINT('',#11278);
#3105=VERTEX_POINT('',#11283);
#3106=VERTEX_POINT('',#11285);
#3107=VERTEX_POINT('',#11289);
#3108=VERTEX_POINT('',#11292);
#3109=VERTEX_POINT('',#11296);
#3110=VERTEX_POINT('',#11305);
#3111=VERTEX_POINT('',#11313);
#3112=VERTEX_POINT('',#11321);
#3113=VERTEX_POINT('',#11323);
#3114=VERTEX_POINT('',#11327);
#3115=VERTEX_POINT('',#11331);
#3116=VERTEX_POINT('',#11340);
#3117=VERTEX_POINT('',#11342);
#3118=VERTEX_POINT('',#11346);
#3119=VERTEX_POINT('',#11347);
#3120=VERTEX_POINT('',#11352);
#3121=VERTEX_POINT('',#11356);
#3122=VERTEX_POINT('',#11359);
#3123=VERTEX_POINT('',#11363);
#3124=VERTEX_POINT('',#11365);
#3125=VERTEX_POINT('',#11367);
#3126=VERTEX_POINT('',#11369);
#3127=VERTEX_POINT('',#11373);
#3128=VERTEX_POINT('',#11377);
#3129=VERTEX_POINT('',#11379);
#3130=VERTEX_POINT('',#11381);
#3131=VERTEX_POINT('',#11390);
#3132=VERTEX_POINT('',#11392);
#3133=VERTEX_POINT('',#11396);
#3134=VERTEX_POINT('',#11400);
#3135=VERTEX_POINT('',#11411);
#3136=VERTEX_POINT('',#11413);
#3137=VERTEX_POINT('',#11417);
#3138=VERTEX_POINT('',#11421);
#3139=VERTEX_POINT('',#11427);
#3140=VERTEX_POINT('',#11429);
#3141=VERTEX_POINT('',#11431);
#3142=VERTEX_POINT('',#11433);
#3143=VERTEX_POINT('',#11437);
#3144=VERTEX_POINT('',#11441);
#3145=VERTEX_POINT('',#11445);
#3146=VERTEX_POINT('',#11447);
#3147=VERTEX_POINT('',#11459);
#3148=VERTEX_POINT('',#11460);
#3149=VERTEX_POINT('',#11462);
#3150=VERTEX_POINT('',#11464);
#3151=VERTEX_POINT('',#11471);
#3152=VERTEX_POINT('',#11472);
#3153=VERTEX_POINT('',#11474);
#3154=VERTEX_POINT('',#11476);
#3155=VERTEX_POINT('',#11479);
#3156=VERTEX_POINT('',#11480);
#3157=VERTEX_POINT('',#11482);
#3158=VERTEX_POINT('',#11484);
#3159=VERTEX_POINT('',#11487);
#3160=VERTEX_POINT('',#11488);
#3161=VERTEX_POINT('',#11490);
#3162=VERTEX_POINT('',#11492);
#3163=VERTEX_POINT('',#11497);
#3164=VERTEX_POINT('',#11499);
#3165=VERTEX_POINT('',#11503);
#3166=VERTEX_POINT('',#11507);
#3167=VERTEX_POINT('',#11513);
#3168=VERTEX_POINT('',#11515);
#3169=VERTEX_POINT('',#11519);
#3170=VERTEX_POINT('',#11523);
#3171=VERTEX_POINT('',#11529);
#3172=VERTEX_POINT('',#11531);
#3173=VERTEX_POINT('',#11535);
#3174=VERTEX_POINT('',#11539);
#3175=VERTEX_POINT('',#11551);
#3176=VERTEX_POINT('',#11553);
#3177=VERTEX_POINT('',#11557);
#3178=VERTEX_POINT('',#11559);
#3179=VERTEX_POINT('',#11563);
#3180=VERTEX_POINT('',#11565);
#3181=VERTEX_POINT('',#11569);
#3182=VERTEX_POINT('',#11571);
#3183=VERTEX_POINT('',#11575);
#3184=VERTEX_POINT('',#11576);
#3185=VERTEX_POINT('',#11578);
#3186=VERTEX_POINT('',#11580);
#3187=VERTEX_POINT('',#11582);
#3188=VERTEX_POINT('',#11584);
#3189=VERTEX_POINT('',#11586);
#3190=VERTEX_POINT('',#11589);
#3191=VERTEX_POINT('',#11593);
#3192=VERTEX_POINT('',#11595);
#3193=VERTEX_POINT('',#11599);
#3194=VERTEX_POINT('',#11601);
#3195=VERTEX_POINT('',#11605);
#3196=VERTEX_POINT('',#11606);
#3197=VERTEX_POINT('',#11608);
#3198=VERTEX_POINT('',#11610);
#3199=VERTEX_POINT('',#11612);
#3200=VERTEX_POINT('',#11614);
#3201=VERTEX_POINT('',#11616);
#3202=VERTEX_POINT('',#11618);
#3203=VERTEX_POINT('',#11620);
#3204=VERTEX_POINT('',#11622);
#3205=VERTEX_POINT('',#11624);
#3206=VERTEX_POINT('',#11626);
#3207=VERTEX_POINT('',#11628);
#3208=VERTEX_POINT('',#11631);
#3209=VERTEX_POINT('',#11633);
#3210=VERTEX_POINT('',#11637);
#3211=VERTEX_POINT('',#11643);
#3212=VERTEX_POINT('',#11647);
#3213=VERTEX_POINT('',#11656);
#3214=VERTEX_POINT('',#11660);
#3215=VERTEX_POINT('',#11668);
#3216=VERTEX_POINT('',#11670);
#3217=VERTEX_POINT('',#11688);
#3218=VERTEX_POINT('',#11689);
#3219=VERTEX_POINT('',#11691);
#3220=VERTEX_POINT('',#11693);
#3221=VERTEX_POINT('',#11697);
#3222=VERTEX_POINT('',#11699);
#3223=VERTEX_POINT('',#11703);
#3224=VERTEX_POINT('',#11705);
#3225=VERTEX_POINT('',#11713);
#3226=VERTEX_POINT('',#11714);
#3227=VERTEX_POINT('',#11716);
#3228=VERTEX_POINT('',#11718);
#3229=VERTEX_POINT('',#11722);
#3230=VERTEX_POINT('',#11724);
#3231=VERTEX_POINT('',#11728);
#3232=VERTEX_POINT('',#11730);
#3233=VERTEX_POINT('',#11734);
#3234=VERTEX_POINT('',#11736);
#3235=VERTEX_POINT('',#11740);
#3236=VERTEX_POINT('',#11742);
#3237=VERTEX_POINT('',#11746);
#3238=VERTEX_POINT('',#11748);
#3239=VERTEX_POINT('',#11752);
#3240=VERTEX_POINT('',#11754);
#3241=VERTEX_POINT('',#11758);
#3242=VERTEX_POINT('',#11760);
#3243=VERTEX_POINT('',#11764);
#3244=VERTEX_POINT('',#11766);
#3245=VERTEX_POINT('',#11770);
#3246=VERTEX_POINT('',#11772);
#3247=VERTEX_POINT('',#11776);
#3248=VERTEX_POINT('',#11778);
#3249=VERTEX_POINT('',#11790);
#3250=VERTEX_POINT('',#11791);
#3251=VERTEX_POINT('',#11793);
#3252=VERTEX_POINT('',#11795);
#3253=VERTEX_POINT('',#11799);
#3254=VERTEX_POINT('',#11800);
#3255=VERTEX_POINT('',#11805);
#3256=VERTEX_POINT('',#11807);
#3257=VERTEX_POINT('',#11811);
#3258=VERTEX_POINT('',#11813);
#3259=VERTEX_POINT('',#11815);
#3260=VERTEX_POINT('',#11817);
#3261=VERTEX_POINT('',#11820);
#3262=VERTEX_POINT('',#11822);
#3263=VERTEX_POINT('',#11824);
#3264=VERTEX_POINT('',#11825);
#3265=VERTEX_POINT('',#11827);
#3266=VERTEX_POINT('',#11829);
#3267=VERTEX_POINT('',#11832);
#3268=VERTEX_POINT('',#11833);
#3269=VERTEX_POINT('',#11835);
#3270=VERTEX_POINT('',#11837);
#3271=VERTEX_POINT('',#11840);
#3272=VERTEX_POINT('',#11842);
#3273=VERTEX_POINT('',#11844);
#3274=VERTEX_POINT('',#11846);
#3275=VERTEX_POINT('',#11848);
#3276=VERTEX_POINT('',#11850);
#3277=VERTEX_POINT('',#11852);
#3278=VERTEX_POINT('',#11854);
#3279=VERTEX_POINT('',#11856);
#3280=VERTEX_POINT('',#11858);
#3281=VERTEX_POINT('',#11860);
#3282=VERTEX_POINT('',#11862);
#3283=VERTEX_POINT('',#11864);
#3284=VERTEX_POINT('',#11866);
#3285=VERTEX_POINT('',#11868);
#3286=VERTEX_POINT('',#11871);
#3287=VERTEX_POINT('',#11873);
#3288=VERTEX_POINT('',#11875);
#3289=VERTEX_POINT('',#11877);
#3290=VERTEX_POINT('',#11880);
#3291=VERTEX_POINT('',#11882);
#3292=VERTEX_POINT('',#11884);
#3293=VERTEX_POINT('',#11885);
#3294=VERTEX_POINT('',#11887);
#3295=VERTEX_POINT('',#11889);
#3296=VERTEX_POINT('',#11892);
#3297=VERTEX_POINT('',#11893);
#3298=VERTEX_POINT('',#11895);
#3299=VERTEX_POINT('',#11897);
#3300=VERTEX_POINT('',#11900);
#3301=VERTEX_POINT('',#11902);
#3302=VERTEX_POINT('',#11904);
#3303=VERTEX_POINT('',#11906);
#3304=VERTEX_POINT('',#11908);
#3305=VERTEX_POINT('',#11910);
#3306=VERTEX_POINT('',#11912);
#3307=VERTEX_POINT('',#11914);
#3308=VERTEX_POINT('',#11916);
#3309=VERTEX_POINT('',#11918);
#3310=VERTEX_POINT('',#11920);
#3311=VERTEX_POINT('',#11922);
#3312=VERTEX_POINT('',#11924);
#3313=VERTEX_POINT('',#11926);
#3314=VERTEX_POINT('',#11928);
#3315=EDGE_CURVE('',#2718,#2718,#2485,.T.);
#3316=EDGE_CURVE('',#2718,#2719,#199,.T.);
#3317=EDGE_CURVE('',#2720,#2719,#2486,.T.);
#3318=EDGE_CURVE('',#2719,#2720,#2487,.T.);
#3319=EDGE_CURVE('',#2721,#2722,#2488,.T.);
#3320=EDGE_CURVE('',#2723,#2721,#184,.T.);
#3321=EDGE_CURVE('',#2723,#2720,#2489,.T.);
#3322=EDGE_CURVE('',#2722,#2723,#185,.T.);
#3323=EDGE_CURVE('',#2724,#2722,#176,.T.);
#3324=EDGE_CURVE('',#2721,#2724,#177,.T.);
#3325=EDGE_CURVE('',#2724,#2725,#2490,.T.);
#3326=EDGE_CURVE('',#2726,#2725,#2491,.T.);
#3327=EDGE_CURVE('',#2725,#2727,#2492,.T.);
#3328=EDGE_CURVE('',#2727,#2728,#178,.T.);
#3329=EDGE_CURVE('',#2728,#2729,#186,.T.);
#3330=EDGE_CURVE('',#2729,#2723,#2493,.T.);
#3331=EDGE_CURVE('',#2729,#2730,#187,.T.);
#3332=EDGE_CURVE('',#2730,#2727,#179,.T.);
#3333=EDGE_CURVE('',#2725,#2731,#2494,.T.);
#3334=EDGE_CURVE('',#2730,#2728,#2495,.T.);
#3335=EDGE_CURVE('',#2729,#2732,#2496,.T.);
#3336=EDGE_CURVE('',#2732,#2733,#2497,.T.);
#3337=EDGE_CURVE('',#2733,#2732,#2498,.T.);
#3338=EDGE_CURVE('',#2734,#2734,#2499,.T.);
#3339=EDGE_CURVE('',#2734,#2733,#200,.T.);
#3340=EDGE_CURVE('',#2735,#2736,#201,.T.);
#3341=EDGE_CURVE('',#2736,#2737,#202,.T.);
#3342=EDGE_CURVE('',#2738,#2737,#203,.T.);
#3343=EDGE_CURVE('',#2738,#2739,#204,.T.);
#3344=EDGE_CURVE('',#2739,#2740,#205,.T.);
#3345=EDGE_CURVE('',#2740,#2741,#2500,.T.);
#3346=EDGE_CURVE('',#2742,#2741,#206,.T.);
#3347=EDGE_CURVE('',#2743,#2742,#2501,.T.);
#3348=EDGE_CURVE('',#2744,#2743,#207,.T.);
#3349=EDGE_CURVE('',#2744,#2745,#208,.T.);
#3350=EDGE_CURVE('',#2745,#2746,#209,.T.);
#3351=EDGE_CURVE('',#2746,#2747,#2502,.T.);
#3352=EDGE_CURVE('',#2748,#2747,#210,.T.);
#3353=EDGE_CURVE('',#2749,#2748,#2503,.T.);
#3354=EDGE_CURVE('',#2750,#2749,#211,.T.);
#3355=EDGE_CURVE('',#2750,#2735,#212,.T.);
#3356=EDGE_CURVE('',#2751,#2752,#2504,.T.);
#3357=EDGE_CURVE('',#2753,#2752,#213,.T.);
#3358=EDGE_CURVE('',#2754,#2753,#2505,.T.);
#3359=EDGE_CURVE('',#2754,#2755,#214,.T.);
#3360=EDGE_CURVE('',#2756,#2755,#215,.T.);
#3361=EDGE_CURVE('',#2757,#2756,#216,.T.);
#3362=EDGE_CURVE('',#2758,#2757,#217,.T.);
#3363=EDGE_CURVE('',#2758,#2759,#218,.T.);
#3364=EDGE_CURVE('',#2759,#2760,#219,.T.);
#3365=EDGE_CURVE('',#2761,#2760,#220,.T.);
#3366=EDGE_CURVE('',#2762,#2761,#221,.T.);
#3367=EDGE_CURVE('',#2762,#2763,#222,.T.);
#3368=EDGE_CURVE('',#2763,#2764,#223,.T.);
#3369=EDGE_CURVE('',#2765,#2764,#224,.T.);
#3370=EDGE_CURVE('',#2765,#2766,#225,.T.);
#3371=EDGE_CURVE('',#2736,#2766,#226,.T.);
#3372=EDGE_CURVE('',#2767,#2735,#227,.T.);
#3373=EDGE_CURVE('',#2751,#2767,#228,.T.);
#3374=EDGE_CURVE('',#2768,#2750,#229,.T.);
#3375=EDGE_CURVE('',#2768,#2769,#230,.T.);
#3376=EDGE_CURVE('',#2769,#2770,#231,.T.);
#3377=EDGE_CURVE('',#2767,#2770,#232,.T.);
#3378=EDGE_CURVE('',#2768,#2771,#233,.T.);
#3379=EDGE_CURVE('',#2772,#2749,#234,.T.);
#3380=EDGE_CURVE('',#2771,#2772,#235,.T.);
#3381=EDGE_CURVE('',#2772,#2773,#2506,.T.);
#3382=EDGE_CURVE('',#2773,#2748,#236,.T.);
#3383=EDGE_CURVE('',#2747,#2774,#237,.T.);
#3384=EDGE_CURVE('',#2774,#2773,#238,.T.);
#3385=EDGE_CURVE('',#2746,#2775,#239,.T.);
#3386=EDGE_CURVE('',#2775,#2774,#2507,.T.);
#3387=EDGE_CURVE('',#2745,#2776,#240,.T.);
#3388=EDGE_CURVE('',#2776,#2777,#241,.T.);
#3389=EDGE_CURVE('',#2777,#2775,#242,.T.);
#3390=EDGE_CURVE('',#2778,#2779,#243,.T.);
#3391=EDGE_CURVE('',#2779,#2780,#244,.T.);
#3392=EDGE_CURVE('',#2781,#2780,#245,.T.);
#3393=EDGE_CURVE('',#2781,#2782,#246,.T.);
#3394=EDGE_CURVE('',#2782,#2776,#247,.T.);
#3395=EDGE_CURVE('',#2778,#2744,#248,.T.);
#3396=EDGE_CURVE('',#2778,#2783,#249,.T.);
#3397=EDGE_CURVE('',#2784,#2743,#250,.T.);
#3398=EDGE_CURVE('',#2783,#2784,#251,.T.);
#3399=EDGE_CURVE('',#2784,#2785,#2508,.T.);
#3400=EDGE_CURVE('',#2785,#2742,#252,.T.);
#3401=EDGE_CURVE('',#2741,#2786,#253,.T.);
#3402=EDGE_CURVE('',#2786,#2785,#254,.T.);
#3403=EDGE_CURVE('',#2740,#2787,#255,.T.);
#3404=EDGE_CURVE('',#2787,#2786,#2509,.T.);
#3405=EDGE_CURVE('',#2739,#2788,#256,.T.);
#3406=EDGE_CURVE('',#2788,#2789,#257,.T.);
#3407=EDGE_CURVE('',#2789,#2787,#258,.T.);
#3408=EDGE_CURVE('',#2790,#2791,#259,.T.);
#3409=EDGE_CURVE('',#2790,#2792,#260,.T.);
#3410=EDGE_CURVE('',#2792,#2788,#261,.T.);
#3411=EDGE_CURVE('',#2791,#2738,#262,.T.);
#3412=EDGE_CURVE('',#2793,#2794,#2510,.T.);
#3413=EDGE_CURVE('',#2793,#2791,#263,.T.);
#3414=EDGE_CURVE('',#2737,#2795,#264,.T.);
#3415=EDGE_CURVE('',#2796,#2795,#265,.T.);
#3416=EDGE_CURVE('',#2796,#2797,#266,.T.);
#3417=EDGE_CURVE('',#2798,#2797,#267,.T.);
#3418=EDGE_CURVE('',#2799,#2798,#268,.T.);
#3419=EDGE_CURVE('',#2799,#2800,#269,.T.);
#3420=EDGE_CURVE('',#2800,#2801,#270,.T.);
#3421=EDGE_CURVE('',#2802,#2801,#271,.T.);
#3422=EDGE_CURVE('',#2803,#2802,#272,.T.);
#3423=EDGE_CURVE('',#2803,#2804,#273,.T.);
#3424=EDGE_CURVE('',#2804,#2805,#274,.T.);
#3425=EDGE_CURVE('',#2805,#2806,#275,.T.);
#3426=EDGE_CURVE('',#2806,#2807,#276,.T.);
#3427=EDGE_CURVE('',#2807,#2808,#2511,.T.);
#3428=EDGE_CURVE('',#2808,#2794,#277,.T.);
#3429=EDGE_CURVE('',#2766,#2809,#278,.T.);
#3430=EDGE_CURVE('',#2810,#2809,#279,.T.);
#3431=EDGE_CURVE('',#2811,#2810,#280,.T.);
#3432=EDGE_CURVE('',#2812,#2811,#281,.T.);
#3433=EDGE_CURVE('',#2812,#2795,#282,.T.);
#3434=EDGE_CURVE('',#2813,#2814,#2512,.T.);
#3435=EDGE_CURVE('',#2752,#2813,#283,.T.);
#3436=EDGE_CURVE('',#2751,#2814,#284,.T.);
#3437=EDGE_CURVE('',#2813,#2815,#285,.T.);
#3438=EDGE_CURVE('',#2753,#2815,#286,.T.);
#3439=EDGE_CURVE('',#2754,#2816,#287,.T.);
#3440=EDGE_CURVE('',#2816,#2815,#2513,.T.);
#3441=EDGE_CURVE('',#2817,#2816,#288,.T.);
#3442=EDGE_CURVE('',#2817,#2818,#289,.T.);
#3443=EDGE_CURVE('',#2819,#2818,#290,.T.);
#3444=EDGE_CURVE('',#2819,#2820,#291,.T.);
#3445=EDGE_CURVE('',#2821,#2820,#292,.T.);
#3446=EDGE_CURVE('',#2821,#2822,#293,.T.);
#3447=EDGE_CURVE('',#2823,#2822,#294,.T.);
#3448=EDGE_CURVE('',#2823,#2807,#295,.T.);
#3449=EDGE_CURVE('',#2755,#2806,#296,.T.);
#3450=EDGE_CURVE('',#2756,#2805,#297,.T.);
#3451=EDGE_CURVE('',#2764,#2824,#298,.T.);
#3452=EDGE_CURVE('',#2824,#2825,#299,.T.);
#3453=EDGE_CURVE('',#2825,#2761,#300,.T.);
#3454=EDGE_CURVE('',#2760,#2826,#301,.T.);
#3455=EDGE_CURVE('',#2826,#2827,#302,.T.);
#3456=EDGE_CURVE('',#2827,#2757,#303,.T.);
#3457=EDGE_CURVE('',#2828,#2804,#304,.T.);
#3458=EDGE_CURVE('',#2829,#2828,#305,.T.);
#3459=EDGE_CURVE('',#2801,#2829,#306,.T.);
#3460=EDGE_CURVE('',#2830,#2800,#307,.T.);
#3461=EDGE_CURVE('',#2831,#2830,#308,.T.);
#3462=EDGE_CURVE('',#2797,#2831,#309,.T.);
#3463=EDGE_CURVE('',#2765,#2796,#310,.T.);
#3464=EDGE_CURVE('',#2832,#2832,#2514,.T.);
#3465=EDGE_CURVE('',#2833,#2833,#2515,.T.);
#3466=EDGE_CURVE('',#2834,#2827,#311,.T.);
#3467=EDGE_CURVE('',#2834,#2758,#312,.T.);
#3468=EDGE_CURVE('',#2759,#2835,#313,.T.);
#3469=EDGE_CURVE('',#2835,#2834,#314,.T.);
#3470=EDGE_CURVE('',#2835,#2826,#315,.T.);
#3471=EDGE_CURVE('',#2836,#2825,#316,.T.);
#3472=EDGE_CURVE('',#2836,#2762,#317,.T.);
#3473=EDGE_CURVE('',#2763,#2837,#318,.T.);
#3474=EDGE_CURVE('',#2837,#2836,#319,.T.);
#3475=EDGE_CURVE('',#2837,#2824,#320,.T.);
#3476=EDGE_CURVE('',#2812,#2838,#321,.T.);
#3477=EDGE_CURVE('',#2838,#2839,#322,.T.);
#3478=EDGE_CURVE('',#2839,#2809,#323,.T.);
#3479=EDGE_CURVE('',#2840,#2840,#188,.T.);
#3480=EDGE_CURVE('',#2841,#2841,#189,.T.);
#3481=EDGE_CURVE('',#2770,#2814,#324,.T.);
#3482=EDGE_CURVE('',#2769,#2842,#325,.T.);
#3483=EDGE_CURVE('',#2842,#2843,#326,.T.);
#3484=EDGE_CURVE('',#2844,#2843,#327,.T.);
#3485=EDGE_CURVE('',#2844,#2817,#328,.T.);
#3486=EDGE_CURVE('',#2842,#2771,#329,.T.);
#3487=EDGE_CURVE('',#2771,#2777,#330,.T.);
#3488=EDGE_CURVE('',#2845,#2845,#2516,.T.);
#3489=EDGE_CURVE('',#2782,#2846,#331,.T.);
#3490=EDGE_CURVE('',#2777,#2846,#332,.T.);
#3491=EDGE_CURVE('',#2779,#2847,#333,.T.);
#3492=EDGE_CURVE('',#2847,#2783,#334,.T.);
#3493=EDGE_CURVE('',#2848,#2849,#335,.T.);
#3494=EDGE_CURVE('',#2846,#2849,#336,.T.);
#3495=EDGE_CURVE('',#2850,#2781,#337,.T.);
#3496=EDGE_CURVE('',#2851,#2850,#2517,.T.);
#3497=EDGE_CURVE('',#2852,#2851,#338,.T.);
#3498=EDGE_CURVE('',#2819,#2852,#2518,.T.);
#3499=EDGE_CURVE('',#2848,#2818,#339,.T.);
#3500=EDGE_CURVE('',#2780,#2853,#340,.T.);
#3501=EDGE_CURVE('',#2850,#2853,#341,.T.);
#3502=EDGE_CURVE('',#2847,#2854,#342,.T.);
#3503=EDGE_CURVE('',#2855,#2854,#343,.T.);
#3504=EDGE_CURVE('',#2855,#2821,#344,.T.);
#3505=EDGE_CURVE('',#2820,#2856,#2519,.T.);
#3506=EDGE_CURVE('',#2857,#2856,#345,.T.);
#3507=EDGE_CURVE('',#2857,#2853,#2520,.T.);
#3508=EDGE_CURVE('',#2783,#2789,#346,.T.);
#3509=EDGE_CURVE('',#2858,#2858,#2521,.T.);
#3510=EDGE_CURVE('',#2792,#2859,#347,.T.);
#3511=EDGE_CURVE('',#2789,#2859,#348,.T.);
#3512=EDGE_CURVE('',#2860,#2790,#349,.T.);
#3513=EDGE_CURVE('',#2860,#2793,#350,.T.);
#3514=EDGE_CURVE('',#2861,#2862,#351,.T.);
#3515=EDGE_CURVE('',#2859,#2862,#352,.T.);
#3516=EDGE_CURVE('',#2863,#2860,#2522,.T.);
#3517=EDGE_CURVE('',#2864,#2863,#353,.T.);
#3518=EDGE_CURVE('',#2823,#2864,#2523,.T.);
#3519=EDGE_CURVE('',#2861,#2822,#354,.T.);
#3520=EDGE_CURVE('',#2863,#2794,#355,.T.);
#3521=EDGE_CURVE('',#2864,#2808,#356,.T.);
#3522=EDGE_CURVE('',#2865,#2828,#357,.T.);
#3523=EDGE_CURVE('',#2865,#2803,#358,.T.);
#3524=EDGE_CURVE('',#2802,#2866,#359,.T.);
#3525=EDGE_CURVE('',#2866,#2865,#360,.T.);
#3526=EDGE_CURVE('',#2866,#2829,#361,.T.);
#3527=EDGE_CURVE('',#2867,#2830,#362,.T.);
#3528=EDGE_CURVE('',#2867,#2799,#363,.T.);
#3529=EDGE_CURVE('',#2798,#2868,#364,.T.);
#3530=EDGE_CURVE('',#2868,#2867,#365,.T.);
#3531=EDGE_CURVE('',#2868,#2831,#366,.T.);
#3532=EDGE_CURVE('',#2811,#2838,#367,.T.);
#3533=EDGE_CURVE('',#2810,#2839,#368,.T.);
#3534=EDGE_CURVE('',#2855,#2861,#369,.T.);
#3535=EDGE_CURVE('',#2852,#2856,#370,.T.);
#3536=EDGE_CURVE('',#2844,#2848,#371,.T.);
#3537=EDGE_CURVE('',#2869,#2869,#2524,.T.);
#3538=EDGE_CURVE('',#2869,#2832,#372,.T.);
#3539=EDGE_CURVE('',#2870,#2870,#2525,.T.);
#3540=EDGE_CURVE('',#2870,#2833,#373,.T.);
#3541=EDGE_CURVE('',#2871,#2872,#2526,.T.);
#3542=EDGE_CURVE('',#2872,#2871,#2527,.T.);
#3543=EDGE_CURVE('',#2872,#2840,#374,.T.);
#3544=EDGE_CURVE('',#2873,#2874,#2528,.T.);
#3545=EDGE_CURVE('',#2874,#2873,#2529,.T.);
#3546=EDGE_CURVE('',#2874,#2841,#375,.T.);
#3547=EDGE_CURVE('',#2843,#2849,#376,.T.);
#3548=EDGE_CURVE('',#2875,#2876,#2530,.T.);
#3549=EDGE_CURVE('',#2877,#2876,#377,.T.);
#3550=EDGE_CURVE('',#2878,#2877,#2531,.T.);
#3551=EDGE_CURVE('',#2879,#2878,#378,.T.);
#3552=EDGE_CURVE('',#2880,#2879,#2532,.T.);
#3553=EDGE_CURVE('',#2881,#2880,#379,.T.);
#3554=EDGE_CURVE('',#2882,#2881,#2533,.T.);
#3555=EDGE_CURVE('',#2875,#2882,#380,.T.);
#3556=EDGE_CURVE('',#2845,#2883,#381,.T.);
#3557=EDGE_CURVE('',#2883,#2883,#2534,.T.);
#3558=EDGE_CURVE('',#2854,#2862,#382,.T.);
#3559=EDGE_CURVE('',#2884,#2885,#2535,.T.);
#3560=EDGE_CURVE('',#2886,#2885,#383,.T.);
#3561=EDGE_CURVE('',#2887,#2886,#2536,.T.);
#3562=EDGE_CURVE('',#2888,#2887,#384,.T.);
#3563=EDGE_CURVE('',#2889,#2888,#2537,.T.);
#3564=EDGE_CURVE('',#2890,#2889,#385,.T.);
#3565=EDGE_CURVE('',#2891,#2890,#2538,.T.);
#3566=EDGE_CURVE('',#2884,#2891,#386,.T.);
#3567=EDGE_CURVE('',#2851,#2857,#387,.T.);
#3568=EDGE_CURVE('',#2858,#2892,#388,.T.);
#3569=EDGE_CURVE('',#2892,#2892,#2539,.T.);
#3570=EDGE_CURVE('',#2893,#2893,#2540,.T.);
#3571=EDGE_CURVE('',#2894,#2894,#2541,.T.);
#3572=EDGE_CURVE('',#2895,#2875,#389,.T.);
#3573=EDGE_CURVE('',#2895,#2896,#2542,.T.);
#3574=EDGE_CURVE('',#2896,#2876,#390,.T.);
#3575=EDGE_CURVE('',#2897,#2896,#391,.T.);
#3576=EDGE_CURVE('',#2897,#2877,#392,.T.);
#3577=EDGE_CURVE('',#2898,#2897,#2543,.T.);
#3578=EDGE_CURVE('',#2898,#2878,#393,.T.);
#3579=EDGE_CURVE('',#2899,#2873,#394,.T.);
#3580=EDGE_CURVE('',#2899,#2879,#395,.T.);
#3581=EDGE_CURVE('',#2873,#2898,#396,.T.);
#3582=EDGE_CURVE('',#2900,#2899,#2544,.T.);
#3583=EDGE_CURVE('',#2900,#2880,#397,.T.);
#3584=EDGE_CURVE('',#2901,#2900,#398,.T.);
#3585=EDGE_CURVE('',#2901,#2881,#399,.T.);
#3586=EDGE_CURVE('',#2902,#2901,#2545,.T.);
#3587=EDGE_CURVE('',#2902,#2882,#400,.T.);
#3588=EDGE_CURVE('',#2895,#2902,#401,.T.);
#3589=EDGE_CURVE('',#2903,#2884,#402,.T.);
#3590=EDGE_CURVE('',#2903,#2904,#2546,.T.);
#3591=EDGE_CURVE('',#2904,#2885,#403,.T.);
#3592=EDGE_CURVE('',#2905,#2904,#404,.T.);
#3593=EDGE_CURVE('',#2905,#2886,#405,.T.);
#3594=EDGE_CURVE('',#2906,#2905,#2547,.T.);
#3595=EDGE_CURVE('',#2906,#2887,#406,.T.);
#3596=EDGE_CURVE('',#2907,#2871,#407,.T.);
#3597=EDGE_CURVE('',#2907,#2888,#408,.T.);
#3598=EDGE_CURVE('',#2871,#2906,#409,.T.);
#3599=EDGE_CURVE('',#2908,#2907,#2548,.T.);
#3600=EDGE_CURVE('',#2908,#2889,#410,.T.);
#3601=EDGE_CURVE('',#2909,#2908,#411,.T.);
#3602=EDGE_CURVE('',#2909,#2890,#412,.T.);
#3603=EDGE_CURVE('',#2910,#2909,#2549,.T.);
#3604=EDGE_CURVE('',#2910,#2891,#413,.T.);
#3605=EDGE_CURVE('',#2903,#2910,#414,.T.);
#3606=EDGE_CURVE('',#2893,#2911,#415,.T.);
#3607=EDGE_CURVE('',#2912,#2911,#2550,.T.);
#3608=EDGE_CURVE('',#2912,#2913,#416,.T.);
#3609=EDGE_CURVE('',#2913,#2914,#2551,.T.);
#3610=EDGE_CURVE('',#2915,#2914,#417,.T.);
#3611=EDGE_CURVE('',#2916,#2915,#2552,.T.);
#3612=EDGE_CURVE('',#2916,#2917,#418,.T.);
#3613=EDGE_CURVE('',#2917,#2918,#2553,.T.);
#3614=EDGE_CURVE('',#2919,#2918,#419,.T.);
#3615=EDGE_CURVE('',#2911,#2919,#2554,.T.);
#3616=EDGE_CURVE('',#2894,#2920,#420,.T.);
#3617=EDGE_CURVE('',#2921,#2920,#2555,.T.);
#3618=EDGE_CURVE('',#2921,#2922,#421,.T.);
#3619=EDGE_CURVE('',#2922,#2923,#2556,.T.);
#3620=EDGE_CURVE('',#2924,#2923,#422,.T.);
#3621=EDGE_CURVE('',#2925,#2924,#2557,.T.);
#3622=EDGE_CURVE('',#2925,#2926,#423,.T.);
#3623=EDGE_CURVE('',#2926,#2927,#2558,.T.);
#3624=EDGE_CURVE('',#2928,#2927,#424,.T.);
#3625=EDGE_CURVE('',#2920,#2928,#2559,.T.);
#3626=EDGE_CURVE('',#2916,#2929,#425,.T.);
#3627=EDGE_CURVE('',#2930,#2915,#426,.T.);
#3628=EDGE_CURVE('',#2931,#2930,#427,.T.);
#3629=EDGE_CURVE('',#2932,#2931,#428,.T.);
#3630=EDGE_CURVE('',#2929,#2932,#429,.T.);
#3631=EDGE_CURVE('',#2929,#2933,#430,.T.);
#3632=EDGE_CURVE('',#2917,#2933,#431,.T.);
#3633=EDGE_CURVE('',#2933,#2934,#432,.T.);
#3634=EDGE_CURVE('',#2934,#2935,#433,.T.);
#3635=EDGE_CURVE('',#2935,#2936,#434,.T.);
#3636=EDGE_CURVE('',#2936,#2914,#435,.T.);
#3637=EDGE_CURVE('',#2913,#2937,#436,.T.);
#3638=EDGE_CURVE('',#2937,#2938,#437,.T.);
#3639=EDGE_CURVE('',#2938,#2939,#438,.T.);
#3640=EDGE_CURVE('',#2939,#2940,#439,.T.);
#3641=EDGE_CURVE('',#2940,#2918,#440,.T.);
#3642=EDGE_CURVE('',#2941,#2919,#441,.T.);
#3643=EDGE_CURVE('',#2940,#2941,#442,.T.);
#3644=EDGE_CURVE('',#2912,#2942,#443,.T.);
#3645=EDGE_CURVE('',#2943,#2941,#444,.T.);
#3646=EDGE_CURVE('',#2944,#2943,#445,.T.);
#3647=EDGE_CURVE('',#2942,#2944,#446,.T.);
#3648=EDGE_CURVE('',#2942,#2937,#447,.T.);
#3649=EDGE_CURVE('',#2936,#2930,#448,.T.);
#3650=EDGE_CURVE('',#2925,#2945,#449,.T.);
#3651=EDGE_CURVE('',#2946,#2924,#450,.T.);
#3652=EDGE_CURVE('',#2947,#2946,#451,.T.);
#3653=EDGE_CURVE('',#2948,#2947,#452,.T.);
#3654=EDGE_CURVE('',#2945,#2948,#453,.T.);
#3655=EDGE_CURVE('',#2945,#2949,#454,.T.);
#3656=EDGE_CURVE('',#2926,#2949,#455,.T.);
#3657=EDGE_CURVE('',#2949,#2950,#456,.T.);
#3658=EDGE_CURVE('',#2950,#2951,#457,.T.);
#3659=EDGE_CURVE('',#2951,#2952,#458,.T.);
#3660=EDGE_CURVE('',#2952,#2923,#459,.T.);
#3661=EDGE_CURVE('',#2922,#2953,#460,.T.);
#3662=EDGE_CURVE('',#2953,#2954,#461,.T.);
#3663=EDGE_CURVE('',#2954,#2955,#462,.T.);
#3664=EDGE_CURVE('',#2955,#2956,#463,.T.);
#3665=EDGE_CURVE('',#2956,#2927,#464,.T.);
#3666=EDGE_CURVE('',#2957,#2928,#465,.T.);
#3667=EDGE_CURVE('',#2956,#2957,#466,.T.);
#3668=EDGE_CURVE('',#2921,#2958,#467,.T.);
#3669=EDGE_CURVE('',#2959,#2957,#468,.T.);
#3670=EDGE_CURVE('',#2960,#2959,#469,.T.);
#3671=EDGE_CURVE('',#2958,#2960,#470,.T.);
#3672=EDGE_CURVE('',#2958,#2953,#471,.T.);
#3673=EDGE_CURVE('',#2952,#2946,#472,.T.);
#3674=EDGE_CURVE('',#2932,#2934,#473,.T.);
#3675=EDGE_CURVE('',#2931,#2935,#474,.T.);
#3676=EDGE_CURVE('',#2944,#2938,#475,.T.);
#3677=EDGE_CURVE('',#2943,#2939,#476,.T.);
#3678=EDGE_CURVE('',#2948,#2950,#477,.T.);
#3679=EDGE_CURVE('',#2947,#2951,#478,.T.);
#3680=EDGE_CURVE('',#2960,#2954,#479,.T.);
#3681=EDGE_CURVE('',#2959,#2955,#480,.T.);
#3682=EDGE_CURVE('',#2961,#2961,#2560,.T.);
#3683=EDGE_CURVE('',#2962,#2961,#2561,.T.);
#3684=EDGE_CURVE('',#2963,#2963,#2562,.T.);
#3685=EDGE_CURVE('',#2963,#2961,#481,.T.);
#3686=EDGE_CURVE('',#2964,#2963,#482,.T.);
#3687=EDGE_CURVE('',#2964,#2965,#2563,.T.);
#3688=EDGE_CURVE('',#2963,#2965,#483,.T.);
#3689=EDGE_CURVE('',#2966,#2967,#2564,.T.);
#3690=EDGE_CURVE('',#2967,#2965,#484,.T.);
#3691=EDGE_CURVE('',#2966,#2964,#485,.T.);
#3692=EDGE_CURVE('',#2966,#2967,#486,.T.);
#3693=EDGE_CURVE('',#2968,#2969,#487,.T.);
#3694=EDGE_CURVE('',#2969,#2970,#488,.T.);
#3695=EDGE_CURVE('',#2970,#2971,#489,.T.);
#3696=EDGE_CURVE('',#2971,#2968,#490,.T.);
#3697=EDGE_CURVE('',#2972,#2973,#491,.T.);
#3698=EDGE_CURVE('',#2973,#2974,#492,.T.);
#3699=EDGE_CURVE('',#2974,#2975,#493,.T.);
#3700=EDGE_CURVE('',#2975,#2972,#494,.T.);
#3701=EDGE_CURVE('',#2968,#2976,#495,.T.);
#3702=EDGE_CURVE('',#2977,#2976,#496,.T.);
#3703=EDGE_CURVE('',#2969,#2977,#497,.T.);
#3704=EDGE_CURVE('',#2971,#2978,#498,.T.);
#3705=EDGE_CURVE('',#2976,#2978,#499,.T.);
#3706=EDGE_CURVE('',#2970,#2979,#500,.T.);
#3707=EDGE_CURVE('',#2978,#2979,#501,.T.);
#3708=EDGE_CURVE('',#2979,#2977,#502,.T.);
#3709=EDGE_CURVE('',#2972,#2980,#503,.T.);
#3710=EDGE_CURVE('',#2981,#2980,#504,.T.);
#3711=EDGE_CURVE('',#2973,#2981,#505,.T.);
#3712=EDGE_CURVE('',#2975,#2982,#506,.T.);
#3713=EDGE_CURVE('',#2980,#2982,#507,.T.);
#3714=EDGE_CURVE('',#2974,#2983,#508,.T.);
#3715=EDGE_CURVE('',#2982,#2983,#509,.T.);
#3716=EDGE_CURVE('',#2983,#2981,#510,.T.);
#3717=EDGE_CURVE('',#2984,#2984,#2565,.T.);
#3718=EDGE_CURVE('',#2984,#2985,#511,.T.);
#3719=EDGE_CURVE('',#2985,#2985,#2566,.T.);
#3720=EDGE_CURVE('',#2986,#2986,#2567,.T.);
#3721=EDGE_CURVE('',#2986,#2984,#2568,.T.);
#3722=EDGE_CURVE('',#2987,#2987,#2569,.T.);
#3723=EDGE_CURVE('',#2988,#2988,#180,.T.);
#3724=EDGE_CURVE('',#2987,#2989,#512,.T.);
#3725=EDGE_CURVE('',#2989,#2989,#2570,.T.);
#3726=EDGE_CURVE('',#2988,#2990,#2571,.T.);
#3727=EDGE_CURVE('',#2990,#2991,#2572,.T.);
#3728=EDGE_CURVE('',#2991,#2990,#2573,.T.);
#3729=EDGE_CURVE('',#2992,#2992,#2574,.T.);
#3730=EDGE_CURVE('',#2991,#2993,#513,.T.);
#3731=EDGE_CURVE('',#2993,#2993,#2575,.T.);
#3732=EDGE_CURVE('',#2992,#2994,#514,.T.);
#3733=EDGE_CURVE('',#2994,#2994,#2576,.T.);
#3734=EDGE_CURVE('',#2995,#2995,#2577,.T.);
#3735=EDGE_CURVE('',#2995,#2994,#2578,.T.);
#3736=EDGE_CURVE('',#2996,#2996,#181,.T.);
#3737=EDGE_CURVE('',#2997,#2998,#2579,.T.);
#3738=EDGE_CURVE('',#2998,#2997,#2580,.T.);
#3739=EDGE_CURVE('',#2997,#2996,#2581,.T.);
#3740=EDGE_CURVE('',#2999,#2999,#2582,.T.);
#3741=EDGE_CURVE('',#2999,#2998,#515,.T.);
#3742=EDGE_CURVE('',#3000,#3001,#516,.T.);
#3743=EDGE_CURVE('',#3001,#3002,#517,.T.);
#3744=EDGE_CURVE('',#3003,#3002,#518,.T.);
#3745=EDGE_CURVE('',#3003,#3004,#519,.T.);
#3746=EDGE_CURVE('',#3004,#3005,#520,.T.);
#3747=EDGE_CURVE('',#3006,#3005,#521,.T.);
#3748=EDGE_CURVE('',#3000,#3006,#522,.T.);
#3749=EDGE_CURVE('',#3007,#3008,#523,.T.);
#3750=EDGE_CURVE('',#3009,#3007,#524,.T.);
#3751=EDGE_CURVE('',#3010,#3009,#525,.T.);
#3752=EDGE_CURVE('',#3008,#3010,#526,.T.);
#3753=EDGE_CURVE('',#3011,#3000,#527,.T.);
#3754=EDGE_CURVE('',#3011,#3012,#528,.T.);
#3755=EDGE_CURVE('',#3013,#3012,#529,.T.);
#3756=EDGE_CURVE('',#3013,#3001,#530,.T.);
#3757=EDGE_CURVE('',#3006,#3014,#531,.T.);
#3758=EDGE_CURVE('',#3014,#3015,#532,.T.);
#3759=EDGE_CURVE('',#3015,#3016,#533,.T.);
#3760=EDGE_CURVE('',#3016,#3011,#534,.T.);
#3761=EDGE_CURVE('',#3001,#3017,#535,.T.);
#3762=EDGE_CURVE('',#3017,#3018,#536,.T.);
#3763=EDGE_CURVE('',#3018,#3019,#537,.T.);
#3764=EDGE_CURVE('',#3002,#3019,#538,.T.);
#3765=EDGE_CURVE('',#3005,#3020,#539,.T.);
#3766=EDGE_CURVE('',#3014,#3020,#540,.T.);
#3767=EDGE_CURVE('',#3021,#3021,#2583,.T.);
#3768=EDGE_CURVE('',#3019,#3022,#541,.T.);
#3769=EDGE_CURVE('',#3022,#3023,#542,.T.);
#3770=EDGE_CURVE('',#3003,#3023,#543,.T.);
#3771=EDGE_CURVE('',#3024,#3004,#544,.T.);
#3772=EDGE_CURVE('',#3025,#3024,#545,.T.);
#3773=EDGE_CURVE('',#3025,#3026,#546,.T.);
#3774=EDGE_CURVE('',#3026,#3027,#547,.T.);
#3775=EDGE_CURVE('',#3028,#3027,#548,.T.);
#3776=EDGE_CURVE('',#3029,#3028,#549,.T.);
#3777=EDGE_CURVE('',#3030,#3029,#550,.T.);
#3778=EDGE_CURVE('',#3020,#3030,#551,.T.);
#3779=EDGE_CURVE('',#3003,#3031,#552,.T.);
#3780=EDGE_CURVE('',#3031,#3032,#553,.T.);
#3781=EDGE_CURVE('',#3032,#3024,#2584,.T.);
#3782=EDGE_CURVE('',#3033,#3007,#554,.T.);
#3783=EDGE_CURVE('',#3034,#3008,#555,.T.);
#3784=EDGE_CURVE('',#3033,#3034,#556,.T.);
#3785=EDGE_CURVE('',#3035,#3010,#557,.T.);
#3786=EDGE_CURVE('',#3034,#3035,#558,.T.);
#3787=EDGE_CURVE('',#3036,#3009,#559,.T.);
#3788=EDGE_CURVE('',#3035,#3036,#560,.T.);
#3789=EDGE_CURVE('',#3036,#3033,#561,.T.);
#3790=EDGE_CURVE('',#3013,#3037,#562,.T.);
#3791=EDGE_CURVE('',#3037,#3038,#563,.T.);
#3792=EDGE_CURVE('',#3039,#3038,#564,.T.);
#3793=EDGE_CURVE('',#3039,#3017,#565,.T.);
#3794=EDGE_CURVE('',#3040,#3013,#2585,.T.);
#3795=EDGE_CURVE('',#3041,#3012,#2586,.T.);
#3796=EDGE_CURVE('',#3040,#3041,#566,.T.);
#3797=EDGE_CURVE('',#3016,#3042,#567,.T.);
#3798=EDGE_CURVE('',#3012,#3042,#568,.T.);
#3799=EDGE_CURVE('',#3015,#3030,#569,.T.);
#3800=EDGE_CURVE('',#3043,#3029,#570,.T.);
#3801=EDGE_CURVE('',#3042,#3043,#2587,.T.);
#3802=EDGE_CURVE('',#3017,#3044,#571,.T.);
#3803=EDGE_CURVE('',#3044,#3045,#572,.T.);
#3804=EDGE_CURVE('',#3018,#3045,#573,.T.);
#3805=EDGE_CURVE('',#3018,#3046,#574,.T.);
#3806=EDGE_CURVE('',#3046,#3047,#575,.T.);
#3807=EDGE_CURVE('',#3047,#3022,#576,.T.);
#3808=EDGE_CURVE('',#3048,#3049,#2588,.T.);
#3809=EDGE_CURVE('',#3048,#3050,#190,.T.);
#3810=EDGE_CURVE('',#3051,#3050,#182,.T.);
#3811=EDGE_CURVE('',#3051,#3052,#191,.T.);
#3812=EDGE_CURVE('',#3053,#3052,#183,.T.);
#3813=EDGE_CURVE('',#3053,#3054,#192,.T.);
#3814=EDGE_CURVE('',#3049,#3054,#2589,.T.);
#3815=EDGE_CURVE('',#3049,#3021,#577,.T.);
#3816=EDGE_CURVE('',#3022,#3055,#578,.T.);
#3817=EDGE_CURVE('',#3056,#3055,#579,.T.);
#3818=EDGE_CURVE('',#3023,#3056,#580,.T.);
#3819=EDGE_CURVE('',#3023,#3057,#581,.T.);
#3820=EDGE_CURVE('',#3057,#3058,#582,.T.);
#3821=EDGE_CURVE('',#3058,#3059,#583,.T.);
#3822=EDGE_CURVE('',#3040,#3059,#584,.T.);
#3823=EDGE_CURVE('',#3060,#3040,#585,.T.);
#3824=EDGE_CURVE('',#3060,#3061,#586,.T.);
#3825=EDGE_CURVE('',#3062,#3061,#587,.T.);
#3826=EDGE_CURVE('',#3062,#3031,#588,.T.);
#3827=EDGE_CURVE('',#3041,#3043,#589,.T.);
#3828=EDGE_CURVE('',#3041,#3028,#590,.T.);
#3829=EDGE_CURVE('',#3063,#3060,#591,.T.);
#3830=EDGE_CURVE('',#3063,#3027,#2590,.T.);
#3831=EDGE_CURVE('',#3064,#3063,#592,.T.);
#3832=EDGE_CURVE('',#3065,#3026,#2591,.T.);
#3833=EDGE_CURVE('',#3066,#3065,#593,.T.);
#3834=EDGE_CURVE('',#3066,#3064,#2592,.T.);
#3835=EDGE_CURVE('',#3067,#3068,#594,.T.);
#3836=EDGE_CURVE('',#3068,#3065,#595,.T.);
#3837=EDGE_CURVE('',#3069,#3025,#2593,.T.);
#3838=EDGE_CURVE('',#3067,#3069,#596,.T.);
#3839=EDGE_CURVE('',#3070,#3032,#597,.T.);
#3840=EDGE_CURVE('',#3071,#3070,#2594,.T.);
#3841=EDGE_CURVE('',#3071,#3069,#598,.T.);
#3842=EDGE_CURVE('',#3062,#3070,#599,.T.);
#3843=EDGE_CURVE('',#3072,#3073,#600,.T.);
#3844=EDGE_CURVE('',#3072,#3033,#2595,.T.);
#3845=EDGE_CURVE('',#3073,#3034,#2596,.T.);
#3846=EDGE_CURVE('',#3074,#3035,#2597,.T.);
#3847=EDGE_CURVE('',#3073,#3074,#601,.T.);
#3848=EDGE_CURVE('',#3075,#3036,#2598,.T.);
#3849=EDGE_CURVE('',#3074,#3075,#602,.T.);
#3850=EDGE_CURVE('',#3075,#3072,#603,.T.);
#3851=EDGE_CURVE('',#3038,#3044,#604,.T.);
#3852=EDGE_CURVE('',#3076,#3058,#605,.T.);
#3853=EDGE_CURVE('',#3076,#3077,#606,.T.);
#3854=EDGE_CURVE('',#3077,#3078,#607,.T.);
#3855=EDGE_CURVE('',#3078,#3079,#2599,.T.);
#3856=EDGE_CURVE('',#3080,#3079,#608,.T.);
#3857=EDGE_CURVE('',#3080,#3081,#609,.T.);
#3858=EDGE_CURVE('',#3038,#3081,#610,.T.);
#3859=EDGE_CURVE('',#3059,#3037,#2600,.T.);
#3860=EDGE_CURVE('',#3045,#3081,#611,.T.);
#3861=EDGE_CURVE('',#3046,#3080,#612,.T.);
#3862=EDGE_CURVE('',#3044,#3082,#613,.T.);
#3863=EDGE_CURVE('',#3082,#3083,#614,.T.);
#3864=EDGE_CURVE('',#3084,#3083,#615,.T.);
#3865=EDGE_CURVE('',#3045,#3084,#616,.T.);
#3866=EDGE_CURVE('',#3085,#3080,#617,.T.);
#3867=EDGE_CURVE('',#3086,#3085,#618,.T.);
#3868=EDGE_CURVE('',#3077,#3086,#619,.T.);
#3869=EDGE_CURVE('',#3047,#3077,#620,.T.);
#3870=EDGE_CURVE('',#3055,#3076,#621,.T.);
#3871=EDGE_CURVE('',#3054,#3048,#622,.T.);
#3872=EDGE_CURVE('',#3087,#3087,#2601,.T.);
#3873=EDGE_CURVE('',#3053,#3050,#623,.T.);
#3874=EDGE_CURVE('',#3052,#3051,#624,.T.);
#3875=EDGE_CURVE('',#3055,#3088,#625,.T.);
#3876=EDGE_CURVE('',#3088,#3089,#626,.T.);
#3877=EDGE_CURVE('',#3089,#3090,#627,.T.);
#3878=EDGE_CURVE('',#3056,#3090,#628,.T.);
#3879=EDGE_CURVE('',#3056,#3058,#629,.T.);
#3880=EDGE_CURVE('',#3091,#3092,#630,.T.);
#3881=EDGE_CURVE('',#3091,#3071,#631,.T.);
#3882=EDGE_CURVE('',#3064,#3061,#632,.T.);
#3883=EDGE_CURVE('',#3092,#3066,#633,.T.);
#3884=EDGE_CURVE('',#3092,#3068,#2602,.T.);
#3885=EDGE_CURVE('',#3093,#3093,#2603,.T.);
#3886=EDGE_CURVE('',#3091,#3067,#2604,.T.);
#3887=EDGE_CURVE('',#3094,#3094,#2605,.T.);
#3888=EDGE_CURVE('',#3095,#3072,#634,.T.);
#3889=EDGE_CURVE('',#3096,#3073,#635,.T.);
#3890=EDGE_CURVE('',#3095,#3096,#636,.T.);
#3891=EDGE_CURVE('',#3097,#3074,#637,.T.);
#3892=EDGE_CURVE('',#3096,#3097,#638,.T.);
#3893=EDGE_CURVE('',#3098,#3075,#639,.T.);
#3894=EDGE_CURVE('',#3097,#3098,#640,.T.);
#3895=EDGE_CURVE('',#3098,#3095,#641,.T.);
#3896=EDGE_CURVE('',#3038,#3099,#642,.T.);
#3897=EDGE_CURVE('',#3099,#3082,#643,.T.);
#3898=EDGE_CURVE('',#3081,#3100,#644,.T.);
#3899=EDGE_CURVE('',#3100,#3101,#645,.T.);
#3900=EDGE_CURVE('',#3101,#3099,#646,.T.);
#3901=EDGE_CURVE('',#3080,#3081,#647,.T.);
#3902=EDGE_CURVE('',#3079,#3102,#648,.T.);
#3903=EDGE_CURVE('',#3100,#3102,#649,.T.);
#3904=EDGE_CURVE('',#3078,#3103,#650,.T.);
#3905=EDGE_CURVE('',#3103,#3102,#2606,.T.);
#3906=EDGE_CURVE('',#3104,#3103,#651,.T.);
#3907=EDGE_CURVE('',#3076,#3077,#652,.T.);
#3908=EDGE_CURVE('',#3104,#3076,#653,.T.);
#3909=EDGE_CURVE('',#3105,#3104,#654,.T.);
#3910=EDGE_CURVE('',#3058,#3106,#655,.T.);
#3911=EDGE_CURVE('',#3106,#3105,#656,.T.);
#3912=EDGE_CURVE('',#3107,#3055,#657,.T.);
#3913=EDGE_CURVE('',#3085,#3086,#2607,.T.);
#3914=EDGE_CURVE('',#3108,#3045,#658,.T.);
#3915=EDGE_CURVE('',#3107,#3108,#659,.T.);
#3916=EDGE_CURVE('',#3109,#3084,#660,.T.);
#3917=EDGE_CURVE('',#3108,#3109,#661,.T.);
#3918=EDGE_CURVE('',#3084,#3100,#662,.T.);
#3919=EDGE_CURVE('',#3101,#3083,#663,.T.);
#3920=EDGE_CURVE('',#3087,#3110,#664,.T.);
#3921=EDGE_CURVE('',#3110,#3110,#2608,.T.);
#3922=EDGE_CURVE('',#3090,#3106,#665,.T.);
#3923=EDGE_CURVE('',#3089,#3105,#666,.T.);
#3924=EDGE_CURVE('',#3111,#3088,#667,.T.);
#3925=EDGE_CURVE('',#3111,#3107,#668,.T.);
#3926=EDGE_CURVE('',#3088,#3104,#669,.T.);
#3927=EDGE_CURVE('',#3093,#3094,#670,.T.);
#3928=EDGE_CURVE('',#3112,#3095,#2609,.T.);
#3929=EDGE_CURVE('',#3113,#3096,#2610,.T.);
#3930=EDGE_CURVE('',#3112,#3113,#671,.T.);
#3931=EDGE_CURVE('',#3114,#3097,#2611,.T.);
#3932=EDGE_CURVE('',#3113,#3114,#672,.T.);
#3933=EDGE_CURVE('',#3114,#3115,#673,.T.);
#3934=EDGE_CURVE('',#3115,#3098,#2612,.T.);
#3935=EDGE_CURVE('',#3115,#3112,#674,.T.);
#3936=EDGE_CURVE('',#3102,#3103,#2613,.T.);
#3937=EDGE_CURVE('',#3109,#3111,#675,.T.);
#3938=EDGE_CURVE('',#3103,#3116,#676,.T.);
#3939=EDGE_CURVE('',#3117,#3116,#677,.T.);
#3940=EDGE_CURVE('',#3102,#3117,#678,.T.);
#3941=EDGE_CURVE('',#3118,#3119,#679,.T.);
#3942=EDGE_CURVE('',#3118,#3107,#2614,.T.);
#3943=EDGE_CURVE('',#3119,#3108,#2615,.T.);
#3944=EDGE_CURVE('',#3120,#3109,#2616,.T.);
#3945=EDGE_CURVE('',#3119,#3120,#680,.T.);
#3946=EDGE_CURVE('',#3121,#3110,#2617,.T.);
#3947=EDGE_CURVE('',#3122,#3111,#2618,.T.);
#3948=EDGE_CURVE('',#3122,#3118,#681,.T.);
#3949=EDGE_CURVE('',#3123,#3112,#682,.T.);
#3950=EDGE_CURVE('',#3124,#3113,#683,.T.);
#3951=EDGE_CURVE('',#3125,#3124,#2619,.T.);
#3952=EDGE_CURVE('',#3126,#3125,#684,.T.);
#3953=EDGE_CURVE('',#3126,#3123,#2620,.T.);
#3954=EDGE_CURVE('',#3127,#3114,#685,.T.);
#3955=EDGE_CURVE('',#3124,#3127,#686,.T.);
#3956=EDGE_CURVE('',#3128,#3115,#687,.T.);
#3957=EDGE_CURVE('',#3129,#3128,#2621,.T.);
#3958=EDGE_CURVE('',#3130,#3129,#688,.T.);
#3959=EDGE_CURVE('',#3130,#3127,#2622,.T.);
#3960=EDGE_CURVE('',#3128,#3123,#689,.T.);
#3961=EDGE_CURVE('',#3120,#3122,#690,.T.);
#3962=EDGE_CURVE('',#3131,#3118,#691,.T.);
#3963=EDGE_CURVE('',#3132,#3119,#692,.T.);
#3964=EDGE_CURVE('',#3131,#3132,#693,.T.);
#3965=EDGE_CURVE('',#3133,#3120,#694,.T.);
#3966=EDGE_CURVE('',#3132,#3133,#695,.T.);
#3967=EDGE_CURVE('',#3134,#3122,#696,.T.);
#3968=EDGE_CURVE('',#3134,#3131,#697,.T.);
#3969=EDGE_CURVE('',#3129,#3126,#698,.T.);
#3970=EDGE_CURVE('',#3125,#3130,#699,.T.);
#3971=EDGE_CURVE('',#3133,#3134,#700,.T.);
#3972=EDGE_CURVE('',#3135,#3131,#2623,.T.);
#3973=EDGE_CURVE('',#3136,#3132,#2624,.T.);
#3974=EDGE_CURVE('',#3135,#3136,#701,.T.);
#3975=EDGE_CURVE('',#3137,#3133,#2625,.T.);
#3976=EDGE_CURVE('',#3136,#3137,#702,.T.);
#3977=EDGE_CURVE('',#3138,#3134,#2626,.T.);
#3978=EDGE_CURVE('',#3138,#3135,#703,.T.);
#3979=EDGE_CURVE('',#3137,#3138,#704,.T.);
#3980=EDGE_CURVE('',#3139,#3135,#705,.T.);
#3981=EDGE_CURVE('',#3140,#3136,#706,.T.);
#3982=EDGE_CURVE('',#3141,#3140,#2627,.T.);
#3983=EDGE_CURVE('',#3142,#3141,#707,.T.);
#3984=EDGE_CURVE('',#3142,#3139,#2628,.T.);
#3985=EDGE_CURVE('',#3143,#3137,#708,.T.);
#3986=EDGE_CURVE('',#3140,#3143,#709,.T.);
#3987=EDGE_CURVE('',#3144,#3138,#710,.T.);
#3988=EDGE_CURVE('',#3144,#3139,#711,.T.);
#3989=EDGE_CURVE('',#3145,#3144,#2629,.T.);
#3990=EDGE_CURVE('',#3146,#3145,#712,.T.);
#3991=EDGE_CURVE('',#3146,#3143,#2630,.T.);
#3992=EDGE_CURVE('',#3145,#3142,#713,.T.);
#3993=EDGE_CURVE('',#3141,#3146,#714,.T.);
#3994=EDGE_CURVE('',#3147,#3148,#715,.T.);
#3995=EDGE_CURVE('',#3147,#3149,#716,.T.);
#3996=EDGE_CURVE('',#3149,#3150,#717,.T.);
#3997=EDGE_CURVE('',#3148,#3150,#718,.T.);
#3998=EDGE_CURVE('',#3149,#3147,#2631,.T.);
#3999=EDGE_CURVE('',#3150,#3148,#2632,.T.);
#4000=EDGE_CURVE('',#3151,#3152,#719,.T.);
#4001=EDGE_CURVE('',#3153,#3151,#720,.T.);
#4002=EDGE_CURVE('',#3154,#3153,#721,.T.);
#4003=EDGE_CURVE('',#3152,#3154,#722,.T.);
#4004=EDGE_CURVE('',#3155,#3156,#723,.T.);
#4005=EDGE_CURVE('',#3157,#3155,#724,.T.);
#4006=EDGE_CURVE('',#3158,#3157,#725,.T.);
#4007=EDGE_CURVE('',#3156,#3158,#726,.T.);
#4008=EDGE_CURVE('',#3159,#3160,#727,.T.);
#4009=EDGE_CURVE('',#3161,#3159,#728,.T.);
#4010=EDGE_CURVE('',#3162,#3161,#729,.T.);
#4011=EDGE_CURVE('',#3160,#3162,#730,.T.);
#4012=EDGE_CURVE('',#3151,#3163,#731,.T.);
#4013=EDGE_CURVE('',#3152,#3164,#732,.T.);
#4014=EDGE_CURVE('',#3163,#3164,#733,.T.);
#4015=EDGE_CURVE('',#3154,#3165,#734,.T.);
#4016=EDGE_CURVE('',#3164,#3165,#735,.T.);
#4017=EDGE_CURVE('',#3153,#3166,#736,.T.);
#4018=EDGE_CURVE('',#3165,#3166,#737,.T.);
#4019=EDGE_CURVE('',#3166,#3163,#738,.T.);
#4020=EDGE_CURVE('',#3155,#3167,#739,.T.);
#4021=EDGE_CURVE('',#3156,#3168,#740,.T.);
#4022=EDGE_CURVE('',#3167,#3168,#741,.T.);
#4023=EDGE_CURVE('',#3158,#3169,#742,.T.);
#4024=EDGE_CURVE('',#3168,#3169,#743,.T.);
#4025=EDGE_CURVE('',#3157,#3170,#744,.T.);
#4026=EDGE_CURVE('',#3169,#3170,#745,.T.);
#4027=EDGE_CURVE('',#3170,#3167,#746,.T.);
#4028=EDGE_CURVE('',#3159,#3171,#747,.T.);
#4029=EDGE_CURVE('',#3160,#3172,#748,.T.);
#4030=EDGE_CURVE('',#3171,#3172,#749,.T.);
#4031=EDGE_CURVE('',#3162,#3173,#750,.T.);
#4032=EDGE_CURVE('',#3172,#3173,#751,.T.);
#4033=EDGE_CURVE('',#3161,#3174,#752,.T.);
#4034=EDGE_CURVE('',#3173,#3174,#753,.T.);
#4035=EDGE_CURVE('',#3174,#3171,#754,.T.);
#4036=EDGE_CURVE('',#3175,#3175,#2633,.T.);
#4037=EDGE_CURVE('',#3175,#3176,#755,.T.);
#4038=EDGE_CURVE('',#3176,#3176,#2634,.T.);
#4039=EDGE_CURVE('',#3177,#3177,#2635,.T.);
#4040=EDGE_CURVE('',#3177,#3178,#756,.T.);
#4041=EDGE_CURVE('',#3178,#3178,#2636,.T.);
#4042=EDGE_CURVE('',#3179,#3179,#2637,.T.);
#4043=EDGE_CURVE('',#3179,#3180,#757,.T.);
#4044=EDGE_CURVE('',#3180,#3180,#2638,.T.);
#4045=EDGE_CURVE('',#3181,#3181,#2639,.T.);
#4046=EDGE_CURVE('',#3181,#3182,#758,.T.);
#4047=EDGE_CURVE('',#3182,#3182,#2640,.T.);
#4048=EDGE_CURVE('',#3183,#3184,#2641,.T.);
#4049=EDGE_CURVE('',#3185,#3183,#2642,.T.);
#4050=EDGE_CURVE('',#3186,#3185,#2643,.T.);
#4051=EDGE_CURVE('',#3187,#3186,#2644,.T.);
#4052=EDGE_CURVE('',#3188,#3187,#2645,.T.);
#4053=EDGE_CURVE('',#3189,#3188,#2646,.T.);
#4054=EDGE_CURVE('',#3184,#3189,#2647,.T.);
#4055=EDGE_CURVE('',#3184,#3190,#2648,.T.);
#4056=EDGE_CURVE('',#3190,#3190,#2649,.T.);
#4057=EDGE_CURVE('',#3191,#3191,#2650,.T.);
#4058=EDGE_CURVE('',#3191,#3192,#759,.T.);
#4059=EDGE_CURVE('',#3192,#3192,#2651,.T.);
#4060=EDGE_CURVE('',#3193,#3193,#2652,.T.);
#4061=EDGE_CURVE('',#3193,#3194,#760,.T.);
#4062=EDGE_CURVE('',#3194,#3194,#2653,.T.);
#4063=EDGE_CURVE('',#3195,#3196,#2654,.T.);
#4064=EDGE_CURVE('',#3197,#3195,#761,.T.);
#4065=EDGE_CURVE('',#3198,#3197,#2655,.T.);
#4066=EDGE_CURVE('',#3198,#3199,#762,.T.);
#4067=EDGE_CURVE('',#3200,#3199,#2656,.T.);
#4068=EDGE_CURVE('',#3201,#3200,#763,.T.);
#4069=EDGE_CURVE('',#3202,#3201,#2657,.T.);
#4070=EDGE_CURVE('',#3202,#3203,#764,.T.);
#4071=EDGE_CURVE('',#3204,#3203,#2658,.T.);
#4072=EDGE_CURVE('',#3205,#3204,#765,.T.);
#4073=EDGE_CURVE('',#3206,#3205,#2659,.T.);
#4074=EDGE_CURVE('',#3206,#3207,#766,.T.);
#4075=EDGE_CURVE('',#3196,#3207,#2660,.T.);
#4076=EDGE_CURVE('',#3196,#3208,#767,.T.);
#4077=EDGE_CURVE('',#3209,#3208,#2661,.T.);
#4078=EDGE_CURVE('',#3208,#3209,#2662,.T.);
#4079=EDGE_CURVE('',#3210,#3210,#2663,.T.);
#4080=EDGE_CURVE('',#3210,#3209,#2664,.T.);
#4081=EDGE_CURVE('',#3205,#3183,#768,.T.);
#4082=EDGE_CURVE('',#3211,#3204,#769,.T.);
#4083=EDGE_CURVE('',#3183,#3211,#770,.T.);
#4084=EDGE_CURVE('',#3185,#3212,#771,.T.);
#4085=EDGE_CURVE('',#3212,#3211,#2665,.T.);
#4086=EDGE_CURVE('',#3185,#3202,#772,.T.);
#4087=EDGE_CURVE('',#3203,#3212,#773,.T.);
#4088=EDGE_CURVE('',#3201,#3186,#774,.T.);
#4089=EDGE_CURVE('',#3213,#3200,#775,.T.);
#4090=EDGE_CURVE('',#3186,#3213,#776,.T.);
#4091=EDGE_CURVE('',#3187,#3214,#777,.T.);
#4092=EDGE_CURVE('',#3214,#3213,#2666,.T.);
#4093=EDGE_CURVE('',#3187,#3198,#778,.T.);
#4094=EDGE_CURVE('',#3199,#3214,#779,.T.);
#4095=EDGE_CURVE('',#3189,#3215,#780,.T.);
#4096=EDGE_CURVE('',#3188,#3216,#781,.T.);
#4097=EDGE_CURVE('',#3215,#3216,#2667,.T.);
#4098=EDGE_CURVE('',#3189,#3206,#782,.T.);
#4099=EDGE_CURVE('',#3207,#3215,#783,.T.);
#4100=EDGE_CURVE('',#3197,#3188,#784,.T.);
#4101=EDGE_CURVE('',#3216,#3195,#785,.T.);
#4102=EDGE_CURVE('',#3217,#3218,#786,.T.);
#4103=EDGE_CURVE('',#3217,#3219,#787,.T.);
#4104=EDGE_CURVE('',#3220,#3219,#788,.T.);
#4105=EDGE_CURVE('',#3218,#3220,#789,.T.);
#4106=EDGE_CURVE('',#3221,#3217,#790,.T.);
#4107=EDGE_CURVE('',#3221,#3222,#791,.T.);
#4108=EDGE_CURVE('',#3219,#3222,#792,.T.);
#4109=EDGE_CURVE('',#3218,#3223,#793,.T.);
#4110=EDGE_CURVE('',#3224,#3220,#794,.T.);
#4111=EDGE_CURVE('',#3223,#3224,#795,.T.);
#4112=EDGE_CURVE('',#3223,#3221,#796,.T.);
#4113=EDGE_CURVE('',#3222,#3224,#797,.T.);
#4114=EDGE_CURVE('',#3225,#3226,#798,.T.);
#4115=EDGE_CURVE('',#3225,#3227,#799,.T.);
#4116=EDGE_CURVE('',#3228,#3227,#800,.T.);
#4117=EDGE_CURVE('',#3226,#3228,#801,.T.);
#4118=EDGE_CURVE('',#3229,#3225,#802,.T.);
#4119=EDGE_CURVE('',#3229,#3230,#803,.T.);
#4120=EDGE_CURVE('',#3227,#3230,#804,.T.);
#4121=EDGE_CURVE('',#3231,#3229,#805,.T.);
#4122=EDGE_CURVE('',#3231,#3232,#806,.T.);
#4123=EDGE_CURVE('',#3230,#3232,#807,.T.);
#4124=EDGE_CURVE('',#3233,#3231,#808,.T.);
#4125=EDGE_CURVE('',#3233,#3234,#809,.T.);
#4126=EDGE_CURVE('',#3232,#3234,#810,.T.);
#4127=EDGE_CURVE('',#3235,#3233,#811,.T.);
#4128=EDGE_CURVE('',#3235,#3236,#812,.T.);
#4129=EDGE_CURVE('',#3234,#3236,#813,.T.);
#4130=EDGE_CURVE('',#3237,#3235,#814,.T.);
#4131=EDGE_CURVE('',#3237,#3238,#815,.T.);
#4132=EDGE_CURVE('',#3236,#3238,#816,.T.);
#4133=EDGE_CURVE('',#3226,#3239,#817,.T.);
#4134=EDGE_CURVE('',#3240,#3228,#818,.T.);
#4135=EDGE_CURVE('',#3239,#3240,#819,.T.);
#4136=EDGE_CURVE('',#3239,#3241,#820,.T.);
#4137=EDGE_CURVE('',#3242,#3240,#821,.T.);
#4138=EDGE_CURVE('',#3241,#3242,#822,.T.);
#4139=EDGE_CURVE('',#3241,#3243,#823,.T.);
#4140=EDGE_CURVE('',#3244,#3242,#824,.T.);
#4141=EDGE_CURVE('',#3243,#3244,#825,.T.);
#4142=EDGE_CURVE('',#3243,#3245,#826,.T.);
#4143=EDGE_CURVE('',#3246,#3244,#827,.T.);
#4144=EDGE_CURVE('',#3245,#3246,#828,.T.);
#4145=EDGE_CURVE('',#3245,#3247,#829,.T.);
#4146=EDGE_CURVE('',#3248,#3246,#830,.T.);
#4147=EDGE_CURVE('',#3247,#3248,#831,.T.);
#4148=EDGE_CURVE('',#3247,#3237,#832,.T.);
#4149=EDGE_CURVE('',#3238,#3248,#833,.T.);
#4150=EDGE_CURVE('',#3249,#3250,#834,.T.);
#4151=EDGE_CURVE('',#3250,#3251,#2668,.T.);
#4152=EDGE_CURVE('',#3252,#3251,#835,.T.);
#4153=EDGE_CURVE('',#3249,#3252,#2669,.T.);
#4154=EDGE_CURVE('',#3253,#3254,#836,.T.);
#4155=EDGE_CURVE('',#3254,#3250,#837,.T.);
#4156=EDGE_CURVE('',#3253,#3249,#838,.T.);
#4157=EDGE_CURVE('',#3251,#3255,#839,.T.);
#4158=EDGE_CURVE('',#3256,#3255,#840,.T.);
#4159=EDGE_CURVE('',#3252,#3256,#841,.T.);
#4160=EDGE_CURVE('',#3256,#3257,#2670,.T.);
#4161=EDGE_CURVE('',#3257,#3258,#842,.T.);
#4162=EDGE_CURVE('',#3258,#3259,#2671,.T.);
#4163=EDGE_CURVE('',#3259,#3260,#843,.T.);
#4164=EDGE_CURVE('',#3260,#3253,#2672,.T.);
#4165=EDGE_CURVE('',#3261,#3261,#2673,.T.);
#4166=EDGE_CURVE('',#3262,#3262,#2674,.T.);
#4167=EDGE_CURVE('',#3263,#3264,#2675,.T.);
#4168=EDGE_CURVE('',#3265,#3263,#844,.T.);
#4169=EDGE_CURVE('',#3266,#3265,#2676,.T.);
#4170=EDGE_CURVE('',#3264,#3266,#845,.T.);
#4171=EDGE_CURVE('',#3267,#3268,#2677,.T.);
#4172=EDGE_CURVE('',#3269,#3267,#846,.T.);
#4173=EDGE_CURVE('',#3270,#3269,#2678,.T.);
#4174=EDGE_CURVE('',#3268,#3270,#847,.T.);
#4175=EDGE_CURVE('',#3271,#3271,#2679,.T.);
#4176=EDGE_CURVE('',#3272,#3272,#2680,.T.);
#4177=EDGE_CURVE('',#3273,#3273,#2681,.T.);
#4178=EDGE_CURVE('',#3274,#3274,#2682,.T.);
#4179=EDGE_CURVE('',#3275,#3275,#2683,.T.);
#4180=EDGE_CURVE('',#3276,#3276,#2684,.T.);
#4181=EDGE_CURVE('',#3277,#3277,#2685,.T.);
#4182=EDGE_CURVE('',#3278,#3278,#2686,.T.);
#4183=EDGE_CURVE('',#3279,#3279,#2687,.T.);
#4184=EDGE_CURVE('',#3280,#3280,#2688,.T.);
#4185=EDGE_CURVE('',#3281,#3281,#2689,.T.);
#4186=EDGE_CURVE('',#3282,#3282,#2690,.T.);
#4187=EDGE_CURVE('',#3283,#3283,#2691,.T.);
#4188=EDGE_CURVE('',#3284,#3284,#2692,.T.);
#4189=EDGE_CURVE('',#3285,#3285,#2693,.T.);
#4190=EDGE_CURVE('',#3286,#3254,#2694,.T.);
#4191=EDGE_CURVE('',#3287,#3286,#848,.T.);
#4192=EDGE_CURVE('',#3288,#3287,#2695,.T.);
#4193=EDGE_CURVE('',#3289,#3288,#849,.T.);
#4194=EDGE_CURVE('',#3255,#3289,#2696,.T.);
#4195=EDGE_CURVE('',#3290,#3290,#2697,.T.);
#4196=EDGE_CURVE('',#3291,#3291,#2698,.T.);
#4197=EDGE_CURVE('',#3292,#3293,#2699,.T.);
#4198=EDGE_CURVE('',#3293,#3294,#850,.T.);
#4199=EDGE_CURVE('',#3294,#3295,#2700,.T.);
#4200=EDGE_CURVE('',#3295,#3292,#851,.T.);
#4201=EDGE_CURVE('',#3296,#3297,#2701,.T.);
#4202=EDGE_CURVE('',#3297,#3298,#852,.T.);
#4203=EDGE_CURVE('',#3298,#3299,#2702,.T.);
#4204=EDGE_CURVE('',#3299,#3296,#853,.T.);
#4205=EDGE_CURVE('',#3300,#3300,#2703,.T.);
#4206=EDGE_CURVE('',#3301,#3301,#2704,.T.);
#4207=EDGE_CURVE('',#3302,#3302,#2705,.T.);
#4208=EDGE_CURVE('',#3303,#3303,#2706,.T.);
#4209=EDGE_CURVE('',#3304,#3304,#2707,.T.);
#4210=EDGE_CURVE('',#3305,#3305,#2708,.T.);
#4211=EDGE_CURVE('',#3306,#3306,#2709,.T.);
#4212=EDGE_CURVE('',#3307,#3307,#2710,.T.);
#4213=EDGE_CURVE('',#3308,#3308,#2711,.T.);
#4214=EDGE_CURVE('',#3309,#3309,#2712,.T.);
#4215=EDGE_CURVE('',#3310,#3310,#2713,.T.);
#4216=EDGE_CURVE('',#3311,#3311,#2714,.T.);
#4217=EDGE_CURVE('',#3312,#3312,#2715,.T.);
#4218=EDGE_CURVE('',#3313,#3313,#2716,.T.);
#4219=EDGE_CURVE('',#3314,#3314,#2717,.T.);
#4220=EDGE_CURVE('',#3260,#3286,#854,.T.);
#4221=EDGE_CURVE('',#3257,#3289,#855,.T.);
#4222=EDGE_CURVE('',#3259,#3287,#856,.T.);
#4223=EDGE_CURVE('',#3258,#3288,#857,.T.);
#4224=EDGE_CURVE('',#3290,#3261,#858,.T.);
#4225=EDGE_CURVE('',#3291,#3262,#859,.T.);
#4226=EDGE_CURVE('',#3264,#3293,#860,.T.);
#4227=EDGE_CURVE('',#3263,#3292,#861,.T.);
#4228=EDGE_CURVE('',#3265,#3295,#862,.T.);
#4229=EDGE_CURVE('',#3266,#3294,#863,.T.);
#4230=EDGE_CURVE('',#3268,#3297,#864,.T.);
#4231=EDGE_CURVE('',#3267,#3296,#865,.T.);
#4232=EDGE_CURVE('',#3269,#3299,#866,.T.);
#4233=EDGE_CURVE('',#3270,#3298,#867,.T.);
#4234=EDGE_CURVE('',#3300,#3271,#868,.T.);
#4235=EDGE_CURVE('',#3301,#3272,#869,.T.);
#4236=EDGE_CURVE('',#3302,#3273,#870,.T.);
#4237=EDGE_CURVE('',#3303,#3274,#871,.T.);
#4238=EDGE_CURVE('',#3304,#3275,#872,.T.);
#4239=EDGE_CURVE('',#3305,#3276,#873,.T.);
#4240=EDGE_CURVE('',#3306,#3277,#874,.T.);
#4241=EDGE_CURVE('',#3307,#3278,#875,.T.);
#4242=EDGE_CURVE('',#3308,#3279,#876,.T.);
#4243=EDGE_CURVE('',#3309,#3280,#877,.T.);
#4244=EDGE_CURVE('',#3310,#3281,#878,.T.);
#4245=EDGE_CURVE('',#3311,#3282,#879,.T.);
#4246=EDGE_CURVE('',#3312,#3283,#880,.T.);
#4247=EDGE_CURVE('',#3313,#3284,#881,.T.);
#4248=EDGE_CURVE('',#3314,#3285,#882,.T.);
#4249=ORIENTED_EDGE('',*,*,#3315,.F.);
#4250=ORIENTED_EDGE('',*,*,#3315,.T.);
#4251=ORIENTED_EDGE('',*,*,#3316,.T.);
#4252=ORIENTED_EDGE('',*,*,#3317,.F.);
#4253=ORIENTED_EDGE('',*,*,#3318,.F.);
#4254=ORIENTED_EDGE('',*,*,#3316,.F.);
#4255=ORIENTED_EDGE('',*,*,#3319,.F.);
#4256=ORIENTED_EDGE('',*,*,#3320,.F.);
#4257=ORIENTED_EDGE('',*,*,#3321,.T.);
#4258=ORIENTED_EDGE('',*,*,#3317,.T.);
#4259=ORIENTED_EDGE('',*,*,#3318,.T.);
#4260=ORIENTED_EDGE('',*,*,#3321,.F.);
#4261=ORIENTED_EDGE('',*,*,#3322,.F.);
#4262=ORIENTED_EDGE('',*,*,#3323,.F.);
#4263=ORIENTED_EDGE('',*,*,#3324,.F.);
#4264=ORIENTED_EDGE('',*,*,#3319,.T.);
#4265=ORIENTED_EDGE('',*,*,#3325,.T.);
#4266=ORIENTED_EDGE('',*,*,#3326,.F.);
#4267=ORIENTED_EDGE('',*,*,#3326,.T.);
#4268=ORIENTED_EDGE('',*,*,#3327,.T.);
#4269=ORIENTED_EDGE('',*,*,#3328,.T.);
#4270=ORIENTED_EDGE('',*,*,#3329,.T.);
#4271=ORIENTED_EDGE('',*,*,#3330,.T.);
#4272=ORIENTED_EDGE('',*,*,#3320,.T.);
#4273=ORIENTED_EDGE('',*,*,#3324,.T.);
#4274=ORIENTED_EDGE('',*,*,#3325,.F.);
#4275=ORIENTED_EDGE('',*,*,#3323,.T.);
#4276=ORIENTED_EDGE('',*,*,#3322,.T.);
#4277=ORIENTED_EDGE('',*,*,#3330,.F.);
#4278=ORIENTED_EDGE('',*,*,#3331,.T.);
#4279=ORIENTED_EDGE('',*,*,#3332,.T.);
#4280=ORIENTED_EDGE('',*,*,#3327,.F.);
#4281=ORIENTED_EDGE('',*,*,#3333,.T.);
#4282=ORIENTED_EDGE('',*,*,#3333,.F.);
#4283=ORIENTED_EDGE('',*,*,#3334,.F.);
#4284=ORIENTED_EDGE('',*,*,#3331,.F.);
#4285=ORIENTED_EDGE('',*,*,#3335,.T.);
#4286=ORIENTED_EDGE('',*,*,#3336,.T.);
#4287=ORIENTED_EDGE('',*,*,#3337,.T.);
#4288=ORIENTED_EDGE('',*,*,#3335,.F.);
#4289=ORIENTED_EDGE('',*,*,#3329,.F.);
#4290=ORIENTED_EDGE('',*,*,#3328,.F.);
#4291=ORIENTED_EDGE('',*,*,#3332,.F.);
#4292=ORIENTED_EDGE('',*,*,#3334,.T.);
#4293=ORIENTED_EDGE('',*,*,#3338,.T.);
#4294=ORIENTED_EDGE('',*,*,#3339,.T.);
#4295=ORIENTED_EDGE('',*,*,#3336,.F.);
#4296=ORIENTED_EDGE('',*,*,#3337,.F.);
#4297=ORIENTED_EDGE('',*,*,#3339,.F.);
#4298=ORIENTED_EDGE('',*,*,#3338,.F.);
#4299=ORIENTED_EDGE('',*,*,#3340,.T.);
#4300=ORIENTED_EDGE('',*,*,#3341,.T.);
#4301=ORIENTED_EDGE('',*,*,#3342,.F.);
#4302=ORIENTED_EDGE('',*,*,#3343,.T.);
#4303=ORIENTED_EDGE('',*,*,#3344,.T.);
#4304=ORIENTED_EDGE('',*,*,#3345,.T.);
#4305=ORIENTED_EDGE('',*,*,#3346,.F.);
#4306=ORIENTED_EDGE('',*,*,#3347,.F.);
#4307=ORIENTED_EDGE('',*,*,#3348,.F.);
#4308=ORIENTED_EDGE('',*,*,#3349,.T.);
#4309=ORIENTED_EDGE('',*,*,#3350,.T.);
#4310=ORIENTED_EDGE('',*,*,#3351,.T.);
#4311=ORIENTED_EDGE('',*,*,#3352,.F.);
#4312=ORIENTED_EDGE('',*,*,#3353,.F.);
#4313=ORIENTED_EDGE('',*,*,#3354,.F.);
#4314=ORIENTED_EDGE('',*,*,#3355,.T.);
#4315=ORIENTED_EDGE('',*,*,#3356,.T.);
#4316=ORIENTED_EDGE('',*,*,#3357,.F.);
#4317=ORIENTED_EDGE('',*,*,#3358,.F.);
#4318=ORIENTED_EDGE('',*,*,#3359,.T.);
#4319=ORIENTED_EDGE('',*,*,#3360,.F.);
#4320=ORIENTED_EDGE('',*,*,#3361,.F.);
#4321=ORIENTED_EDGE('',*,*,#3362,.F.);
#4322=ORIENTED_EDGE('',*,*,#3363,.T.);
#4323=ORIENTED_EDGE('',*,*,#3364,.T.);
#4324=ORIENTED_EDGE('',*,*,#3365,.F.);
#4325=ORIENTED_EDGE('',*,*,#3366,.F.);
#4326=ORIENTED_EDGE('',*,*,#3367,.T.);
#4327=ORIENTED_EDGE('',*,*,#3368,.T.);
#4328=ORIENTED_EDGE('',*,*,#3369,.F.);
#4329=ORIENTED_EDGE('',*,*,#3370,.T.);
#4330=ORIENTED_EDGE('',*,*,#3371,.F.);
#4331=ORIENTED_EDGE('',*,*,#3340,.F.);
#4332=ORIENTED_EDGE('',*,*,#3372,.F.);
#4333=ORIENTED_EDGE('',*,*,#3373,.F.);
#4334=ORIENTED_EDGE('',*,*,#3372,.T.);
#4335=ORIENTED_EDGE('',*,*,#3355,.F.);
#4336=ORIENTED_EDGE('',*,*,#3374,.F.);
#4337=ORIENTED_EDGE('',*,*,#3375,.T.);
#4338=ORIENTED_EDGE('',*,*,#3376,.T.);
#4339=ORIENTED_EDGE('',*,*,#3377,.F.);
#4340=ORIENTED_EDGE('',*,*,#3378,.F.);
#4341=ORIENTED_EDGE('',*,*,#3374,.T.);
#4342=ORIENTED_EDGE('',*,*,#3354,.T.);
#4343=ORIENTED_EDGE('',*,*,#3379,.F.);
#4344=ORIENTED_EDGE('',*,*,#3380,.F.);
#4345=ORIENTED_EDGE('',*,*,#3381,.F.);
#4346=ORIENTED_EDGE('',*,*,#3379,.T.);
#4347=ORIENTED_EDGE('',*,*,#3353,.T.);
#4348=ORIENTED_EDGE('',*,*,#3382,.F.);
#4349=ORIENTED_EDGE('',*,*,#3352,.T.);
#4350=ORIENTED_EDGE('',*,*,#3383,.T.);
#4351=ORIENTED_EDGE('',*,*,#3384,.T.);
#4352=ORIENTED_EDGE('',*,*,#3382,.T.);
#4353=ORIENTED_EDGE('',*,*,#3351,.F.);
#4354=ORIENTED_EDGE('',*,*,#3385,.T.);
#4355=ORIENTED_EDGE('',*,*,#3386,.T.);
#4356=ORIENTED_EDGE('',*,*,#3383,.F.);
#4357=ORIENTED_EDGE('',*,*,#3350,.F.);
#4358=ORIENTED_EDGE('',*,*,#3387,.T.);
#4359=ORIENTED_EDGE('',*,*,#3388,.T.);
#4360=ORIENTED_EDGE('',*,*,#3389,.T.);
#4361=ORIENTED_EDGE('',*,*,#3385,.F.);
#4362=ORIENTED_EDGE('',*,*,#3390,.T.);
#4363=ORIENTED_EDGE('',*,*,#3391,.T.);
#4364=ORIENTED_EDGE('',*,*,#3392,.F.);
#4365=ORIENTED_EDGE('',*,*,#3393,.T.);
#4366=ORIENTED_EDGE('',*,*,#3394,.T.);
#4367=ORIENTED_EDGE('',*,*,#3387,.F.);
#4368=ORIENTED_EDGE('',*,*,#3349,.F.);
#4369=ORIENTED_EDGE('',*,*,#3395,.F.);
#4370=ORIENTED_EDGE('',*,*,#3396,.F.);
#4371=ORIENTED_EDGE('',*,*,#3395,.T.);
#4372=ORIENTED_EDGE('',*,*,#3348,.T.);
#4373=ORIENTED_EDGE('',*,*,#3397,.F.);
#4374=ORIENTED_EDGE('',*,*,#3398,.F.);
#4375=ORIENTED_EDGE('',*,*,#3399,.F.);
#4376=ORIENTED_EDGE('',*,*,#3397,.T.);
#4377=ORIENTED_EDGE('',*,*,#3347,.T.);
#4378=ORIENTED_EDGE('',*,*,#3400,.F.);
#4379=ORIENTED_EDGE('',*,*,#3346,.T.);
#4380=ORIENTED_EDGE('',*,*,#3401,.T.);
#4381=ORIENTED_EDGE('',*,*,#3402,.T.);
#4382=ORIENTED_EDGE('',*,*,#3400,.T.);
#4383=ORIENTED_EDGE('',*,*,#3345,.F.);
#4384=ORIENTED_EDGE('',*,*,#3403,.T.);
#4385=ORIENTED_EDGE('',*,*,#3404,.T.);
#4386=ORIENTED_EDGE('',*,*,#3401,.F.);
#4387=ORIENTED_EDGE('',*,*,#3344,.F.);
#4388=ORIENTED_EDGE('',*,*,#3405,.T.);
#4389=ORIENTED_EDGE('',*,*,#3406,.T.);
#4390=ORIENTED_EDGE('',*,*,#3407,.T.);
#4391=ORIENTED_EDGE('',*,*,#3403,.F.);
#4392=ORIENTED_EDGE('',*,*,#3408,.F.);
#4393=ORIENTED_EDGE('',*,*,#3409,.T.);
#4394=ORIENTED_EDGE('',*,*,#3410,.T.);
#4395=ORIENTED_EDGE('',*,*,#3405,.F.);
#4396=ORIENTED_EDGE('',*,*,#3343,.F.);
#4397=ORIENTED_EDGE('',*,*,#3411,.F.);
#4398=ORIENTED_EDGE('',*,*,#3412,.F.);
#4399=ORIENTED_EDGE('',*,*,#3413,.T.);
#4400=ORIENTED_EDGE('',*,*,#3411,.T.);
#4401=ORIENTED_EDGE('',*,*,#3342,.T.);
#4402=ORIENTED_EDGE('',*,*,#3414,.T.);
#4403=ORIENTED_EDGE('',*,*,#3415,.F.);
#4404=ORIENTED_EDGE('',*,*,#3416,.T.);
#4405=ORIENTED_EDGE('',*,*,#3417,.F.);
#4406=ORIENTED_EDGE('',*,*,#3418,.F.);
#4407=ORIENTED_EDGE('',*,*,#3419,.T.);
#4408=ORIENTED_EDGE('',*,*,#3420,.T.);
#4409=ORIENTED_EDGE('',*,*,#3421,.F.);
#4410=ORIENTED_EDGE('',*,*,#3422,.F.);
#4411=ORIENTED_EDGE('',*,*,#3423,.T.);
#4412=ORIENTED_EDGE('',*,*,#3424,.T.);
#4413=ORIENTED_EDGE('',*,*,#3425,.T.);
#4414=ORIENTED_EDGE('',*,*,#3426,.T.);
#4415=ORIENTED_EDGE('',*,*,#3427,.T.);
#4416=ORIENTED_EDGE('',*,*,#3428,.T.);
#4417=ORIENTED_EDGE('',*,*,#3371,.T.);
#4418=ORIENTED_EDGE('',*,*,#3429,.T.);
#4419=ORIENTED_EDGE('',*,*,#3430,.F.);
#4420=ORIENTED_EDGE('',*,*,#3431,.F.);
#4421=ORIENTED_EDGE('',*,*,#3432,.F.);
#4422=ORIENTED_EDGE('',*,*,#3433,.T.);
#4423=ORIENTED_EDGE('',*,*,#3414,.F.);
#4424=ORIENTED_EDGE('',*,*,#3341,.F.);
#4425=ORIENTED_EDGE('',*,*,#3434,.F.);
#4426=ORIENTED_EDGE('',*,*,#3435,.F.);
#4427=ORIENTED_EDGE('',*,*,#3356,.F.);
#4428=ORIENTED_EDGE('',*,*,#3436,.T.);
#4429=ORIENTED_EDGE('',*,*,#3357,.T.);
#4430=ORIENTED_EDGE('',*,*,#3435,.T.);
#4431=ORIENTED_EDGE('',*,*,#3437,.T.);
#4432=ORIENTED_EDGE('',*,*,#3438,.F.);
#4433=ORIENTED_EDGE('',*,*,#3439,.F.);
#4434=ORIENTED_EDGE('',*,*,#3358,.T.);
#4435=ORIENTED_EDGE('',*,*,#3438,.T.);
#4436=ORIENTED_EDGE('',*,*,#3440,.F.);
#4437=ORIENTED_EDGE('',*,*,#3439,.T.);
#4438=ORIENTED_EDGE('',*,*,#3441,.F.);
#4439=ORIENTED_EDGE('',*,*,#3442,.T.);
#4440=ORIENTED_EDGE('',*,*,#3443,.F.);
#4441=ORIENTED_EDGE('',*,*,#3444,.T.);
#4442=ORIENTED_EDGE('',*,*,#3445,.F.);
#4443=ORIENTED_EDGE('',*,*,#3446,.T.);
#4444=ORIENTED_EDGE('',*,*,#3447,.F.);
#4445=ORIENTED_EDGE('',*,*,#3448,.T.);
#4446=ORIENTED_EDGE('',*,*,#3426,.F.);
#4447=ORIENTED_EDGE('',*,*,#3449,.F.);
#4448=ORIENTED_EDGE('',*,*,#3359,.F.);
#4449=ORIENTED_EDGE('',*,*,#3450,.F.);
#4450=ORIENTED_EDGE('',*,*,#3360,.T.);
#4451=ORIENTED_EDGE('',*,*,#3449,.T.);
#4452=ORIENTED_EDGE('',*,*,#3425,.F.);
#4453=ORIENTED_EDGE('',*,*,#3369,.T.);
#4454=ORIENTED_EDGE('',*,*,#3451,.T.);
#4455=ORIENTED_EDGE('',*,*,#3452,.T.);
#4456=ORIENTED_EDGE('',*,*,#3453,.T.);
#4457=ORIENTED_EDGE('',*,*,#3365,.T.);
#4458=ORIENTED_EDGE('',*,*,#3454,.T.);
#4459=ORIENTED_EDGE('',*,*,#3455,.T.);
#4460=ORIENTED_EDGE('',*,*,#3456,.T.);
#4461=ORIENTED_EDGE('',*,*,#3361,.T.);
#4462=ORIENTED_EDGE('',*,*,#3450,.T.);
#4463=ORIENTED_EDGE('',*,*,#3424,.F.);
#4464=ORIENTED_EDGE('',*,*,#3457,.F.);
#4465=ORIENTED_EDGE('',*,*,#3458,.F.);
#4466=ORIENTED_EDGE('',*,*,#3459,.F.);
#4467=ORIENTED_EDGE('',*,*,#3420,.F.);
#4468=ORIENTED_EDGE('',*,*,#3460,.F.);
#4469=ORIENTED_EDGE('',*,*,#3461,.F.);
#4470=ORIENTED_EDGE('',*,*,#3462,.F.);
#4471=ORIENTED_EDGE('',*,*,#3416,.F.);
#4472=ORIENTED_EDGE('',*,*,#3463,.F.);
#4473=ORIENTED_EDGE('',*,*,#3464,.F.);
#4474=ORIENTED_EDGE('',*,*,#3465,.F.);
#4475=ORIENTED_EDGE('',*,*,#3466,.F.);
#4476=ORIENTED_EDGE('',*,*,#3467,.T.);
#4477=ORIENTED_EDGE('',*,*,#3362,.T.);
#4478=ORIENTED_EDGE('',*,*,#3456,.F.);
#4479=ORIENTED_EDGE('',*,*,#3468,.F.);
#4480=ORIENTED_EDGE('',*,*,#3363,.F.);
#4481=ORIENTED_EDGE('',*,*,#3467,.F.);
#4482=ORIENTED_EDGE('',*,*,#3469,.F.);
#4483=ORIENTED_EDGE('',*,*,#3364,.F.);
#4484=ORIENTED_EDGE('',*,*,#3468,.T.);
#4485=ORIENTED_EDGE('',*,*,#3470,.T.);
#4486=ORIENTED_EDGE('',*,*,#3454,.F.);
#4487=ORIENTED_EDGE('',*,*,#3471,.F.);
#4488=ORIENTED_EDGE('',*,*,#3472,.T.);
#4489=ORIENTED_EDGE('',*,*,#3366,.T.);
#4490=ORIENTED_EDGE('',*,*,#3453,.F.);
#4491=ORIENTED_EDGE('',*,*,#3473,.F.);
#4492=ORIENTED_EDGE('',*,*,#3367,.F.);
#4493=ORIENTED_EDGE('',*,*,#3472,.F.);
#4494=ORIENTED_EDGE('',*,*,#3474,.F.);
#4495=ORIENTED_EDGE('',*,*,#3368,.F.);
#4496=ORIENTED_EDGE('',*,*,#3473,.T.);
#4497=ORIENTED_EDGE('',*,*,#3475,.T.);
#4498=ORIENTED_EDGE('',*,*,#3451,.F.);
#4499=ORIENTED_EDGE('',*,*,#3370,.F.);
#4500=ORIENTED_EDGE('',*,*,#3463,.T.);
#4501=ORIENTED_EDGE('',*,*,#3415,.T.);
#4502=ORIENTED_EDGE('',*,*,#3433,.F.);
#4503=ORIENTED_EDGE('',*,*,#3476,.T.);
#4504=ORIENTED_EDGE('',*,*,#3477,.T.);
#4505=ORIENTED_EDGE('',*,*,#3478,.T.);
#4506=ORIENTED_EDGE('',*,*,#3429,.F.);
#4507=ORIENTED_EDGE('',*,*,#3479,.F.);
#4508=ORIENTED_EDGE('',*,*,#3480,.F.);
#4509=ORIENTED_EDGE('',*,*,#3373,.T.);
#4510=ORIENTED_EDGE('',*,*,#3377,.T.);
#4511=ORIENTED_EDGE('',*,*,#3481,.T.);
#4512=ORIENTED_EDGE('',*,*,#3436,.F.);
#4513=ORIENTED_EDGE('',*,*,#3482,.T.);
#4514=ORIENTED_EDGE('',*,*,#3483,.T.);
#4515=ORIENTED_EDGE('',*,*,#3484,.F.);
#4516=ORIENTED_EDGE('',*,*,#3485,.T.);
#4517=ORIENTED_EDGE('',*,*,#3441,.T.);
#4518=ORIENTED_EDGE('',*,*,#3440,.T.);
#4519=ORIENTED_EDGE('',*,*,#3437,.F.);
#4520=ORIENTED_EDGE('',*,*,#3434,.T.);
#4521=ORIENTED_EDGE('',*,*,#3481,.F.);
#4522=ORIENTED_EDGE('',*,*,#3376,.F.);
#4523=ORIENTED_EDGE('',*,*,#3482,.F.);
#4524=ORIENTED_EDGE('',*,*,#3375,.F.);
#4525=ORIENTED_EDGE('',*,*,#3378,.T.);
#4526=ORIENTED_EDGE('',*,*,#3486,.F.);
#4527=ORIENTED_EDGE('',*,*,#3380,.T.);
#4528=ORIENTED_EDGE('',*,*,#3381,.T.);
#4529=ORIENTED_EDGE('',*,*,#3384,.F.);
#4530=ORIENTED_EDGE('',*,*,#3386,.F.);
#4531=ORIENTED_EDGE('',*,*,#3389,.F.);
#4532=ORIENTED_EDGE('',*,*,#3487,.F.);
#4533=ORIENTED_EDGE('',*,*,#3488,.T.);
#4534=ORIENTED_EDGE('',*,*,#3489,.T.);
#4535=ORIENTED_EDGE('',*,*,#3490,.F.);
#4536=ORIENTED_EDGE('',*,*,#3388,.F.);
#4537=ORIENTED_EDGE('',*,*,#3394,.F.);
#4538=ORIENTED_EDGE('',*,*,#3491,.F.);
#4539=ORIENTED_EDGE('',*,*,#3390,.F.);
#4540=ORIENTED_EDGE('',*,*,#3396,.T.);
#4541=ORIENTED_EDGE('',*,*,#3492,.F.);
#4542=ORIENTED_EDGE('',*,*,#3493,.T.);
#4543=ORIENTED_EDGE('',*,*,#3494,.F.);
#4544=ORIENTED_EDGE('',*,*,#3489,.F.);
#4545=ORIENTED_EDGE('',*,*,#3393,.F.);
#4546=ORIENTED_EDGE('',*,*,#3495,.F.);
#4547=ORIENTED_EDGE('',*,*,#3496,.F.);
#4548=ORIENTED_EDGE('',*,*,#3497,.F.);
#4549=ORIENTED_EDGE('',*,*,#3498,.F.);
#4550=ORIENTED_EDGE('',*,*,#3443,.T.);
#4551=ORIENTED_EDGE('',*,*,#3499,.F.);
#4552=ORIENTED_EDGE('',*,*,#3495,.T.);
#4553=ORIENTED_EDGE('',*,*,#3392,.T.);
#4554=ORIENTED_EDGE('',*,*,#3500,.T.);
#4555=ORIENTED_EDGE('',*,*,#3501,.F.);
#4556=ORIENTED_EDGE('',*,*,#3491,.T.);
#4557=ORIENTED_EDGE('',*,*,#3502,.T.);
#4558=ORIENTED_EDGE('',*,*,#3503,.F.);
#4559=ORIENTED_EDGE('',*,*,#3504,.T.);
#4560=ORIENTED_EDGE('',*,*,#3445,.T.);
#4561=ORIENTED_EDGE('',*,*,#3505,.T.);
#4562=ORIENTED_EDGE('',*,*,#3506,.F.);
#4563=ORIENTED_EDGE('',*,*,#3507,.T.);
#4564=ORIENTED_EDGE('',*,*,#3500,.F.);
#4565=ORIENTED_EDGE('',*,*,#3391,.F.);
#4566=ORIENTED_EDGE('',*,*,#3398,.T.);
#4567=ORIENTED_EDGE('',*,*,#3399,.T.);
#4568=ORIENTED_EDGE('',*,*,#3402,.F.);
#4569=ORIENTED_EDGE('',*,*,#3404,.F.);
#4570=ORIENTED_EDGE('',*,*,#3407,.F.);
#4571=ORIENTED_EDGE('',*,*,#3508,.F.);
#4572=ORIENTED_EDGE('',*,*,#3509,.T.);
#4573=ORIENTED_EDGE('',*,*,#3510,.T.);
#4574=ORIENTED_EDGE('',*,*,#3511,.F.);
#4575=ORIENTED_EDGE('',*,*,#3406,.F.);
#4576=ORIENTED_EDGE('',*,*,#3410,.F.);
#4577=ORIENTED_EDGE('',*,*,#3512,.T.);
#4578=ORIENTED_EDGE('',*,*,#3408,.T.);
#4579=ORIENTED_EDGE('',*,*,#3413,.F.);
#4580=ORIENTED_EDGE('',*,*,#3513,.F.);
#4581=ORIENTED_EDGE('',*,*,#3514,.T.);
#4582=ORIENTED_EDGE('',*,*,#3515,.F.);
#4583=ORIENTED_EDGE('',*,*,#3510,.F.);
#4584=ORIENTED_EDGE('',*,*,#3409,.F.);
#4585=ORIENTED_EDGE('',*,*,#3512,.F.);
#4586=ORIENTED_EDGE('',*,*,#3516,.F.);
#4587=ORIENTED_EDGE('',*,*,#3517,.F.);
#4588=ORIENTED_EDGE('',*,*,#3518,.F.);
#4589=ORIENTED_EDGE('',*,*,#3447,.T.);
#4590=ORIENTED_EDGE('',*,*,#3519,.F.);
#4591=ORIENTED_EDGE('',*,*,#3412,.T.);
#4592=ORIENTED_EDGE('',*,*,#3520,.F.);
#4593=ORIENTED_EDGE('',*,*,#3516,.T.);
#4594=ORIENTED_EDGE('',*,*,#3513,.T.);
#4595=ORIENTED_EDGE('',*,*,#3517,.T.);
#4596=ORIENTED_EDGE('',*,*,#3520,.T.);
#4597=ORIENTED_EDGE('',*,*,#3428,.F.);
#4598=ORIENTED_EDGE('',*,*,#3521,.F.);
#4599=ORIENTED_EDGE('',*,*,#3448,.F.);
#4600=ORIENTED_EDGE('',*,*,#3518,.T.);
#4601=ORIENTED_EDGE('',*,*,#3521,.T.);
#4602=ORIENTED_EDGE('',*,*,#3427,.F.);
#4603=ORIENTED_EDGE('',*,*,#3522,.T.);
#4604=ORIENTED_EDGE('',*,*,#3457,.T.);
#4605=ORIENTED_EDGE('',*,*,#3423,.F.);
#4606=ORIENTED_EDGE('',*,*,#3523,.F.);
#4607=ORIENTED_EDGE('',*,*,#3524,.T.);
#4608=ORIENTED_EDGE('',*,*,#3525,.T.);
#4609=ORIENTED_EDGE('',*,*,#3523,.T.);
#4610=ORIENTED_EDGE('',*,*,#3422,.T.);
#4611=ORIENTED_EDGE('',*,*,#3421,.T.);
#4612=ORIENTED_EDGE('',*,*,#3459,.T.);
#4613=ORIENTED_EDGE('',*,*,#3526,.F.);
#4614=ORIENTED_EDGE('',*,*,#3524,.F.);
#4615=ORIENTED_EDGE('',*,*,#3527,.T.);
#4616=ORIENTED_EDGE('',*,*,#3460,.T.);
#4617=ORIENTED_EDGE('',*,*,#3419,.F.);
#4618=ORIENTED_EDGE('',*,*,#3528,.F.);
#4619=ORIENTED_EDGE('',*,*,#3529,.T.);
#4620=ORIENTED_EDGE('',*,*,#3530,.T.);
#4621=ORIENTED_EDGE('',*,*,#3528,.T.);
#4622=ORIENTED_EDGE('',*,*,#3418,.T.);
#4623=ORIENTED_EDGE('',*,*,#3417,.T.);
#4624=ORIENTED_EDGE('',*,*,#3462,.T.);
#4625=ORIENTED_EDGE('',*,*,#3531,.F.);
#4626=ORIENTED_EDGE('',*,*,#3529,.F.);
#4627=ORIENTED_EDGE('',*,*,#3432,.T.);
#4628=ORIENTED_EDGE('',*,*,#3532,.T.);
#4629=ORIENTED_EDGE('',*,*,#3476,.F.);
#4630=ORIENTED_EDGE('',*,*,#3431,.T.);
#4631=ORIENTED_EDGE('',*,*,#3533,.T.);
#4632=ORIENTED_EDGE('',*,*,#3477,.F.);
#4633=ORIENTED_EDGE('',*,*,#3532,.F.);
#4634=ORIENTED_EDGE('',*,*,#3430,.T.);
#4635=ORIENTED_EDGE('',*,*,#3478,.F.);
#4636=ORIENTED_EDGE('',*,*,#3533,.F.);
#4637=ORIENTED_EDGE('',*,*,#3446,.F.);
#4638=ORIENTED_EDGE('',*,*,#3504,.F.);
#4639=ORIENTED_EDGE('',*,*,#3534,.T.);
#4640=ORIENTED_EDGE('',*,*,#3519,.T.);
#4641=ORIENTED_EDGE('',*,*,#3444,.F.);
#4642=ORIENTED_EDGE('',*,*,#3498,.T.);
#4643=ORIENTED_EDGE('',*,*,#3535,.T.);
#4644=ORIENTED_EDGE('',*,*,#3505,.F.);
#4645=ORIENTED_EDGE('',*,*,#3485,.F.);
#4646=ORIENTED_EDGE('',*,*,#3536,.T.);
#4647=ORIENTED_EDGE('',*,*,#3499,.T.);
#4648=ORIENTED_EDGE('',*,*,#3442,.F.);
#4649=ORIENTED_EDGE('',*,*,#3531,.T.);
#4650=ORIENTED_EDGE('',*,*,#3461,.T.);
#4651=ORIENTED_EDGE('',*,*,#3527,.F.);
#4652=ORIENTED_EDGE('',*,*,#3530,.F.);
#4653=ORIENTED_EDGE('',*,*,#3526,.T.);
#4654=ORIENTED_EDGE('',*,*,#3458,.T.);
#4655=ORIENTED_EDGE('',*,*,#3522,.F.);
#4656=ORIENTED_EDGE('',*,*,#3525,.F.);
#4657=ORIENTED_EDGE('',*,*,#3470,.F.);
#4658=ORIENTED_EDGE('',*,*,#3469,.T.);
#4659=ORIENTED_EDGE('',*,*,#3466,.T.);
#4660=ORIENTED_EDGE('',*,*,#3455,.F.);
#4661=ORIENTED_EDGE('',*,*,#3475,.F.);
#4662=ORIENTED_EDGE('',*,*,#3474,.T.);
#4663=ORIENTED_EDGE('',*,*,#3471,.T.);
#4664=ORIENTED_EDGE('',*,*,#3452,.F.);
#4665=ORIENTED_EDGE('',*,*,#3537,.F.);
#4666=ORIENTED_EDGE('',*,*,#3538,.T.);
#4667=ORIENTED_EDGE('',*,*,#3464,.T.);
#4668=ORIENTED_EDGE('',*,*,#3538,.F.);
#4669=ORIENTED_EDGE('',*,*,#3539,.F.);
#4670=ORIENTED_EDGE('',*,*,#3540,.T.);
#4671=ORIENTED_EDGE('',*,*,#3465,.T.);
#4672=ORIENTED_EDGE('',*,*,#3540,.F.);
#4673=ORIENTED_EDGE('',*,*,#3541,.F.);
#4674=ORIENTED_EDGE('',*,*,#3542,.F.);
#4675=ORIENTED_EDGE('',*,*,#3543,.T.);
#4676=ORIENTED_EDGE('',*,*,#3479,.T.);
#4677=ORIENTED_EDGE('',*,*,#3543,.F.);
#4678=ORIENTED_EDGE('',*,*,#3544,.F.);
#4679=ORIENTED_EDGE('',*,*,#3545,.F.);
#4680=ORIENTED_EDGE('',*,*,#3546,.T.);
#4681=ORIENTED_EDGE('',*,*,#3480,.T.);
#4682=ORIENTED_EDGE('',*,*,#3546,.F.);
#4683=ORIENTED_EDGE('',*,*,#3483,.F.);
#4684=ORIENTED_EDGE('',*,*,#3486,.T.);
#4685=ORIENTED_EDGE('',*,*,#3487,.T.);
#4686=ORIENTED_EDGE('',*,*,#3490,.T.);
#4687=ORIENTED_EDGE('',*,*,#3494,.T.);
#4688=ORIENTED_EDGE('',*,*,#3547,.F.);
#4689=ORIENTED_EDGE('',*,*,#3548,.T.);
#4690=ORIENTED_EDGE('',*,*,#3549,.F.);
#4691=ORIENTED_EDGE('',*,*,#3550,.F.);
#4692=ORIENTED_EDGE('',*,*,#3551,.F.);
#4693=ORIENTED_EDGE('',*,*,#3552,.F.);
#4694=ORIENTED_EDGE('',*,*,#3553,.F.);
#4695=ORIENTED_EDGE('',*,*,#3554,.F.);
#4696=ORIENTED_EDGE('',*,*,#3555,.F.);
#4697=ORIENTED_EDGE('',*,*,#3484,.T.);
#4698=ORIENTED_EDGE('',*,*,#3547,.T.);
#4699=ORIENTED_EDGE('',*,*,#3493,.F.);
#4700=ORIENTED_EDGE('',*,*,#3536,.F.);
#4701=ORIENTED_EDGE('',*,*,#3488,.F.);
#4702=ORIENTED_EDGE('',*,*,#3556,.T.);
#4703=ORIENTED_EDGE('',*,*,#3557,.T.);
#4704=ORIENTED_EDGE('',*,*,#3556,.F.);
#4705=ORIENTED_EDGE('',*,*,#3502,.F.);
#4706=ORIENTED_EDGE('',*,*,#3492,.T.);
#4707=ORIENTED_EDGE('',*,*,#3508,.T.);
#4708=ORIENTED_EDGE('',*,*,#3511,.T.);
#4709=ORIENTED_EDGE('',*,*,#3515,.T.);
#4710=ORIENTED_EDGE('',*,*,#3558,.F.);
#4711=ORIENTED_EDGE('',*,*,#3559,.T.);
#4712=ORIENTED_EDGE('',*,*,#3560,.F.);
#4713=ORIENTED_EDGE('',*,*,#3561,.F.);
#4714=ORIENTED_EDGE('',*,*,#3562,.F.);
#4715=ORIENTED_EDGE('',*,*,#3563,.F.);
#4716=ORIENTED_EDGE('',*,*,#3564,.F.);
#4717=ORIENTED_EDGE('',*,*,#3565,.F.);
#4718=ORIENTED_EDGE('',*,*,#3566,.F.);
#4719=ORIENTED_EDGE('',*,*,#3507,.F.);
#4720=ORIENTED_EDGE('',*,*,#3567,.F.);
#4721=ORIENTED_EDGE('',*,*,#3496,.T.);
#4722=ORIENTED_EDGE('',*,*,#3501,.T.);
#4723=ORIENTED_EDGE('',*,*,#3497,.T.);
#4724=ORIENTED_EDGE('',*,*,#3567,.T.);
#4725=ORIENTED_EDGE('',*,*,#3506,.T.);
#4726=ORIENTED_EDGE('',*,*,#3535,.F.);
#4727=ORIENTED_EDGE('',*,*,#3503,.T.);
#4728=ORIENTED_EDGE('',*,*,#3558,.T.);
#4729=ORIENTED_EDGE('',*,*,#3514,.F.);
#4730=ORIENTED_EDGE('',*,*,#3534,.F.);
#4731=ORIENTED_EDGE('',*,*,#3509,.F.);
#4732=ORIENTED_EDGE('',*,*,#3568,.T.);
#4733=ORIENTED_EDGE('',*,*,#3569,.T.);
#4734=ORIENTED_EDGE('',*,*,#3568,.F.);
#4735=ORIENTED_EDGE('',*,*,#3537,.T.);
#4736=ORIENTED_EDGE('',*,*,#3570,.F.);
#4737=ORIENTED_EDGE('',*,*,#3539,.T.);
#4738=ORIENTED_EDGE('',*,*,#3571,.F.);
#4739=ORIENTED_EDGE('',*,*,#3541,.T.);
#4740=ORIENTED_EDGE('',*,*,#3542,.T.);
#4741=ORIENTED_EDGE('',*,*,#3544,.T.);
#4742=ORIENTED_EDGE('',*,*,#3545,.T.);
#4743=ORIENTED_EDGE('',*,*,#3572,.F.);
#4744=ORIENTED_EDGE('',*,*,#3573,.T.);
#4745=ORIENTED_EDGE('',*,*,#3574,.T.);
#4746=ORIENTED_EDGE('',*,*,#3548,.F.);
#4747=ORIENTED_EDGE('',*,*,#3575,.F.);
#4748=ORIENTED_EDGE('',*,*,#3576,.T.);
#4749=ORIENTED_EDGE('',*,*,#3549,.T.);
#4750=ORIENTED_EDGE('',*,*,#3574,.F.);
#4751=ORIENTED_EDGE('',*,*,#3577,.F.);
#4752=ORIENTED_EDGE('',*,*,#3578,.T.);
#4753=ORIENTED_EDGE('',*,*,#3550,.T.);
#4754=ORIENTED_EDGE('',*,*,#3576,.F.);
#4755=ORIENTED_EDGE('',*,*,#3579,.F.);
#4756=ORIENTED_EDGE('',*,*,#3580,.T.);
#4757=ORIENTED_EDGE('',*,*,#3551,.T.);
#4758=ORIENTED_EDGE('',*,*,#3578,.F.);
#4759=ORIENTED_EDGE('',*,*,#3581,.F.);
#4760=ORIENTED_EDGE('',*,*,#3582,.F.);
#4761=ORIENTED_EDGE('',*,*,#3583,.T.);
#4762=ORIENTED_EDGE('',*,*,#3552,.T.);
#4763=ORIENTED_EDGE('',*,*,#3580,.F.);
#4764=ORIENTED_EDGE('',*,*,#3584,.F.);
#4765=ORIENTED_EDGE('',*,*,#3585,.T.);
#4766=ORIENTED_EDGE('',*,*,#3553,.T.);
#4767=ORIENTED_EDGE('',*,*,#3583,.F.);
#4768=ORIENTED_EDGE('',*,*,#3586,.F.);
#4769=ORIENTED_EDGE('',*,*,#3587,.T.);
#4770=ORIENTED_EDGE('',*,*,#3554,.T.);
#4771=ORIENTED_EDGE('',*,*,#3585,.F.);
#4772=ORIENTED_EDGE('',*,*,#3588,.F.);
#4773=ORIENTED_EDGE('',*,*,#3572,.T.);
#4774=ORIENTED_EDGE('',*,*,#3555,.T.);
#4775=ORIENTED_EDGE('',*,*,#3587,.F.);
#4776=ORIENTED_EDGE('',*,*,#3557,.F.);
#4777=ORIENTED_EDGE('',*,*,#3589,.F.);
#4778=ORIENTED_EDGE('',*,*,#3590,.T.);
#4779=ORIENTED_EDGE('',*,*,#3591,.T.);
#4780=ORIENTED_EDGE('',*,*,#3559,.F.);
#4781=ORIENTED_EDGE('',*,*,#3592,.F.);
#4782=ORIENTED_EDGE('',*,*,#3593,.T.);
#4783=ORIENTED_EDGE('',*,*,#3560,.T.);
#4784=ORIENTED_EDGE('',*,*,#3591,.F.);
#4785=ORIENTED_EDGE('',*,*,#3594,.F.);
#4786=ORIENTED_EDGE('',*,*,#3595,.T.);
#4787=ORIENTED_EDGE('',*,*,#3561,.T.);
#4788=ORIENTED_EDGE('',*,*,#3593,.F.);
#4789=ORIENTED_EDGE('',*,*,#3596,.F.);
#4790=ORIENTED_EDGE('',*,*,#3597,.T.);
#4791=ORIENTED_EDGE('',*,*,#3562,.T.);
#4792=ORIENTED_EDGE('',*,*,#3595,.F.);
#4793=ORIENTED_EDGE('',*,*,#3598,.F.);
#4794=ORIENTED_EDGE('',*,*,#3599,.F.);
#4795=ORIENTED_EDGE('',*,*,#3600,.T.);
#4796=ORIENTED_EDGE('',*,*,#3563,.T.);
#4797=ORIENTED_EDGE('',*,*,#3597,.F.);
#4798=ORIENTED_EDGE('',*,*,#3601,.F.);
#4799=ORIENTED_EDGE('',*,*,#3602,.T.);
#4800=ORIENTED_EDGE('',*,*,#3564,.T.);
#4801=ORIENTED_EDGE('',*,*,#3600,.F.);
#4802=ORIENTED_EDGE('',*,*,#3603,.F.);
#4803=ORIENTED_EDGE('',*,*,#3604,.T.);
#4804=ORIENTED_EDGE('',*,*,#3565,.T.);
#4805=ORIENTED_EDGE('',*,*,#3602,.F.);
#4806=ORIENTED_EDGE('',*,*,#3605,.F.);
#4807=ORIENTED_EDGE('',*,*,#3589,.T.);
#4808=ORIENTED_EDGE('',*,*,#3566,.T.);
#4809=ORIENTED_EDGE('',*,*,#3604,.F.);
#4810=ORIENTED_EDGE('',*,*,#3569,.F.);
#4811=ORIENTED_EDGE('',*,*,#3570,.T.);
#4812=ORIENTED_EDGE('',*,*,#3606,.T.);
#4813=ORIENTED_EDGE('',*,*,#3607,.F.);
#4814=ORIENTED_EDGE('',*,*,#3608,.T.);
#4815=ORIENTED_EDGE('',*,*,#3609,.T.);
#4816=ORIENTED_EDGE('',*,*,#3610,.F.);
#4817=ORIENTED_EDGE('',*,*,#3611,.F.);
#4818=ORIENTED_EDGE('',*,*,#3612,.T.);
#4819=ORIENTED_EDGE('',*,*,#3613,.T.);
#4820=ORIENTED_EDGE('',*,*,#3614,.F.);
#4821=ORIENTED_EDGE('',*,*,#3615,.F.);
#4822=ORIENTED_EDGE('',*,*,#3606,.F.);
#4823=ORIENTED_EDGE('',*,*,#3571,.T.);
#4824=ORIENTED_EDGE('',*,*,#3616,.T.);
#4825=ORIENTED_EDGE('',*,*,#3617,.F.);
#4826=ORIENTED_EDGE('',*,*,#3618,.T.);
#4827=ORIENTED_EDGE('',*,*,#3619,.T.);
#4828=ORIENTED_EDGE('',*,*,#3620,.F.);
#4829=ORIENTED_EDGE('',*,*,#3621,.F.);
#4830=ORIENTED_EDGE('',*,*,#3622,.T.);
#4831=ORIENTED_EDGE('',*,*,#3623,.T.);
#4832=ORIENTED_EDGE('',*,*,#3624,.F.);
#4833=ORIENTED_EDGE('',*,*,#3625,.F.);
#4834=ORIENTED_EDGE('',*,*,#3616,.F.);
#4835=ORIENTED_EDGE('',*,*,#3579,.T.);
#4836=ORIENTED_EDGE('',*,*,#3581,.T.);
#4837=ORIENTED_EDGE('',*,*,#3577,.T.);
#4838=ORIENTED_EDGE('',*,*,#3575,.T.);
#4839=ORIENTED_EDGE('',*,*,#3573,.F.);
#4840=ORIENTED_EDGE('',*,*,#3588,.T.);
#4841=ORIENTED_EDGE('',*,*,#3586,.T.);
#4842=ORIENTED_EDGE('',*,*,#3584,.T.);
#4843=ORIENTED_EDGE('',*,*,#3582,.T.);
#4844=ORIENTED_EDGE('',*,*,#3596,.T.);
#4845=ORIENTED_EDGE('',*,*,#3598,.T.);
#4846=ORIENTED_EDGE('',*,*,#3594,.T.);
#4847=ORIENTED_EDGE('',*,*,#3592,.T.);
#4848=ORIENTED_EDGE('',*,*,#3590,.F.);
#4849=ORIENTED_EDGE('',*,*,#3605,.T.);
#4850=ORIENTED_EDGE('',*,*,#3603,.T.);
#4851=ORIENTED_EDGE('',*,*,#3601,.T.);
#4852=ORIENTED_EDGE('',*,*,#3599,.T.);
#4853=ORIENTED_EDGE('',*,*,#3626,.F.);
#4854=ORIENTED_EDGE('',*,*,#3611,.T.);
#4855=ORIENTED_EDGE('',*,*,#3627,.F.);
#4856=ORIENTED_EDGE('',*,*,#3628,.F.);
#4857=ORIENTED_EDGE('',*,*,#3629,.F.);
#4858=ORIENTED_EDGE('',*,*,#3630,.F.);
#4859=ORIENTED_EDGE('',*,*,#3626,.T.);
#4860=ORIENTED_EDGE('',*,*,#3631,.T.);
#4861=ORIENTED_EDGE('',*,*,#3632,.F.);
#4862=ORIENTED_EDGE('',*,*,#3612,.F.);
#4863=ORIENTED_EDGE('',*,*,#3632,.T.);
#4864=ORIENTED_EDGE('',*,*,#3633,.T.);
#4865=ORIENTED_EDGE('',*,*,#3634,.T.);
#4866=ORIENTED_EDGE('',*,*,#3635,.T.);
#4867=ORIENTED_EDGE('',*,*,#3636,.T.);
#4868=ORIENTED_EDGE('',*,*,#3609,.F.);
#4869=ORIENTED_EDGE('',*,*,#3637,.T.);
#4870=ORIENTED_EDGE('',*,*,#3638,.T.);
#4871=ORIENTED_EDGE('',*,*,#3639,.T.);
#4872=ORIENTED_EDGE('',*,*,#3640,.T.);
#4873=ORIENTED_EDGE('',*,*,#3641,.T.);
#4874=ORIENTED_EDGE('',*,*,#3613,.F.);
#4875=ORIENTED_EDGE('',*,*,#3642,.T.);
#4876=ORIENTED_EDGE('',*,*,#3614,.T.);
#4877=ORIENTED_EDGE('',*,*,#3641,.F.);
#4878=ORIENTED_EDGE('',*,*,#3643,.T.);
#4879=ORIENTED_EDGE('',*,*,#3644,.F.);
#4880=ORIENTED_EDGE('',*,*,#3607,.T.);
#4881=ORIENTED_EDGE('',*,*,#3615,.T.);
#4882=ORIENTED_EDGE('',*,*,#3642,.F.);
#4883=ORIENTED_EDGE('',*,*,#3645,.F.);
#4884=ORIENTED_EDGE('',*,*,#3646,.F.);
#4885=ORIENTED_EDGE('',*,*,#3647,.F.);
#4886=ORIENTED_EDGE('',*,*,#3644,.T.);
#4887=ORIENTED_EDGE('',*,*,#3648,.T.);
#4888=ORIENTED_EDGE('',*,*,#3637,.F.);
#4889=ORIENTED_EDGE('',*,*,#3608,.F.);
#4890=ORIENTED_EDGE('',*,*,#3627,.T.);
#4891=ORIENTED_EDGE('',*,*,#3610,.T.);
#4892=ORIENTED_EDGE('',*,*,#3636,.F.);
#4893=ORIENTED_EDGE('',*,*,#3649,.T.);
#4894=ORIENTED_EDGE('',*,*,#3650,.F.);
#4895=ORIENTED_EDGE('',*,*,#3621,.T.);
#4896=ORIENTED_EDGE('',*,*,#3651,.F.);
#4897=ORIENTED_EDGE('',*,*,#3652,.F.);
#4898=ORIENTED_EDGE('',*,*,#3653,.F.);
#4899=ORIENTED_EDGE('',*,*,#3654,.F.);
#4900=ORIENTED_EDGE('',*,*,#3650,.T.);
#4901=ORIENTED_EDGE('',*,*,#3655,.T.);
#4902=ORIENTED_EDGE('',*,*,#3656,.F.);
#4903=ORIENTED_EDGE('',*,*,#3622,.F.);
#4904=ORIENTED_EDGE('',*,*,#3656,.T.);
#4905=ORIENTED_EDGE('',*,*,#3657,.T.);
#4906=ORIENTED_EDGE('',*,*,#3658,.T.);
#4907=ORIENTED_EDGE('',*,*,#3659,.T.);
#4908=ORIENTED_EDGE('',*,*,#3660,.T.);
#4909=ORIENTED_EDGE('',*,*,#3619,.F.);
#4910=ORIENTED_EDGE('',*,*,#3661,.T.);
#4911=ORIENTED_EDGE('',*,*,#3662,.T.);
#4912=ORIENTED_EDGE('',*,*,#3663,.T.);
#4913=ORIENTED_EDGE('',*,*,#3664,.T.);
#4914=ORIENTED_EDGE('',*,*,#3665,.T.);
#4915=ORIENTED_EDGE('',*,*,#3623,.F.);
#4916=ORIENTED_EDGE('',*,*,#3666,.T.);
#4917=ORIENTED_EDGE('',*,*,#3624,.T.);
#4918=ORIENTED_EDGE('',*,*,#3665,.F.);
#4919=ORIENTED_EDGE('',*,*,#3667,.T.);
#4920=ORIENTED_EDGE('',*,*,#3668,.F.);
#4921=ORIENTED_EDGE('',*,*,#3617,.T.);
#4922=ORIENTED_EDGE('',*,*,#3625,.T.);
#4923=ORIENTED_EDGE('',*,*,#3666,.F.);
#4924=ORIENTED_EDGE('',*,*,#3669,.F.);
#4925=ORIENTED_EDGE('',*,*,#3670,.F.);
#4926=ORIENTED_EDGE('',*,*,#3671,.F.);
#4927=ORIENTED_EDGE('',*,*,#3668,.T.);
#4928=ORIENTED_EDGE('',*,*,#3672,.T.);
#4929=ORIENTED_EDGE('',*,*,#3661,.F.);
#4930=ORIENTED_EDGE('',*,*,#3618,.F.);
#4931=ORIENTED_EDGE('',*,*,#3651,.T.);
#4932=ORIENTED_EDGE('',*,*,#3620,.T.);
#4933=ORIENTED_EDGE('',*,*,#3660,.F.);
#4934=ORIENTED_EDGE('',*,*,#3673,.T.);
#4935=ORIENTED_EDGE('',*,*,#3630,.T.);
#4936=ORIENTED_EDGE('',*,*,#3674,.T.);
#4937=ORIENTED_EDGE('',*,*,#3633,.F.);
#4938=ORIENTED_EDGE('',*,*,#3631,.F.);
#4939=ORIENTED_EDGE('',*,*,#3674,.F.);
#4940=ORIENTED_EDGE('',*,*,#3629,.T.);
#4941=ORIENTED_EDGE('',*,*,#3675,.T.);
#4942=ORIENTED_EDGE('',*,*,#3634,.F.);
#4943=ORIENTED_EDGE('',*,*,#3628,.T.);
#4944=ORIENTED_EDGE('',*,*,#3649,.F.);
#4945=ORIENTED_EDGE('',*,*,#3635,.F.);
#4946=ORIENTED_EDGE('',*,*,#3675,.F.);
#4947=ORIENTED_EDGE('',*,*,#3647,.T.);
#4948=ORIENTED_EDGE('',*,*,#3676,.T.);
#4949=ORIENTED_EDGE('',*,*,#3638,.F.);
#4950=ORIENTED_EDGE('',*,*,#3648,.F.);
#4951=ORIENTED_EDGE('',*,*,#3676,.F.);
#4952=ORIENTED_EDGE('',*,*,#3646,.T.);
#4953=ORIENTED_EDGE('',*,*,#3677,.T.);
#4954=ORIENTED_EDGE('',*,*,#3639,.F.);
#4955=ORIENTED_EDGE('',*,*,#3645,.T.);
#4956=ORIENTED_EDGE('',*,*,#3643,.F.);
#4957=ORIENTED_EDGE('',*,*,#3640,.F.);
#4958=ORIENTED_EDGE('',*,*,#3677,.F.);
#4959=ORIENTED_EDGE('',*,*,#3654,.T.);
#4960=ORIENTED_EDGE('',*,*,#3678,.T.);
#4961=ORIENTED_EDGE('',*,*,#3657,.F.);
#4962=ORIENTED_EDGE('',*,*,#3655,.F.);
#4963=ORIENTED_EDGE('',*,*,#3678,.F.);
#4964=ORIENTED_EDGE('',*,*,#3653,.T.);
#4965=ORIENTED_EDGE('',*,*,#3679,.T.);
#4966=ORIENTED_EDGE('',*,*,#3658,.F.);
#4967=ORIENTED_EDGE('',*,*,#3652,.T.);
#4968=ORIENTED_EDGE('',*,*,#3673,.F.);
#4969=ORIENTED_EDGE('',*,*,#3659,.F.);
#4970=ORIENTED_EDGE('',*,*,#3679,.F.);
#4971=ORIENTED_EDGE('',*,*,#3671,.T.);
#4972=ORIENTED_EDGE('',*,*,#3680,.T.);
#4973=ORIENTED_EDGE('',*,*,#3662,.F.);
#4974=ORIENTED_EDGE('',*,*,#3672,.F.);
#4975=ORIENTED_EDGE('',*,*,#3680,.F.);
#4976=ORIENTED_EDGE('',*,*,#3670,.T.);
#4977=ORIENTED_EDGE('',*,*,#3681,.T.);
#4978=ORIENTED_EDGE('',*,*,#3663,.F.);
#4979=ORIENTED_EDGE('',*,*,#3669,.T.);
#4980=ORIENTED_EDGE('',*,*,#3667,.F.);
#4981=ORIENTED_EDGE('',*,*,#3664,.F.);
#4982=ORIENTED_EDGE('',*,*,#3681,.F.);
#4983=ORIENTED_EDGE('',*,*,#3682,.F.);
#4984=ORIENTED_EDGE('',*,*,#3683,.F.);
#4985=ORIENTED_EDGE('',*,*,#3683,.T.);
#4986=ORIENTED_EDGE('',*,*,#3684,.F.);
#4987=ORIENTED_EDGE('',*,*,#3685,.T.);
#4988=ORIENTED_EDGE('',*,*,#3682,.T.);
#4989=ORIENTED_EDGE('',*,*,#3685,.F.);
#4990=ORIENTED_EDGE('',*,*,#3684,.T.);
#4991=ORIENTED_EDGE('',*,*,#3686,.F.);
#4992=ORIENTED_EDGE('',*,*,#3687,.T.);
#4993=ORIENTED_EDGE('',*,*,#3688,.F.);
#4994=ORIENTED_EDGE('',*,*,#3689,.T.);
#4995=ORIENTED_EDGE('',*,*,#3690,.T.);
#4996=ORIENTED_EDGE('',*,*,#3687,.F.);
#4997=ORIENTED_EDGE('',*,*,#3691,.F.);
#4998=ORIENTED_EDGE('',*,*,#3688,.T.);
#4999=ORIENTED_EDGE('',*,*,#3690,.F.);
#5000=ORIENTED_EDGE('',*,*,#3692,.F.);
#5001=ORIENTED_EDGE('',*,*,#3691,.T.);
#5002=ORIENTED_EDGE('',*,*,#3686,.T.);
#5003=ORIENTED_EDGE('',*,*,#3689,.F.);
#5004=ORIENTED_EDGE('',*,*,#3692,.T.);
#5005=ORIENTED_EDGE('',*,*,#3693,.T.);
#5006=ORIENTED_EDGE('',*,*,#3694,.T.);
#5007=ORIENTED_EDGE('',*,*,#3695,.T.);
#5008=ORIENTED_EDGE('',*,*,#3696,.T.);
#5009=ORIENTED_EDGE('',*,*,#3697,.T.);
#5010=ORIENTED_EDGE('',*,*,#3698,.T.);
#5011=ORIENTED_EDGE('',*,*,#3699,.T.);
#5012=ORIENTED_EDGE('',*,*,#3700,.T.);
#5013=ORIENTED_EDGE('',*,*,#3693,.F.);
#5014=ORIENTED_EDGE('',*,*,#3701,.T.);
#5015=ORIENTED_EDGE('',*,*,#3702,.F.);
#5016=ORIENTED_EDGE('',*,*,#3703,.F.);
#5017=ORIENTED_EDGE('',*,*,#3696,.F.);
#5018=ORIENTED_EDGE('',*,*,#3704,.T.);
#5019=ORIENTED_EDGE('',*,*,#3705,.F.);
#5020=ORIENTED_EDGE('',*,*,#3701,.F.);
#5021=ORIENTED_EDGE('',*,*,#3695,.F.);
#5022=ORIENTED_EDGE('',*,*,#3706,.T.);
#5023=ORIENTED_EDGE('',*,*,#3707,.F.);
#5024=ORIENTED_EDGE('',*,*,#3704,.F.);
#5025=ORIENTED_EDGE('',*,*,#3694,.F.);
#5026=ORIENTED_EDGE('',*,*,#3703,.T.);
#5027=ORIENTED_EDGE('',*,*,#3708,.F.);
#5028=ORIENTED_EDGE('',*,*,#3706,.F.);
#5029=ORIENTED_EDGE('',*,*,#3697,.F.);
#5030=ORIENTED_EDGE('',*,*,#3709,.T.);
#5031=ORIENTED_EDGE('',*,*,#3710,.F.);
#5032=ORIENTED_EDGE('',*,*,#3711,.F.);
#5033=ORIENTED_EDGE('',*,*,#3700,.F.);
#5034=ORIENTED_EDGE('',*,*,#3712,.T.);
#5035=ORIENTED_EDGE('',*,*,#3713,.F.);
#5036=ORIENTED_EDGE('',*,*,#3709,.F.);
#5037=ORIENTED_EDGE('',*,*,#3699,.F.);
#5038=ORIENTED_EDGE('',*,*,#3714,.T.);
#5039=ORIENTED_EDGE('',*,*,#3715,.F.);
#5040=ORIENTED_EDGE('',*,*,#3712,.F.);
#5041=ORIENTED_EDGE('',*,*,#3698,.F.);
#5042=ORIENTED_EDGE('',*,*,#3711,.T.);
#5043=ORIENTED_EDGE('',*,*,#3716,.F.);
#5044=ORIENTED_EDGE('',*,*,#3714,.F.);
#5045=ORIENTED_EDGE('',*,*,#3708,.T.);
#5046=ORIENTED_EDGE('',*,*,#3702,.T.);
#5047=ORIENTED_EDGE('',*,*,#3705,.T.);
#5048=ORIENTED_EDGE('',*,*,#3707,.T.);
#5049=ORIENTED_EDGE('',*,*,#3710,.T.);
#5050=ORIENTED_EDGE('',*,*,#3713,.T.);
#5051=ORIENTED_EDGE('',*,*,#3715,.T.);
#5052=ORIENTED_EDGE('',*,*,#3716,.T.);
#5053=ORIENTED_EDGE('',*,*,#3717,.T.);
#5054=ORIENTED_EDGE('',*,*,#3718,.T.);
#5055=ORIENTED_EDGE('',*,*,#3719,.F.);
#5056=ORIENTED_EDGE('',*,*,#3718,.F.);
#5057=ORIENTED_EDGE('',*,*,#3720,.T.);
#5058=ORIENTED_EDGE('',*,*,#3721,.T.);
#5059=ORIENTED_EDGE('',*,*,#3717,.F.);
#5060=ORIENTED_EDGE('',*,*,#3721,.F.);
#5061=ORIENTED_EDGE('',*,*,#3719,.T.);
#5062=ORIENTED_EDGE('',*,*,#3722,.T.);
#5063=ORIENTED_EDGE('',*,*,#3720,.F.);
#5064=ORIENTED_EDGE('',*,*,#3723,.F.);
#5065=ORIENTED_EDGE('',*,*,#3722,.F.);
#5066=ORIENTED_EDGE('',*,*,#3724,.T.);
#5067=ORIENTED_EDGE('',*,*,#3725,.T.);
#5068=ORIENTED_EDGE('',*,*,#3724,.F.);
#5069=ORIENTED_EDGE('',*,*,#3723,.T.);
#5070=ORIENTED_EDGE('',*,*,#3726,.T.);
#5071=ORIENTED_EDGE('',*,*,#3727,.T.);
#5072=ORIENTED_EDGE('',*,*,#3728,.T.);
#5073=ORIENTED_EDGE('',*,*,#3726,.F.);
#5074=ORIENTED_EDGE('',*,*,#3729,.F.);
#5075=ORIENTED_EDGE('',*,*,#3725,.F.);
#5076=ORIENTED_EDGE('',*,*,#3727,.F.);
#5077=ORIENTED_EDGE('',*,*,#3728,.F.);
#5078=ORIENTED_EDGE('',*,*,#3730,.T.);
#5079=ORIENTED_EDGE('',*,*,#3731,.T.);
#5080=ORIENTED_EDGE('',*,*,#3730,.F.);
#5081=ORIENTED_EDGE('',*,*,#3729,.T.);
#5082=ORIENTED_EDGE('',*,*,#3732,.T.);
#5083=ORIENTED_EDGE('',*,*,#3733,.F.);
#5084=ORIENTED_EDGE('',*,*,#3732,.F.);
#5085=ORIENTED_EDGE('',*,*,#3731,.F.);
#5086=ORIENTED_EDGE('',*,*,#3734,.F.);
#5087=ORIENTED_EDGE('',*,*,#3735,.T.);
#5088=ORIENTED_EDGE('',*,*,#3733,.T.);
#5089=ORIENTED_EDGE('',*,*,#3735,.F.);
#5090=ORIENTED_EDGE('',*,*,#3734,.T.);
#5091=ORIENTED_EDGE('',*,*,#3736,.T.);
#5092=ORIENTED_EDGE('',*,*,#3737,.T.);
#5093=ORIENTED_EDGE('',*,*,#3738,.T.);
#5094=ORIENTED_EDGE('',*,*,#3739,.T.);
#5095=ORIENTED_EDGE('',*,*,#3736,.F.);
#5096=ORIENTED_EDGE('',*,*,#3739,.F.);
#5097=ORIENTED_EDGE('',*,*,#3740,.F.);
#5098=ORIENTED_EDGE('',*,*,#3741,.T.);
#5099=ORIENTED_EDGE('',*,*,#3737,.F.);
#5100=ORIENTED_EDGE('',*,*,#3738,.F.);
#5101=ORIENTED_EDGE('',*,*,#3741,.F.);
#5102=ORIENTED_EDGE('',*,*,#3740,.T.);
#5103=ORIENTED_EDGE('',*,*,#3742,.T.);
#5104=ORIENTED_EDGE('',*,*,#3743,.T.);
#5105=ORIENTED_EDGE('',*,*,#3744,.F.);
#5106=ORIENTED_EDGE('',*,*,#3745,.T.);
#5107=ORIENTED_EDGE('',*,*,#3746,.T.);
#5108=ORIENTED_EDGE('',*,*,#3747,.F.);
#5109=ORIENTED_EDGE('',*,*,#3748,.F.);
#5110=ORIENTED_EDGE('',*,*,#3749,.F.);
#5111=ORIENTED_EDGE('',*,*,#3750,.F.);
#5112=ORIENTED_EDGE('',*,*,#3751,.F.);
#5113=ORIENTED_EDGE('',*,*,#3752,.F.);
#5114=ORIENTED_EDGE('',*,*,#3753,.F.);
#5115=ORIENTED_EDGE('',*,*,#3754,.T.);
#5116=ORIENTED_EDGE('',*,*,#3755,.F.);
#5117=ORIENTED_EDGE('',*,*,#3756,.T.);
#5118=ORIENTED_EDGE('',*,*,#3742,.F.);
#5119=ORIENTED_EDGE('',*,*,#3748,.T.);
#5120=ORIENTED_EDGE('',*,*,#3757,.T.);
#5121=ORIENTED_EDGE('',*,*,#3758,.T.);
#5122=ORIENTED_EDGE('',*,*,#3759,.T.);
#5123=ORIENTED_EDGE('',*,*,#3760,.T.);
#5124=ORIENTED_EDGE('',*,*,#3753,.T.);
#5125=ORIENTED_EDGE('',*,*,#3743,.F.);
#5126=ORIENTED_EDGE('',*,*,#3761,.T.);
#5127=ORIENTED_EDGE('',*,*,#3762,.T.);
#5128=ORIENTED_EDGE('',*,*,#3763,.T.);
#5129=ORIENTED_EDGE('',*,*,#3764,.F.);
#5130=ORIENTED_EDGE('',*,*,#3747,.T.);
#5131=ORIENTED_EDGE('',*,*,#3765,.T.);
#5132=ORIENTED_EDGE('',*,*,#3766,.F.);
#5133=ORIENTED_EDGE('',*,*,#3757,.F.);
#5134=ORIENTED_EDGE('',*,*,#3767,.F.);
#5135=ORIENTED_EDGE('',*,*,#3744,.T.);
#5136=ORIENTED_EDGE('',*,*,#3764,.T.);
#5137=ORIENTED_EDGE('',*,*,#3768,.T.);
#5138=ORIENTED_EDGE('',*,*,#3769,.T.);
#5139=ORIENTED_EDGE('',*,*,#3770,.F.);
#5140=ORIENTED_EDGE('',*,*,#3746,.F.);
#5141=ORIENTED_EDGE('',*,*,#3771,.F.);
#5142=ORIENTED_EDGE('',*,*,#3772,.F.);
#5143=ORIENTED_EDGE('',*,*,#3773,.T.);
#5144=ORIENTED_EDGE('',*,*,#3774,.T.);
#5145=ORIENTED_EDGE('',*,*,#3775,.F.);
#5146=ORIENTED_EDGE('',*,*,#3776,.F.);
#5147=ORIENTED_EDGE('',*,*,#3777,.F.);
#5148=ORIENTED_EDGE('',*,*,#3778,.F.);
#5149=ORIENTED_EDGE('',*,*,#3765,.F.);
#5150=ORIENTED_EDGE('',*,*,#3745,.F.);
#5151=ORIENTED_EDGE('',*,*,#3779,.T.);
#5152=ORIENTED_EDGE('',*,*,#3780,.T.);
#5153=ORIENTED_EDGE('',*,*,#3781,.T.);
#5154=ORIENTED_EDGE('',*,*,#3771,.T.);
#5155=ORIENTED_EDGE('',*,*,#3782,.T.);
#5156=ORIENTED_EDGE('',*,*,#3749,.T.);
#5157=ORIENTED_EDGE('',*,*,#3783,.F.);
#5158=ORIENTED_EDGE('',*,*,#3784,.F.);
#5159=ORIENTED_EDGE('',*,*,#3783,.T.);
#5160=ORIENTED_EDGE('',*,*,#3752,.T.);
#5161=ORIENTED_EDGE('',*,*,#3785,.F.);
#5162=ORIENTED_EDGE('',*,*,#3786,.F.);
#5163=ORIENTED_EDGE('',*,*,#3785,.T.);
#5164=ORIENTED_EDGE('',*,*,#3751,.T.);
#5165=ORIENTED_EDGE('',*,*,#3787,.F.);
#5166=ORIENTED_EDGE('',*,*,#3788,.F.);
#5167=ORIENTED_EDGE('',*,*,#3787,.T.);
#5168=ORIENTED_EDGE('',*,*,#3750,.T.);
#5169=ORIENTED_EDGE('',*,*,#3782,.F.);
#5170=ORIENTED_EDGE('',*,*,#3789,.F.);
#5171=ORIENTED_EDGE('',*,*,#3756,.F.);
#5172=ORIENTED_EDGE('',*,*,#3790,.T.);
#5173=ORIENTED_EDGE('',*,*,#3791,.T.);
#5174=ORIENTED_EDGE('',*,*,#3792,.F.);
#5175=ORIENTED_EDGE('',*,*,#3793,.T.);
#5176=ORIENTED_EDGE('',*,*,#3761,.F.);
#5177=ORIENTED_EDGE('',*,*,#3794,.T.);
#5178=ORIENTED_EDGE('',*,*,#3755,.T.);
#5179=ORIENTED_EDGE('',*,*,#3795,.F.);
#5180=ORIENTED_EDGE('',*,*,#3796,.F.);
#5181=ORIENTED_EDGE('',*,*,#3760,.F.);
#5182=ORIENTED_EDGE('',*,*,#3797,.T.);
#5183=ORIENTED_EDGE('',*,*,#3798,.F.);
#5184=ORIENTED_EDGE('',*,*,#3754,.F.);
#5185=ORIENTED_EDGE('',*,*,#3766,.T.);
#5186=ORIENTED_EDGE('',*,*,#3778,.T.);
#5187=ORIENTED_EDGE('',*,*,#3799,.F.);
#5188=ORIENTED_EDGE('',*,*,#3758,.F.);
#5189=ORIENTED_EDGE('',*,*,#3759,.F.);
#5190=ORIENTED_EDGE('',*,*,#3799,.T.);
#5191=ORIENTED_EDGE('',*,*,#3777,.T.);
#5192=ORIENTED_EDGE('',*,*,#3800,.F.);
#5193=ORIENTED_EDGE('',*,*,#3801,.F.);
#5194=ORIENTED_EDGE('',*,*,#3797,.F.);
#5195=ORIENTED_EDGE('',*,*,#3762,.F.);
#5196=ORIENTED_EDGE('',*,*,#3802,.T.);
#5197=ORIENTED_EDGE('',*,*,#3803,.T.);
#5198=ORIENTED_EDGE('',*,*,#3804,.F.);
#5199=ORIENTED_EDGE('',*,*,#3768,.F.);
#5200=ORIENTED_EDGE('',*,*,#3763,.F.);
#5201=ORIENTED_EDGE('',*,*,#3805,.T.);
#5202=ORIENTED_EDGE('',*,*,#3806,.T.);
#5203=ORIENTED_EDGE('',*,*,#3807,.T.);
#5204=ORIENTED_EDGE('',*,*,#3808,.F.);
#5205=ORIENTED_EDGE('',*,*,#3809,.T.);
#5206=ORIENTED_EDGE('',*,*,#3810,.F.);
#5207=ORIENTED_EDGE('',*,*,#3811,.T.);
#5208=ORIENTED_EDGE('',*,*,#3812,.F.);
#5209=ORIENTED_EDGE('',*,*,#3813,.T.);
#5210=ORIENTED_EDGE('',*,*,#3814,.F.);
#5211=ORIENTED_EDGE('',*,*,#3815,.T.);
#5212=ORIENTED_EDGE('',*,*,#3767,.T.);
#5213=ORIENTED_EDGE('',*,*,#3815,.F.);
#5214=ORIENTED_EDGE('',*,*,#3816,.T.);
#5215=ORIENTED_EDGE('',*,*,#3817,.F.);
#5216=ORIENTED_EDGE('',*,*,#3818,.F.);
#5217=ORIENTED_EDGE('',*,*,#3769,.F.);
#5218=ORIENTED_EDGE('',*,*,#3779,.F.);
#5219=ORIENTED_EDGE('',*,*,#3770,.T.);
#5220=ORIENTED_EDGE('',*,*,#3819,.T.);
#5221=ORIENTED_EDGE('',*,*,#3820,.T.);
#5222=ORIENTED_EDGE('',*,*,#3821,.T.);
#5223=ORIENTED_EDGE('',*,*,#3822,.F.);
#5224=ORIENTED_EDGE('',*,*,#3823,.F.);
#5225=ORIENTED_EDGE('',*,*,#3824,.T.);
#5226=ORIENTED_EDGE('',*,*,#3825,.F.);
#5227=ORIENTED_EDGE('',*,*,#3826,.T.);
#5228=ORIENTED_EDGE('',*,*,#3827,.T.);
#5229=ORIENTED_EDGE('',*,*,#3800,.T.);
#5230=ORIENTED_EDGE('',*,*,#3776,.T.);
#5231=ORIENTED_EDGE('',*,*,#3828,.F.);
#5232=ORIENTED_EDGE('',*,*,#3829,.T.);
#5233=ORIENTED_EDGE('',*,*,#3823,.T.);
#5234=ORIENTED_EDGE('',*,*,#3796,.T.);
#5235=ORIENTED_EDGE('',*,*,#3828,.T.);
#5236=ORIENTED_EDGE('',*,*,#3775,.T.);
#5237=ORIENTED_EDGE('',*,*,#3830,.F.);
#5238=ORIENTED_EDGE('',*,*,#3831,.T.);
#5239=ORIENTED_EDGE('',*,*,#3830,.T.);
#5240=ORIENTED_EDGE('',*,*,#3774,.F.);
#5241=ORIENTED_EDGE('',*,*,#3832,.F.);
#5242=ORIENTED_EDGE('',*,*,#3833,.F.);
#5243=ORIENTED_EDGE('',*,*,#3834,.T.);
#5244=ORIENTED_EDGE('',*,*,#3835,.T.);
#5245=ORIENTED_EDGE('',*,*,#3836,.T.);
#5246=ORIENTED_EDGE('',*,*,#3832,.T.);
#5247=ORIENTED_EDGE('',*,*,#3773,.F.);
#5248=ORIENTED_EDGE('',*,*,#3837,.F.);
#5249=ORIENTED_EDGE('',*,*,#3838,.F.);
#5250=ORIENTED_EDGE('',*,*,#3839,.F.);
#5251=ORIENTED_EDGE('',*,*,#3840,.F.);
#5252=ORIENTED_EDGE('',*,*,#3841,.T.);
#5253=ORIENTED_EDGE('',*,*,#3837,.T.);
#5254=ORIENTED_EDGE('',*,*,#3772,.T.);
#5255=ORIENTED_EDGE('',*,*,#3781,.F.);
#5256=ORIENTED_EDGE('',*,*,#3842,.T.);
#5257=ORIENTED_EDGE('',*,*,#3839,.T.);
#5258=ORIENTED_EDGE('',*,*,#3780,.F.);
#5259=ORIENTED_EDGE('',*,*,#3826,.F.);
#5260=ORIENTED_EDGE('',*,*,#3843,.F.);
#5261=ORIENTED_EDGE('',*,*,#3844,.T.);
#5262=ORIENTED_EDGE('',*,*,#3784,.T.);
#5263=ORIENTED_EDGE('',*,*,#3845,.F.);
#5264=ORIENTED_EDGE('',*,*,#3845,.T.);
#5265=ORIENTED_EDGE('',*,*,#3786,.T.);
#5266=ORIENTED_EDGE('',*,*,#3846,.F.);
#5267=ORIENTED_EDGE('',*,*,#3847,.F.);
#5268=ORIENTED_EDGE('',*,*,#3846,.T.);
#5269=ORIENTED_EDGE('',*,*,#3788,.T.);
#5270=ORIENTED_EDGE('',*,*,#3848,.F.);
#5271=ORIENTED_EDGE('',*,*,#3849,.F.);
#5272=ORIENTED_EDGE('',*,*,#3848,.T.);
#5273=ORIENTED_EDGE('',*,*,#3789,.T.);
#5274=ORIENTED_EDGE('',*,*,#3844,.F.);
#5275=ORIENTED_EDGE('',*,*,#3850,.F.);
#5276=ORIENTED_EDGE('',*,*,#3792,.T.);
#5277=ORIENTED_EDGE('',*,*,#3851,.T.);
#5278=ORIENTED_EDGE('',*,*,#3802,.F.);
#5279=ORIENTED_EDGE('',*,*,#3793,.F.);
#5280=ORIENTED_EDGE('',*,*,#3821,.F.);
#5281=ORIENTED_EDGE('',*,*,#3852,.F.);
#5282=ORIENTED_EDGE('',*,*,#3853,.T.);
#5283=ORIENTED_EDGE('',*,*,#3854,.T.);
#5284=ORIENTED_EDGE('',*,*,#3855,.T.);
#5285=ORIENTED_EDGE('',*,*,#3856,.F.);
#5286=ORIENTED_EDGE('',*,*,#3857,.T.);
#5287=ORIENTED_EDGE('',*,*,#3858,.F.);
#5288=ORIENTED_EDGE('',*,*,#3791,.F.);
#5289=ORIENTED_EDGE('',*,*,#3859,.F.);
#5290=ORIENTED_EDGE('',*,*,#3822,.T.);
#5291=ORIENTED_EDGE('',*,*,#3859,.T.);
#5292=ORIENTED_EDGE('',*,*,#3790,.F.);
#5293=ORIENTED_EDGE('',*,*,#3794,.F.);
#5294=ORIENTED_EDGE('',*,*,#3798,.T.);
#5295=ORIENTED_EDGE('',*,*,#3801,.T.);
#5296=ORIENTED_EDGE('',*,*,#3827,.F.);
#5297=ORIENTED_EDGE('',*,*,#3795,.T.);
#5298=ORIENTED_EDGE('',*,*,#3805,.F.);
#5299=ORIENTED_EDGE('',*,*,#3804,.T.);
#5300=ORIENTED_EDGE('',*,*,#3860,.T.);
#5301=ORIENTED_EDGE('',*,*,#3857,.F.);
#5302=ORIENTED_EDGE('',*,*,#3861,.F.);
#5303=ORIENTED_EDGE('',*,*,#3803,.F.);
#5304=ORIENTED_EDGE('',*,*,#3862,.T.);
#5305=ORIENTED_EDGE('',*,*,#3863,.T.);
#5306=ORIENTED_EDGE('',*,*,#3864,.F.);
#5307=ORIENTED_EDGE('',*,*,#3865,.F.);
#5308=ORIENTED_EDGE('',*,*,#3806,.F.);
#5309=ORIENTED_EDGE('',*,*,#3861,.T.);
#5310=ORIENTED_EDGE('',*,*,#3866,.F.);
#5311=ORIENTED_EDGE('',*,*,#3867,.F.);
#5312=ORIENTED_EDGE('',*,*,#3868,.F.);
#5313=ORIENTED_EDGE('',*,*,#3869,.F.);
#5314=ORIENTED_EDGE('',*,*,#3807,.F.);
#5315=ORIENTED_EDGE('',*,*,#3869,.T.);
#5316=ORIENTED_EDGE('',*,*,#3853,.F.);
#5317=ORIENTED_EDGE('',*,*,#3870,.F.);
#5318=ORIENTED_EDGE('',*,*,#3816,.F.);
#5319=ORIENTED_EDGE('',*,*,#3808,.T.);
#5320=ORIENTED_EDGE('',*,*,#3814,.T.);
#5321=ORIENTED_EDGE('',*,*,#3871,.T.);
#5322=ORIENTED_EDGE('',*,*,#3872,.F.);
#5323=ORIENTED_EDGE('',*,*,#3813,.F.);
#5324=ORIENTED_EDGE('',*,*,#3873,.T.);
#5325=ORIENTED_EDGE('',*,*,#3809,.F.);
#5326=ORIENTED_EDGE('',*,*,#3871,.F.);
#5327=ORIENTED_EDGE('',*,*,#3874,.T.);
#5328=ORIENTED_EDGE('',*,*,#3810,.T.);
#5329=ORIENTED_EDGE('',*,*,#3873,.F.);
#5330=ORIENTED_EDGE('',*,*,#3812,.T.);
#5331=ORIENTED_EDGE('',*,*,#3811,.F.);
#5332=ORIENTED_EDGE('',*,*,#3874,.F.);
#5333=ORIENTED_EDGE('',*,*,#3817,.T.);
#5334=ORIENTED_EDGE('',*,*,#3875,.T.);
#5335=ORIENTED_EDGE('',*,*,#3876,.T.);
#5336=ORIENTED_EDGE('',*,*,#3877,.T.);
#5337=ORIENTED_EDGE('',*,*,#3878,.F.);
#5338=ORIENTED_EDGE('',*,*,#3819,.F.);
#5339=ORIENTED_EDGE('',*,*,#3818,.T.);
#5340=ORIENTED_EDGE('',*,*,#3879,.T.);
#5341=ORIENTED_EDGE('',*,*,#3820,.F.);
#5342=ORIENTED_EDGE('',*,*,#3880,.F.);
#5343=ORIENTED_EDGE('',*,*,#3881,.T.);
#5344=ORIENTED_EDGE('',*,*,#3840,.T.);
#5345=ORIENTED_EDGE('',*,*,#3842,.F.);
#5346=ORIENTED_EDGE('',*,*,#3825,.T.);
#5347=ORIENTED_EDGE('',*,*,#3882,.F.);
#5348=ORIENTED_EDGE('',*,*,#3834,.F.);
#5349=ORIENTED_EDGE('',*,*,#3883,.F.);
#5350=ORIENTED_EDGE('',*,*,#3882,.T.);
#5351=ORIENTED_EDGE('',*,*,#3824,.F.);
#5352=ORIENTED_EDGE('',*,*,#3829,.F.);
#5353=ORIENTED_EDGE('',*,*,#3831,.F.);
#5354=ORIENTED_EDGE('',*,*,#3884,.F.);
#5355=ORIENTED_EDGE('',*,*,#3883,.T.);
#5356=ORIENTED_EDGE('',*,*,#3833,.T.);
#5357=ORIENTED_EDGE('',*,*,#3836,.F.);
#5358=ORIENTED_EDGE('',*,*,#3885,.T.);
#5359=ORIENTED_EDGE('',*,*,#3884,.T.);
#5360=ORIENTED_EDGE('',*,*,#3835,.F.);
#5361=ORIENTED_EDGE('',*,*,#3886,.F.);
#5362=ORIENTED_EDGE('',*,*,#3880,.T.);
#5363=ORIENTED_EDGE('',*,*,#3886,.T.);
#5364=ORIENTED_EDGE('',*,*,#3838,.T.);
#5365=ORIENTED_EDGE('',*,*,#3841,.F.);
#5366=ORIENTED_EDGE('',*,*,#3881,.F.);
#5367=ORIENTED_EDGE('',*,*,#3887,.F.);
#5368=ORIENTED_EDGE('',*,*,#3888,.T.);
#5369=ORIENTED_EDGE('',*,*,#3843,.T.);
#5370=ORIENTED_EDGE('',*,*,#3889,.F.);
#5371=ORIENTED_EDGE('',*,*,#3890,.F.);
#5372=ORIENTED_EDGE('',*,*,#3889,.T.);
#5373=ORIENTED_EDGE('',*,*,#3847,.T.);
#5374=ORIENTED_EDGE('',*,*,#3891,.F.);
#5375=ORIENTED_EDGE('',*,*,#3892,.F.);
#5376=ORIENTED_EDGE('',*,*,#3891,.T.);
#5377=ORIENTED_EDGE('',*,*,#3849,.T.);
#5378=ORIENTED_EDGE('',*,*,#3893,.F.);
#5379=ORIENTED_EDGE('',*,*,#3894,.F.);
#5380=ORIENTED_EDGE('',*,*,#3893,.T.);
#5381=ORIENTED_EDGE('',*,*,#3850,.T.);
#5382=ORIENTED_EDGE('',*,*,#3888,.F.);
#5383=ORIENTED_EDGE('',*,*,#3895,.F.);
#5384=ORIENTED_EDGE('',*,*,#3851,.F.);
#5385=ORIENTED_EDGE('',*,*,#3896,.T.);
#5386=ORIENTED_EDGE('',*,*,#3897,.T.);
#5387=ORIENTED_EDGE('',*,*,#3862,.F.);
#5388=ORIENTED_EDGE('',*,*,#3896,.F.);
#5389=ORIENTED_EDGE('',*,*,#3858,.T.);
#5390=ORIENTED_EDGE('',*,*,#3898,.T.);
#5391=ORIENTED_EDGE('',*,*,#3899,.T.);
#5392=ORIENTED_EDGE('',*,*,#3900,.T.);
#5393=ORIENTED_EDGE('',*,*,#3901,.F.);
#5394=ORIENTED_EDGE('',*,*,#3856,.T.);
#5395=ORIENTED_EDGE('',*,*,#3902,.T.);
#5396=ORIENTED_EDGE('',*,*,#3903,.F.);
#5397=ORIENTED_EDGE('',*,*,#3898,.F.);
#5398=ORIENTED_EDGE('',*,*,#3902,.F.);
#5399=ORIENTED_EDGE('',*,*,#3855,.F.);
#5400=ORIENTED_EDGE('',*,*,#3904,.T.);
#5401=ORIENTED_EDGE('',*,*,#3905,.T.);
#5402=ORIENTED_EDGE('',*,*,#3906,.T.);
#5403=ORIENTED_EDGE('',*,*,#3904,.F.);
#5404=ORIENTED_EDGE('',*,*,#3854,.F.);
#5405=ORIENTED_EDGE('',*,*,#3907,.F.);
#5406=ORIENTED_EDGE('',*,*,#3908,.F.);
#5407=ORIENTED_EDGE('',*,*,#3909,.T.);
#5408=ORIENTED_EDGE('',*,*,#3908,.T.);
#5409=ORIENTED_EDGE('',*,*,#3852,.T.);
#5410=ORIENTED_EDGE('',*,*,#3910,.T.);
#5411=ORIENTED_EDGE('',*,*,#3911,.T.);
#5412=ORIENTED_EDGE('',*,*,#3912,.T.);
#5413=ORIENTED_EDGE('',*,*,#3870,.T.);
#5414=ORIENTED_EDGE('',*,*,#3907,.T.);
#5415=ORIENTED_EDGE('',*,*,#3868,.T.);
#5416=ORIENTED_EDGE('',*,*,#3913,.F.);
#5417=ORIENTED_EDGE('',*,*,#3866,.T.);
#5418=ORIENTED_EDGE('',*,*,#3901,.T.);
#5419=ORIENTED_EDGE('',*,*,#3860,.F.);
#5420=ORIENTED_EDGE('',*,*,#3914,.F.);
#5421=ORIENTED_EDGE('',*,*,#3915,.F.);
#5422=ORIENTED_EDGE('',*,*,#3914,.T.);
#5423=ORIENTED_EDGE('',*,*,#3865,.T.);
#5424=ORIENTED_EDGE('',*,*,#3916,.F.);
#5425=ORIENTED_EDGE('',*,*,#3917,.F.);
#5426=ORIENTED_EDGE('',*,*,#3918,.F.);
#5427=ORIENTED_EDGE('',*,*,#3864,.T.);
#5428=ORIENTED_EDGE('',*,*,#3919,.F.);
#5429=ORIENTED_EDGE('',*,*,#3899,.F.);
#5430=ORIENTED_EDGE('',*,*,#3863,.F.);
#5431=ORIENTED_EDGE('',*,*,#3897,.F.);
#5432=ORIENTED_EDGE('',*,*,#3900,.F.);
#5433=ORIENTED_EDGE('',*,*,#3919,.T.);
#5434=ORIENTED_EDGE('',*,*,#3867,.T.);
#5435=ORIENTED_EDGE('',*,*,#3913,.T.);
#5436=ORIENTED_EDGE('',*,*,#3872,.T.);
#5437=ORIENTED_EDGE('',*,*,#3920,.T.);
#5438=ORIENTED_EDGE('',*,*,#3921,.F.);
#5439=ORIENTED_EDGE('',*,*,#3920,.F.);
#5440=ORIENTED_EDGE('',*,*,#3879,.F.);
#5441=ORIENTED_EDGE('',*,*,#3878,.T.);
#5442=ORIENTED_EDGE('',*,*,#3922,.T.);
#5443=ORIENTED_EDGE('',*,*,#3910,.F.);
#5444=ORIENTED_EDGE('',*,*,#3877,.F.);
#5445=ORIENTED_EDGE('',*,*,#3923,.T.);
#5446=ORIENTED_EDGE('',*,*,#3911,.F.);
#5447=ORIENTED_EDGE('',*,*,#3922,.F.);
#5448=ORIENTED_EDGE('',*,*,#3924,.T.);
#5449=ORIENTED_EDGE('',*,*,#3875,.F.);
#5450=ORIENTED_EDGE('',*,*,#3912,.F.);
#5451=ORIENTED_EDGE('',*,*,#3925,.F.);
#5452=ORIENTED_EDGE('',*,*,#3876,.F.);
#5453=ORIENTED_EDGE('',*,*,#3926,.T.);
#5454=ORIENTED_EDGE('',*,*,#3909,.F.);
#5455=ORIENTED_EDGE('',*,*,#3923,.F.);
#5456=ORIENTED_EDGE('',*,*,#3885,.F.);
#5457=ORIENTED_EDGE('',*,*,#3927,.T.);
#5458=ORIENTED_EDGE('',*,*,#3887,.T.);
#5459=ORIENTED_EDGE('',*,*,#3927,.F.);
#5460=ORIENTED_EDGE('',*,*,#3928,.T.);
#5461=ORIENTED_EDGE('',*,*,#3890,.T.);
#5462=ORIENTED_EDGE('',*,*,#3929,.F.);
#5463=ORIENTED_EDGE('',*,*,#3930,.F.);
#5464=ORIENTED_EDGE('',*,*,#3929,.T.);
#5465=ORIENTED_EDGE('',*,*,#3892,.T.);
#5466=ORIENTED_EDGE('',*,*,#3931,.F.);
#5467=ORIENTED_EDGE('',*,*,#3932,.F.);
#5468=ORIENTED_EDGE('',*,*,#3933,.F.);
#5469=ORIENTED_EDGE('',*,*,#3931,.T.);
#5470=ORIENTED_EDGE('',*,*,#3894,.T.);
#5471=ORIENTED_EDGE('',*,*,#3934,.F.);
#5472=ORIENTED_EDGE('',*,*,#3934,.T.);
#5473=ORIENTED_EDGE('',*,*,#3895,.T.);
#5474=ORIENTED_EDGE('',*,*,#3928,.F.);
#5475=ORIENTED_EDGE('',*,*,#3935,.F.);
#5476=ORIENTED_EDGE('',*,*,#3916,.T.);
#5477=ORIENTED_EDGE('',*,*,#3918,.T.);
#5478=ORIENTED_EDGE('',*,*,#3903,.T.);
#5479=ORIENTED_EDGE('',*,*,#3936,.T.);
#5480=ORIENTED_EDGE('',*,*,#3906,.F.);
#5481=ORIENTED_EDGE('',*,*,#3926,.F.);
#5482=ORIENTED_EDGE('',*,*,#3924,.F.);
#5483=ORIENTED_EDGE('',*,*,#3937,.F.);
#5484=ORIENTED_EDGE('',*,*,#3905,.F.);
#5485=ORIENTED_EDGE('',*,*,#3938,.T.);
#5486=ORIENTED_EDGE('',*,*,#3939,.F.);
#5487=ORIENTED_EDGE('',*,*,#3940,.F.);
#5488=ORIENTED_EDGE('',*,*,#3941,.F.);
#5489=ORIENTED_EDGE('',*,*,#3942,.T.);
#5490=ORIENTED_EDGE('',*,*,#3915,.T.);
#5491=ORIENTED_EDGE('',*,*,#3943,.F.);
#5492=ORIENTED_EDGE('',*,*,#3943,.T.);
#5493=ORIENTED_EDGE('',*,*,#3917,.T.);
#5494=ORIENTED_EDGE('',*,*,#3944,.F.);
#5495=ORIENTED_EDGE('',*,*,#3945,.F.);
#5496=ORIENTED_EDGE('',*,*,#3921,.T.);
#5497=ORIENTED_EDGE('',*,*,#3946,.F.);
#5498=ORIENTED_EDGE('',*,*,#3946,.T.);
#5499=ORIENTED_EDGE('',*,*,#3947,.T.);
#5500=ORIENTED_EDGE('',*,*,#3925,.T.);
#5501=ORIENTED_EDGE('',*,*,#3942,.F.);
#5502=ORIENTED_EDGE('',*,*,#3948,.F.);
#5503=ORIENTED_EDGE('',*,*,#3949,.T.);
#5504=ORIENTED_EDGE('',*,*,#3930,.T.);
#5505=ORIENTED_EDGE('',*,*,#3950,.F.);
#5506=ORIENTED_EDGE('',*,*,#3951,.F.);
#5507=ORIENTED_EDGE('',*,*,#3952,.F.);
#5508=ORIENTED_EDGE('',*,*,#3953,.T.);
#5509=ORIENTED_EDGE('',*,*,#3950,.T.);
#5510=ORIENTED_EDGE('',*,*,#3932,.T.);
#5511=ORIENTED_EDGE('',*,*,#3954,.F.);
#5512=ORIENTED_EDGE('',*,*,#3955,.F.);
#5513=ORIENTED_EDGE('',*,*,#3954,.T.);
#5514=ORIENTED_EDGE('',*,*,#3933,.T.);
#5515=ORIENTED_EDGE('',*,*,#3956,.F.);
#5516=ORIENTED_EDGE('',*,*,#3957,.F.);
#5517=ORIENTED_EDGE('',*,*,#3958,.F.);
#5518=ORIENTED_EDGE('',*,*,#3959,.T.);
#5519=ORIENTED_EDGE('',*,*,#3956,.T.);
#5520=ORIENTED_EDGE('',*,*,#3935,.T.);
#5521=ORIENTED_EDGE('',*,*,#3949,.F.);
#5522=ORIENTED_EDGE('',*,*,#3960,.F.);
#5523=ORIENTED_EDGE('',*,*,#3940,.T.);
#5524=ORIENTED_EDGE('',*,*,#3939,.T.);
#5525=ORIENTED_EDGE('',*,*,#3938,.F.);
#5526=ORIENTED_EDGE('',*,*,#3936,.F.);
#5527=ORIENTED_EDGE('',*,*,#3944,.T.);
#5528=ORIENTED_EDGE('',*,*,#3937,.T.);
#5529=ORIENTED_EDGE('',*,*,#3947,.F.);
#5530=ORIENTED_EDGE('',*,*,#3961,.F.);
#5531=ORIENTED_EDGE('',*,*,#3962,.T.);
#5532=ORIENTED_EDGE('',*,*,#3941,.T.);
#5533=ORIENTED_EDGE('',*,*,#3963,.F.);
#5534=ORIENTED_EDGE('',*,*,#3964,.F.);
#5535=ORIENTED_EDGE('',*,*,#3963,.T.);
#5536=ORIENTED_EDGE('',*,*,#3945,.T.);
#5537=ORIENTED_EDGE('',*,*,#3965,.F.);
#5538=ORIENTED_EDGE('',*,*,#3966,.F.);
#5539=ORIENTED_EDGE('',*,*,#3967,.T.);
#5540=ORIENTED_EDGE('',*,*,#3948,.T.);
#5541=ORIENTED_EDGE('',*,*,#3962,.F.);
#5542=ORIENTED_EDGE('',*,*,#3968,.F.);
#5543=ORIENTED_EDGE('',*,*,#3957,.T.);
#5544=ORIENTED_EDGE('',*,*,#3960,.T.);
#5545=ORIENTED_EDGE('',*,*,#3953,.F.);
#5546=ORIENTED_EDGE('',*,*,#3969,.F.);
#5547=ORIENTED_EDGE('',*,*,#3952,.T.);
#5548=ORIENTED_EDGE('',*,*,#3970,.T.);
#5549=ORIENTED_EDGE('',*,*,#3958,.T.);
#5550=ORIENTED_EDGE('',*,*,#3969,.T.);
#5551=ORIENTED_EDGE('',*,*,#3951,.T.);
#5552=ORIENTED_EDGE('',*,*,#3955,.T.);
#5553=ORIENTED_EDGE('',*,*,#3959,.F.);
#5554=ORIENTED_EDGE('',*,*,#3970,.F.);
#5555=ORIENTED_EDGE('',*,*,#3965,.T.);
#5556=ORIENTED_EDGE('',*,*,#3961,.T.);
#5557=ORIENTED_EDGE('',*,*,#3967,.F.);
#5558=ORIENTED_EDGE('',*,*,#3971,.F.);
#5559=ORIENTED_EDGE('',*,*,#3972,.T.);
#5560=ORIENTED_EDGE('',*,*,#3964,.T.);
#5561=ORIENTED_EDGE('',*,*,#3973,.F.);
#5562=ORIENTED_EDGE('',*,*,#3974,.F.);
#5563=ORIENTED_EDGE('',*,*,#3973,.T.);
#5564=ORIENTED_EDGE('',*,*,#3966,.T.);
#5565=ORIENTED_EDGE('',*,*,#3975,.F.);
#5566=ORIENTED_EDGE('',*,*,#3976,.F.);
#5567=ORIENTED_EDGE('',*,*,#3977,.T.);
#5568=ORIENTED_EDGE('',*,*,#3968,.T.);
#5569=ORIENTED_EDGE('',*,*,#3972,.F.);
#5570=ORIENTED_EDGE('',*,*,#3978,.F.);
#5571=ORIENTED_EDGE('',*,*,#3979,.F.);
#5572=ORIENTED_EDGE('',*,*,#3975,.T.);
#5573=ORIENTED_EDGE('',*,*,#3971,.T.);
#5574=ORIENTED_EDGE('',*,*,#3977,.F.);
#5575=ORIENTED_EDGE('',*,*,#3980,.T.);
#5576=ORIENTED_EDGE('',*,*,#3974,.T.);
#5577=ORIENTED_EDGE('',*,*,#3981,.F.);
#5578=ORIENTED_EDGE('',*,*,#3982,.F.);
#5579=ORIENTED_EDGE('',*,*,#3983,.F.);
#5580=ORIENTED_EDGE('',*,*,#3984,.T.);
#5581=ORIENTED_EDGE('',*,*,#3981,.T.);
#5582=ORIENTED_EDGE('',*,*,#3976,.T.);
#5583=ORIENTED_EDGE('',*,*,#3985,.F.);
#5584=ORIENTED_EDGE('',*,*,#3986,.F.);
#5585=ORIENTED_EDGE('',*,*,#3987,.T.);
#5586=ORIENTED_EDGE('',*,*,#3978,.T.);
#5587=ORIENTED_EDGE('',*,*,#3980,.F.);
#5588=ORIENTED_EDGE('',*,*,#3988,.F.);
#5589=ORIENTED_EDGE('',*,*,#3985,.T.);
#5590=ORIENTED_EDGE('',*,*,#3979,.T.);
#5591=ORIENTED_EDGE('',*,*,#3987,.F.);
#5592=ORIENTED_EDGE('',*,*,#3989,.F.);
#5593=ORIENTED_EDGE('',*,*,#3990,.F.);
#5594=ORIENTED_EDGE('',*,*,#3991,.T.);
#5595=ORIENTED_EDGE('',*,*,#3989,.T.);
#5596=ORIENTED_EDGE('',*,*,#3988,.T.);
#5597=ORIENTED_EDGE('',*,*,#3984,.F.);
#5598=ORIENTED_EDGE('',*,*,#3992,.F.);
#5599=ORIENTED_EDGE('',*,*,#3990,.T.);
#5600=ORIENTED_EDGE('',*,*,#3992,.T.);
#5601=ORIENTED_EDGE('',*,*,#3983,.T.);
#5602=ORIENTED_EDGE('',*,*,#3993,.T.);
#5603=ORIENTED_EDGE('',*,*,#3982,.T.);
#5604=ORIENTED_EDGE('',*,*,#3986,.T.);
#5605=ORIENTED_EDGE('',*,*,#3991,.F.);
#5606=ORIENTED_EDGE('',*,*,#3993,.F.);
#5607=ORIENTED_EDGE('',*,*,#3994,.F.);
#5608=ORIENTED_EDGE('',*,*,#3995,.T.);
#5609=ORIENTED_EDGE('',*,*,#3996,.T.);
#5610=ORIENTED_EDGE('',*,*,#3997,.F.);
#5611=ORIENTED_EDGE('',*,*,#3998,.T.);
#5612=ORIENTED_EDGE('',*,*,#3994,.T.);
#5613=ORIENTED_EDGE('',*,*,#3999,.F.);
#5614=ORIENTED_EDGE('',*,*,#3996,.F.);
#5615=ORIENTED_EDGE('',*,*,#3995,.F.);
#5616=ORIENTED_EDGE('',*,*,#3998,.F.);
#5617=ORIENTED_EDGE('',*,*,#4000,.F.);
#5618=ORIENTED_EDGE('',*,*,#4001,.F.);
#5619=ORIENTED_EDGE('',*,*,#4002,.F.);
#5620=ORIENTED_EDGE('',*,*,#4003,.F.);
#5621=ORIENTED_EDGE('',*,*,#4004,.F.);
#5622=ORIENTED_EDGE('',*,*,#4005,.F.);
#5623=ORIENTED_EDGE('',*,*,#4006,.F.);
#5624=ORIENTED_EDGE('',*,*,#4007,.F.);
#5625=ORIENTED_EDGE('',*,*,#4008,.F.);
#5626=ORIENTED_EDGE('',*,*,#4009,.F.);
#5627=ORIENTED_EDGE('',*,*,#4010,.F.);
#5628=ORIENTED_EDGE('',*,*,#4011,.F.);
#5629=ORIENTED_EDGE('',*,*,#3997,.T.);
#5630=ORIENTED_EDGE('',*,*,#3999,.T.);
#5631=ORIENTED_EDGE('',*,*,#4012,.F.);
#5632=ORIENTED_EDGE('',*,*,#4000,.T.);
#5633=ORIENTED_EDGE('',*,*,#4013,.T.);
#5634=ORIENTED_EDGE('',*,*,#4014,.F.);
#5635=ORIENTED_EDGE('',*,*,#4013,.F.);
#5636=ORIENTED_EDGE('',*,*,#4003,.T.);
#5637=ORIENTED_EDGE('',*,*,#4015,.T.);
#5638=ORIENTED_EDGE('',*,*,#4016,.F.);
#5639=ORIENTED_EDGE('',*,*,#4015,.F.);
#5640=ORIENTED_EDGE('',*,*,#4002,.T.);
#5641=ORIENTED_EDGE('',*,*,#4017,.T.);
#5642=ORIENTED_EDGE('',*,*,#4018,.F.);
#5643=ORIENTED_EDGE('',*,*,#4017,.F.);
#5644=ORIENTED_EDGE('',*,*,#4001,.T.);
#5645=ORIENTED_EDGE('',*,*,#4012,.T.);
#5646=ORIENTED_EDGE('',*,*,#4019,.F.);
#5647=ORIENTED_EDGE('',*,*,#4020,.F.);
#5648=ORIENTED_EDGE('',*,*,#4004,.T.);
#5649=ORIENTED_EDGE('',*,*,#4021,.T.);
#5650=ORIENTED_EDGE('',*,*,#4022,.F.);
#5651=ORIENTED_EDGE('',*,*,#4021,.F.);
#5652=ORIENTED_EDGE('',*,*,#4007,.T.);
#5653=ORIENTED_EDGE('',*,*,#4023,.T.);
#5654=ORIENTED_EDGE('',*,*,#4024,.F.);
#5655=ORIENTED_EDGE('',*,*,#4023,.F.);
#5656=ORIENTED_EDGE('',*,*,#4006,.T.);
#5657=ORIENTED_EDGE('',*,*,#4025,.T.);
#5658=ORIENTED_EDGE('',*,*,#4026,.F.);
#5659=ORIENTED_EDGE('',*,*,#4025,.F.);
#5660=ORIENTED_EDGE('',*,*,#4005,.T.);
#5661=ORIENTED_EDGE('',*,*,#4020,.T.);
#5662=ORIENTED_EDGE('',*,*,#4027,.F.);
#5663=ORIENTED_EDGE('',*,*,#4028,.F.);
#5664=ORIENTED_EDGE('',*,*,#4008,.T.);
#5665=ORIENTED_EDGE('',*,*,#4029,.T.);
#5666=ORIENTED_EDGE('',*,*,#4030,.F.);
#5667=ORIENTED_EDGE('',*,*,#4029,.F.);
#5668=ORIENTED_EDGE('',*,*,#4011,.T.);
#5669=ORIENTED_EDGE('',*,*,#4031,.T.);
#5670=ORIENTED_EDGE('',*,*,#4032,.F.);
#5671=ORIENTED_EDGE('',*,*,#4031,.F.);
#5672=ORIENTED_EDGE('',*,*,#4010,.T.);
#5673=ORIENTED_EDGE('',*,*,#4033,.T.);
#5674=ORIENTED_EDGE('',*,*,#4034,.F.);
#5675=ORIENTED_EDGE('',*,*,#4033,.F.);
#5676=ORIENTED_EDGE('',*,*,#4009,.T.);
#5677=ORIENTED_EDGE('',*,*,#4028,.T.);
#5678=ORIENTED_EDGE('',*,*,#4035,.F.);
#5679=ORIENTED_EDGE('',*,*,#4018,.T.);
#5680=ORIENTED_EDGE('',*,*,#4019,.T.);
#5681=ORIENTED_EDGE('',*,*,#4014,.T.);
#5682=ORIENTED_EDGE('',*,*,#4016,.T.);
#5683=ORIENTED_EDGE('',*,*,#4026,.T.);
#5684=ORIENTED_EDGE('',*,*,#4027,.T.);
#5685=ORIENTED_EDGE('',*,*,#4022,.T.);
#5686=ORIENTED_EDGE('',*,*,#4024,.T.);
#5687=ORIENTED_EDGE('',*,*,#4035,.T.);
#5688=ORIENTED_EDGE('',*,*,#4030,.T.);
#5689=ORIENTED_EDGE('',*,*,#4032,.T.);
#5690=ORIENTED_EDGE('',*,*,#4034,.T.);
#5691=ORIENTED_EDGE('',*,*,#4036,.T.);
#5692=ORIENTED_EDGE('',*,*,#4037,.T.);
#5693=ORIENTED_EDGE('',*,*,#4038,.F.);
#5694=ORIENTED_EDGE('',*,*,#4037,.F.);
#5695=ORIENTED_EDGE('',*,*,#4039,.F.);
#5696=ORIENTED_EDGE('',*,*,#4040,.T.);
#5697=ORIENTED_EDGE('',*,*,#4041,.F.);
#5698=ORIENTED_EDGE('',*,*,#4040,.F.);
#5699=ORIENTED_EDGE('',*,*,#4042,.F.);
#5700=ORIENTED_EDGE('',*,*,#4043,.T.);
#5701=ORIENTED_EDGE('',*,*,#4044,.F.);
#5702=ORIENTED_EDGE('',*,*,#4043,.F.);
#5703=ORIENTED_EDGE('',*,*,#4045,.T.);
#5704=ORIENTED_EDGE('',*,*,#4046,.T.);
#5705=ORIENTED_EDGE('',*,*,#4047,.F.);
#5706=ORIENTED_EDGE('',*,*,#4046,.F.);
#5707=ORIENTED_EDGE('',*,*,#4048,.F.);
#5708=ORIENTED_EDGE('',*,*,#4049,.F.);
#5709=ORIENTED_EDGE('',*,*,#4050,.F.);
#5710=ORIENTED_EDGE('',*,*,#4051,.F.);
#5711=ORIENTED_EDGE('',*,*,#4052,.F.);
#5712=ORIENTED_EDGE('',*,*,#4053,.F.);
#5713=ORIENTED_EDGE('',*,*,#4054,.F.);
#5714=ORIENTED_EDGE('',*,*,#4055,.T.);
#5715=ORIENTED_EDGE('',*,*,#4056,.T.);
#5716=ORIENTED_EDGE('',*,*,#4055,.F.);
#5717=ORIENTED_EDGE('',*,*,#4057,.F.);
#5718=ORIENTED_EDGE('',*,*,#4058,.T.);
#5719=ORIENTED_EDGE('',*,*,#4059,.F.);
#5720=ORIENTED_EDGE('',*,*,#4058,.F.);
#5721=ORIENTED_EDGE('',*,*,#4060,.F.);
#5722=ORIENTED_EDGE('',*,*,#4061,.T.);
#5723=ORIENTED_EDGE('',*,*,#4062,.F.);
#5724=ORIENTED_EDGE('',*,*,#4061,.F.);
#5725=ORIENTED_EDGE('',*,*,#4063,.F.);
#5726=ORIENTED_EDGE('',*,*,#4064,.F.);
#5727=ORIENTED_EDGE('',*,*,#4065,.F.);
#5728=ORIENTED_EDGE('',*,*,#4066,.T.);
#5729=ORIENTED_EDGE('',*,*,#4067,.F.);
#5730=ORIENTED_EDGE('',*,*,#4068,.F.);
#5731=ORIENTED_EDGE('',*,*,#4069,.F.);
#5732=ORIENTED_EDGE('',*,*,#4070,.T.);
#5733=ORIENTED_EDGE('',*,*,#4071,.F.);
#5734=ORIENTED_EDGE('',*,*,#4072,.F.);
#5735=ORIENTED_EDGE('',*,*,#4073,.F.);
#5736=ORIENTED_EDGE('',*,*,#4074,.T.);
#5737=ORIENTED_EDGE('',*,*,#4075,.F.);
#5738=ORIENTED_EDGE('',*,*,#4076,.T.);
#5739=ORIENTED_EDGE('',*,*,#4077,.F.);
#5740=ORIENTED_EDGE('',*,*,#4078,.F.);
#5741=ORIENTED_EDGE('',*,*,#4076,.F.);
#5742=ORIENTED_EDGE('',*,*,#4079,.T.);
#5743=ORIENTED_EDGE('',*,*,#4080,.T.);
#5744=ORIENTED_EDGE('',*,*,#4077,.T.);
#5745=ORIENTED_EDGE('',*,*,#4078,.T.);
#5746=ORIENTED_EDGE('',*,*,#4080,.F.);
#5747=ORIENTED_EDGE('',*,*,#4079,.F.);
#5748=ORIENTED_EDGE('',*,*,#4036,.F.);
#5749=ORIENTED_EDGE('',*,*,#4081,.F.);
#5750=ORIENTED_EDGE('',*,*,#4072,.T.);
#5751=ORIENTED_EDGE('',*,*,#4082,.F.);
#5752=ORIENTED_EDGE('',*,*,#4083,.F.);
#5753=ORIENTED_EDGE('',*,*,#4084,.F.);
#5754=ORIENTED_EDGE('',*,*,#4049,.T.);
#5755=ORIENTED_EDGE('',*,*,#4083,.T.);
#5756=ORIENTED_EDGE('',*,*,#4085,.F.);
#5757=ORIENTED_EDGE('',*,*,#4086,.F.);
#5758=ORIENTED_EDGE('',*,*,#4084,.T.);
#5759=ORIENTED_EDGE('',*,*,#4087,.F.);
#5760=ORIENTED_EDGE('',*,*,#4070,.F.);
#5761=ORIENTED_EDGE('',*,*,#4087,.T.);
#5762=ORIENTED_EDGE('',*,*,#4085,.T.);
#5763=ORIENTED_EDGE('',*,*,#4082,.T.);
#5764=ORIENTED_EDGE('',*,*,#4071,.T.);
#5765=ORIENTED_EDGE('',*,*,#4088,.F.);
#5766=ORIENTED_EDGE('',*,*,#4068,.T.);
#5767=ORIENTED_EDGE('',*,*,#4089,.F.);
#5768=ORIENTED_EDGE('',*,*,#4090,.F.);
#5769=ORIENTED_EDGE('',*,*,#4091,.F.);
#5770=ORIENTED_EDGE('',*,*,#4051,.T.);
#5771=ORIENTED_EDGE('',*,*,#4090,.T.);
#5772=ORIENTED_EDGE('',*,*,#4092,.F.);
#5773=ORIENTED_EDGE('',*,*,#4093,.F.);
#5774=ORIENTED_EDGE('',*,*,#4091,.T.);
#5775=ORIENTED_EDGE('',*,*,#4094,.F.);
#5776=ORIENTED_EDGE('',*,*,#4066,.F.);
#5777=ORIENTED_EDGE('',*,*,#4094,.T.);
#5778=ORIENTED_EDGE('',*,*,#4092,.T.);
#5779=ORIENTED_EDGE('',*,*,#4089,.T.);
#5780=ORIENTED_EDGE('',*,*,#4067,.T.);
#5781=ORIENTED_EDGE('',*,*,#4095,.F.);
#5782=ORIENTED_EDGE('',*,*,#4053,.T.);
#5783=ORIENTED_EDGE('',*,*,#4096,.T.);
#5784=ORIENTED_EDGE('',*,*,#4097,.F.);
#5785=ORIENTED_EDGE('',*,*,#4098,.F.);
#5786=ORIENTED_EDGE('',*,*,#4095,.T.);
#5787=ORIENTED_EDGE('',*,*,#4099,.F.);
#5788=ORIENTED_EDGE('',*,*,#4074,.F.);
#5789=ORIENTED_EDGE('',*,*,#4100,.F.);
#5790=ORIENTED_EDGE('',*,*,#4064,.T.);
#5791=ORIENTED_EDGE('',*,*,#4101,.F.);
#5792=ORIENTED_EDGE('',*,*,#4096,.F.);
#5793=ORIENTED_EDGE('',*,*,#4101,.T.);
#5794=ORIENTED_EDGE('',*,*,#4063,.T.);
#5795=ORIENTED_EDGE('',*,*,#4075,.T.);
#5796=ORIENTED_EDGE('',*,*,#4099,.T.);
#5797=ORIENTED_EDGE('',*,*,#4097,.T.);
#5798=ORIENTED_EDGE('',*,*,#4093,.T.);
#5799=ORIENTED_EDGE('',*,*,#4065,.T.);
#5800=ORIENTED_EDGE('',*,*,#4100,.T.);
#5801=ORIENTED_EDGE('',*,*,#4052,.T.);
#5802=ORIENTED_EDGE('',*,*,#4086,.T.);
#5803=ORIENTED_EDGE('',*,*,#4069,.T.);
#5804=ORIENTED_EDGE('',*,*,#4088,.T.);
#5805=ORIENTED_EDGE('',*,*,#4050,.T.);
#5806=ORIENTED_EDGE('',*,*,#4062,.T.);
#5807=ORIENTED_EDGE('',*,*,#4059,.T.);
#5808=ORIENTED_EDGE('',*,*,#4056,.F.);
#5809=ORIENTED_EDGE('',*,*,#4060,.T.);
#5810=ORIENTED_EDGE('',*,*,#4057,.T.);
#5811=ORIENTED_EDGE('',*,*,#4045,.F.);
#5812=ORIENTED_EDGE('',*,*,#4081,.T.);
#5813=ORIENTED_EDGE('',*,*,#4048,.T.);
#5814=ORIENTED_EDGE('',*,*,#4054,.T.);
#5815=ORIENTED_EDGE('',*,*,#4098,.T.);
#5816=ORIENTED_EDGE('',*,*,#4073,.T.);
#5817=ORIENTED_EDGE('',*,*,#4102,.F.);
#5818=ORIENTED_EDGE('',*,*,#4103,.T.);
#5819=ORIENTED_EDGE('',*,*,#4104,.F.);
#5820=ORIENTED_EDGE('',*,*,#4105,.F.);
#5821=ORIENTED_EDGE('',*,*,#4106,.F.);
#5822=ORIENTED_EDGE('',*,*,#4107,.T.);
#5823=ORIENTED_EDGE('',*,*,#4108,.F.);
#5824=ORIENTED_EDGE('',*,*,#4103,.F.);
#5825=ORIENTED_EDGE('',*,*,#4109,.F.);
#5826=ORIENTED_EDGE('',*,*,#4105,.T.);
#5827=ORIENTED_EDGE('',*,*,#4110,.F.);
#5828=ORIENTED_EDGE('',*,*,#4111,.F.);
#5829=ORIENTED_EDGE('',*,*,#4112,.F.);
#5830=ORIENTED_EDGE('',*,*,#4111,.T.);
#5831=ORIENTED_EDGE('',*,*,#4113,.F.);
#5832=ORIENTED_EDGE('',*,*,#4107,.F.);
#5833=ORIENTED_EDGE('',*,*,#4108,.T.);
#5834=ORIENTED_EDGE('',*,*,#4113,.T.);
#5835=ORIENTED_EDGE('',*,*,#4110,.T.);
#5836=ORIENTED_EDGE('',*,*,#4104,.T.);
#5837=ORIENTED_EDGE('',*,*,#4114,.F.);
#5838=ORIENTED_EDGE('',*,*,#4115,.T.);
#5839=ORIENTED_EDGE('',*,*,#4116,.F.);
#5840=ORIENTED_EDGE('',*,*,#4117,.F.);
#5841=ORIENTED_EDGE('',*,*,#4118,.F.);
#5842=ORIENTED_EDGE('',*,*,#4119,.T.);
#5843=ORIENTED_EDGE('',*,*,#4120,.F.);
#5844=ORIENTED_EDGE('',*,*,#4115,.F.);
#5845=ORIENTED_EDGE('',*,*,#4121,.F.);
#5846=ORIENTED_EDGE('',*,*,#4122,.T.);
#5847=ORIENTED_EDGE('',*,*,#4123,.F.);
#5848=ORIENTED_EDGE('',*,*,#4119,.F.);
#5849=ORIENTED_EDGE('',*,*,#4124,.F.);
#5850=ORIENTED_EDGE('',*,*,#4125,.T.);
#5851=ORIENTED_EDGE('',*,*,#4126,.F.);
#5852=ORIENTED_EDGE('',*,*,#4122,.F.);
#5853=ORIENTED_EDGE('',*,*,#4127,.F.);
#5854=ORIENTED_EDGE('',*,*,#4128,.T.);
#5855=ORIENTED_EDGE('',*,*,#4129,.F.);
#5856=ORIENTED_EDGE('',*,*,#4125,.F.);
#5857=ORIENTED_EDGE('',*,*,#4130,.F.);
#5858=ORIENTED_EDGE('',*,*,#4131,.T.);
#5859=ORIENTED_EDGE('',*,*,#4132,.F.);
#5860=ORIENTED_EDGE('',*,*,#4128,.F.);
#5861=ORIENTED_EDGE('',*,*,#4133,.F.);
#5862=ORIENTED_EDGE('',*,*,#4117,.T.);
#5863=ORIENTED_EDGE('',*,*,#4134,.F.);
#5864=ORIENTED_EDGE('',*,*,#4135,.F.);
#5865=ORIENTED_EDGE('',*,*,#4136,.F.);
#5866=ORIENTED_EDGE('',*,*,#4135,.T.);
#5867=ORIENTED_EDGE('',*,*,#4137,.F.);
#5868=ORIENTED_EDGE('',*,*,#4138,.F.);
#5869=ORIENTED_EDGE('',*,*,#4139,.F.);
#5870=ORIENTED_EDGE('',*,*,#4138,.T.);
#5871=ORIENTED_EDGE('',*,*,#4140,.F.);
#5872=ORIENTED_EDGE('',*,*,#4141,.F.);
#5873=ORIENTED_EDGE('',*,*,#4142,.F.);
#5874=ORIENTED_EDGE('',*,*,#4141,.T.);
#5875=ORIENTED_EDGE('',*,*,#4143,.F.);
#5876=ORIENTED_EDGE('',*,*,#4144,.F.);
#5877=ORIENTED_EDGE('',*,*,#4145,.F.);
#5878=ORIENTED_EDGE('',*,*,#4144,.T.);
#5879=ORIENTED_EDGE('',*,*,#4146,.F.);
#5880=ORIENTED_EDGE('',*,*,#4147,.F.);
#5881=ORIENTED_EDGE('',*,*,#4148,.F.);
#5882=ORIENTED_EDGE('',*,*,#4147,.T.);
#5883=ORIENTED_EDGE('',*,*,#4149,.F.);
#5884=ORIENTED_EDGE('',*,*,#4131,.F.);
#5885=ORIENTED_EDGE('',*,*,#4132,.T.);
#5886=ORIENTED_EDGE('',*,*,#4149,.T.);
#5887=ORIENTED_EDGE('',*,*,#4146,.T.);
#5888=ORIENTED_EDGE('',*,*,#4143,.T.);
#5889=ORIENTED_EDGE('',*,*,#4140,.T.);
#5890=ORIENTED_EDGE('',*,*,#4137,.T.);
#5891=ORIENTED_EDGE('',*,*,#4134,.T.);
#5892=ORIENTED_EDGE('',*,*,#4116,.T.);
#5893=ORIENTED_EDGE('',*,*,#4120,.T.);
#5894=ORIENTED_EDGE('',*,*,#4123,.T.);
#5895=ORIENTED_EDGE('',*,*,#4126,.T.);
#5896=ORIENTED_EDGE('',*,*,#4129,.T.);
#5897=ORIENTED_EDGE('',*,*,#4047,.T.);
#5898=ORIENTED_EDGE('',*,*,#4044,.T.);
#5899=ORIENTED_EDGE('',*,*,#4041,.T.);
#5900=ORIENTED_EDGE('',*,*,#4038,.T.);
#5901=ORIENTED_EDGE('',*,*,#4042,.T.);
#5902=ORIENTED_EDGE('',*,*,#4127,.T.);
#5903=ORIENTED_EDGE('',*,*,#4124,.T.);
#5904=ORIENTED_EDGE('',*,*,#4121,.T.);
#5905=ORIENTED_EDGE('',*,*,#4118,.T.);
#5906=ORIENTED_EDGE('',*,*,#4114,.T.);
#5907=ORIENTED_EDGE('',*,*,#4133,.T.);
#5908=ORIENTED_EDGE('',*,*,#4136,.T.);
#5909=ORIENTED_EDGE('',*,*,#4139,.T.);
#5910=ORIENTED_EDGE('',*,*,#4142,.T.);
#5911=ORIENTED_EDGE('',*,*,#4145,.T.);
#5912=ORIENTED_EDGE('',*,*,#4148,.T.);
#5913=ORIENTED_EDGE('',*,*,#4130,.T.);
#5914=ORIENTED_EDGE('',*,*,#4102,.T.);
#5915=ORIENTED_EDGE('',*,*,#4109,.T.);
#5916=ORIENTED_EDGE('',*,*,#4112,.T.);
#5917=ORIENTED_EDGE('',*,*,#4106,.T.);
#5918=ORIENTED_EDGE('',*,*,#4039,.T.);
#5919=ORIENTED_EDGE('',*,*,#4150,.T.);
#5920=ORIENTED_EDGE('',*,*,#4151,.T.);
#5921=ORIENTED_EDGE('',*,*,#4152,.F.);
#5922=ORIENTED_EDGE('',*,*,#4153,.F.);
#5923=ORIENTED_EDGE('',*,*,#4154,.T.);
#5924=ORIENTED_EDGE('',*,*,#4155,.T.);
#5925=ORIENTED_EDGE('',*,*,#4150,.F.);
#5926=ORIENTED_EDGE('',*,*,#4156,.F.);
#5927=ORIENTED_EDGE('',*,*,#4152,.T.);
#5928=ORIENTED_EDGE('',*,*,#4157,.T.);
#5929=ORIENTED_EDGE('',*,*,#4158,.F.);
#5930=ORIENTED_EDGE('',*,*,#4159,.F.);
#5931=ORIENTED_EDGE('',*,*,#4153,.T.);
#5932=ORIENTED_EDGE('',*,*,#4159,.T.);
#5933=ORIENTED_EDGE('',*,*,#4160,.T.);
#5934=ORIENTED_EDGE('',*,*,#4161,.T.);
#5935=ORIENTED_EDGE('',*,*,#4162,.T.);
#5936=ORIENTED_EDGE('',*,*,#4163,.T.);
#5937=ORIENTED_EDGE('',*,*,#4164,.T.);
#5938=ORIENTED_EDGE('',*,*,#4156,.T.);
#5939=ORIENTED_EDGE('',*,*,#4165,.F.);
#5940=ORIENTED_EDGE('',*,*,#4166,.F.);
#5941=ORIENTED_EDGE('',*,*,#4167,.F.);
#5942=ORIENTED_EDGE('',*,*,#4168,.F.);
#5943=ORIENTED_EDGE('',*,*,#4169,.F.);
#5944=ORIENTED_EDGE('',*,*,#4170,.F.);
#5945=ORIENTED_EDGE('',*,*,#4171,.F.);
#5946=ORIENTED_EDGE('',*,*,#4172,.F.);
#5947=ORIENTED_EDGE('',*,*,#4173,.F.);
#5948=ORIENTED_EDGE('',*,*,#4174,.F.);
#5949=ORIENTED_EDGE('',*,*,#4175,.F.);
#5950=ORIENTED_EDGE('',*,*,#4176,.F.);
#5951=ORIENTED_EDGE('',*,*,#4177,.F.);
#5952=ORIENTED_EDGE('',*,*,#4178,.F.);
#5953=ORIENTED_EDGE('',*,*,#4179,.F.);
#5954=ORIENTED_EDGE('',*,*,#4180,.F.);
#5955=ORIENTED_EDGE('',*,*,#4181,.F.);
#5956=ORIENTED_EDGE('',*,*,#4182,.F.);
#5957=ORIENTED_EDGE('',*,*,#4183,.F.);
#5958=ORIENTED_EDGE('',*,*,#4184,.F.);
#5959=ORIENTED_EDGE('',*,*,#4185,.F.);
#5960=ORIENTED_EDGE('',*,*,#4186,.F.);
#5961=ORIENTED_EDGE('',*,*,#4187,.F.);
#5962=ORIENTED_EDGE('',*,*,#4188,.F.);
#5963=ORIENTED_EDGE('',*,*,#4189,.F.);
#5964=ORIENTED_EDGE('',*,*,#4151,.F.);
#5965=ORIENTED_EDGE('',*,*,#4155,.F.);
#5966=ORIENTED_EDGE('',*,*,#4190,.F.);
#5967=ORIENTED_EDGE('',*,*,#4191,.F.);
#5968=ORIENTED_EDGE('',*,*,#4192,.F.);
#5969=ORIENTED_EDGE('',*,*,#4193,.F.);
#5970=ORIENTED_EDGE('',*,*,#4194,.F.);
#5971=ORIENTED_EDGE('',*,*,#4157,.F.);
#5972=ORIENTED_EDGE('',*,*,#4195,.T.);
#5973=ORIENTED_EDGE('',*,*,#4196,.T.);
#5974=ORIENTED_EDGE('',*,*,#4197,.T.);
#5975=ORIENTED_EDGE('',*,*,#4198,.T.);
#5976=ORIENTED_EDGE('',*,*,#4199,.T.);
#5977=ORIENTED_EDGE('',*,*,#4200,.T.);
#5978=ORIENTED_EDGE('',*,*,#4201,.T.);
#5979=ORIENTED_EDGE('',*,*,#4202,.T.);
#5980=ORIENTED_EDGE('',*,*,#4203,.T.);
#5981=ORIENTED_EDGE('',*,*,#4204,.T.);
#5982=ORIENTED_EDGE('',*,*,#4205,.T.);
#5983=ORIENTED_EDGE('',*,*,#4206,.T.);
#5984=ORIENTED_EDGE('',*,*,#4207,.T.);
#5985=ORIENTED_EDGE('',*,*,#4208,.T.);
#5986=ORIENTED_EDGE('',*,*,#4209,.T.);
#5987=ORIENTED_EDGE('',*,*,#4210,.T.);
#5988=ORIENTED_EDGE('',*,*,#4211,.T.);
#5989=ORIENTED_EDGE('',*,*,#4212,.T.);
#5990=ORIENTED_EDGE('',*,*,#4213,.T.);
#5991=ORIENTED_EDGE('',*,*,#4214,.T.);
#5992=ORIENTED_EDGE('',*,*,#4215,.T.);
#5993=ORIENTED_EDGE('',*,*,#4216,.T.);
#5994=ORIENTED_EDGE('',*,*,#4217,.T.);
#5995=ORIENTED_EDGE('',*,*,#4218,.T.);
#5996=ORIENTED_EDGE('',*,*,#4219,.T.);
#5997=ORIENTED_EDGE('',*,*,#4220,.T.);
#5998=ORIENTED_EDGE('',*,*,#4190,.T.);
#5999=ORIENTED_EDGE('',*,*,#4154,.F.);
#6000=ORIENTED_EDGE('',*,*,#4164,.F.);
#6001=ORIENTED_EDGE('',*,*,#4158,.T.);
#6002=ORIENTED_EDGE('',*,*,#4194,.T.);
#6003=ORIENTED_EDGE('',*,*,#4221,.F.);
#6004=ORIENTED_EDGE('',*,*,#4160,.F.);
#6005=ORIENTED_EDGE('',*,*,#4222,.T.);
#6006=ORIENTED_EDGE('',*,*,#4191,.T.);
#6007=ORIENTED_EDGE('',*,*,#4220,.F.);
#6008=ORIENTED_EDGE('',*,*,#4163,.F.);
#6009=ORIENTED_EDGE('',*,*,#4221,.T.);
#6010=ORIENTED_EDGE('',*,*,#4193,.T.);
#6011=ORIENTED_EDGE('',*,*,#4223,.F.);
#6012=ORIENTED_EDGE('',*,*,#4161,.F.);
#6013=ORIENTED_EDGE('',*,*,#4223,.T.);
#6014=ORIENTED_EDGE('',*,*,#4192,.T.);
#6015=ORIENTED_EDGE('',*,*,#4222,.F.);
#6016=ORIENTED_EDGE('',*,*,#4162,.F.);
#6017=ORIENTED_EDGE('',*,*,#4195,.F.);
#6018=ORIENTED_EDGE('',*,*,#4224,.T.);
#6019=ORIENTED_EDGE('',*,*,#4165,.T.);
#6020=ORIENTED_EDGE('',*,*,#4224,.F.);
#6021=ORIENTED_EDGE('',*,*,#4196,.F.);
#6022=ORIENTED_EDGE('',*,*,#4225,.T.);
#6023=ORIENTED_EDGE('',*,*,#4166,.T.);
#6024=ORIENTED_EDGE('',*,*,#4225,.F.);
#6025=ORIENTED_EDGE('',*,*,#4167,.T.);
#6026=ORIENTED_EDGE('',*,*,#4226,.T.);
#6027=ORIENTED_EDGE('',*,*,#4197,.F.);
#6028=ORIENTED_EDGE('',*,*,#4227,.F.);
#6029=ORIENTED_EDGE('',*,*,#4168,.T.);
#6030=ORIENTED_EDGE('',*,*,#4227,.T.);
#6031=ORIENTED_EDGE('',*,*,#4200,.F.);
#6032=ORIENTED_EDGE('',*,*,#4228,.F.);
#6033=ORIENTED_EDGE('',*,*,#4169,.T.);
#6034=ORIENTED_EDGE('',*,*,#4228,.T.);
#6035=ORIENTED_EDGE('',*,*,#4199,.F.);
#6036=ORIENTED_EDGE('',*,*,#4229,.F.);
#6037=ORIENTED_EDGE('',*,*,#4170,.T.);
#6038=ORIENTED_EDGE('',*,*,#4229,.T.);
#6039=ORIENTED_EDGE('',*,*,#4198,.F.);
#6040=ORIENTED_EDGE('',*,*,#4226,.F.);
#6041=ORIENTED_EDGE('',*,*,#4171,.T.);
#6042=ORIENTED_EDGE('',*,*,#4230,.T.);
#6043=ORIENTED_EDGE('',*,*,#4201,.F.);
#6044=ORIENTED_EDGE('',*,*,#4231,.F.);
#6045=ORIENTED_EDGE('',*,*,#4172,.T.);
#6046=ORIENTED_EDGE('',*,*,#4231,.T.);
#6047=ORIENTED_EDGE('',*,*,#4204,.F.);
#6048=ORIENTED_EDGE('',*,*,#4232,.F.);
#6049=ORIENTED_EDGE('',*,*,#4173,.T.);
#6050=ORIENTED_EDGE('',*,*,#4232,.T.);
#6051=ORIENTED_EDGE('',*,*,#4203,.F.);
#6052=ORIENTED_EDGE('',*,*,#4233,.F.);
#6053=ORIENTED_EDGE('',*,*,#4174,.T.);
#6054=ORIENTED_EDGE('',*,*,#4233,.T.);
#6055=ORIENTED_EDGE('',*,*,#4202,.F.);
#6056=ORIENTED_EDGE('',*,*,#4230,.F.);
#6057=ORIENTED_EDGE('',*,*,#4205,.F.);
#6058=ORIENTED_EDGE('',*,*,#4234,.T.);
#6059=ORIENTED_EDGE('',*,*,#4175,.T.);
#6060=ORIENTED_EDGE('',*,*,#4234,.F.);
#6061=ORIENTED_EDGE('',*,*,#4206,.F.);
#6062=ORIENTED_EDGE('',*,*,#4235,.T.);
#6063=ORIENTED_EDGE('',*,*,#4176,.T.);
#6064=ORIENTED_EDGE('',*,*,#4235,.F.);
#6065=ORIENTED_EDGE('',*,*,#4207,.F.);
#6066=ORIENTED_EDGE('',*,*,#4236,.T.);
#6067=ORIENTED_EDGE('',*,*,#4177,.T.);
#6068=ORIENTED_EDGE('',*,*,#4236,.F.);
#6069=ORIENTED_EDGE('',*,*,#4208,.F.);
#6070=ORIENTED_EDGE('',*,*,#4237,.T.);
#6071=ORIENTED_EDGE('',*,*,#4178,.T.);
#6072=ORIENTED_EDGE('',*,*,#4237,.F.);
#6073=ORIENTED_EDGE('',*,*,#4209,.F.);
#6074=ORIENTED_EDGE('',*,*,#4238,.T.);
#6075=ORIENTED_EDGE('',*,*,#4179,.T.);
#6076=ORIENTED_EDGE('',*,*,#4238,.F.);
#6077=ORIENTED_EDGE('',*,*,#4210,.F.);
#6078=ORIENTED_EDGE('',*,*,#4239,.T.);
#6079=ORIENTED_EDGE('',*,*,#4180,.T.);
#6080=ORIENTED_EDGE('',*,*,#4239,.F.);
#6081=ORIENTED_EDGE('',*,*,#4211,.F.);
#6082=ORIENTED_EDGE('',*,*,#4240,.T.);
#6083=ORIENTED_EDGE('',*,*,#4181,.T.);
#6084=ORIENTED_EDGE('',*,*,#4240,.F.);
#6085=ORIENTED_EDGE('',*,*,#4212,.F.);
#6086=ORIENTED_EDGE('',*,*,#4241,.T.);
#6087=ORIENTED_EDGE('',*,*,#4182,.T.);
#6088=ORIENTED_EDGE('',*,*,#4241,.F.);
#6089=ORIENTED_EDGE('',*,*,#4213,.F.);
#6090=ORIENTED_EDGE('',*,*,#4242,.T.);
#6091=ORIENTED_EDGE('',*,*,#4183,.T.);
#6092=ORIENTED_EDGE('',*,*,#4242,.F.);
#6093=ORIENTED_EDGE('',*,*,#4214,.F.);
#6094=ORIENTED_EDGE('',*,*,#4243,.T.);
#6095=ORIENTED_EDGE('',*,*,#4184,.T.);
#6096=ORIENTED_EDGE('',*,*,#4243,.F.);
#6097=ORIENTED_EDGE('',*,*,#4215,.F.);
#6098=ORIENTED_EDGE('',*,*,#4244,.T.);
#6099=ORIENTED_EDGE('',*,*,#4185,.T.);
#6100=ORIENTED_EDGE('',*,*,#4244,.F.);
#6101=ORIENTED_EDGE('',*,*,#4216,.F.);
#6102=ORIENTED_EDGE('',*,*,#4245,.T.);
#6103=ORIENTED_EDGE('',*,*,#4186,.T.);
#6104=ORIENTED_EDGE('',*,*,#4245,.F.);
#6105=ORIENTED_EDGE('',*,*,#4217,.F.);
#6106=ORIENTED_EDGE('',*,*,#4246,.T.);
#6107=ORIENTED_EDGE('',*,*,#4187,.T.);
#6108=ORIENTED_EDGE('',*,*,#4246,.F.);
#6109=ORIENTED_EDGE('',*,*,#4218,.F.);
#6110=ORIENTED_EDGE('',*,*,#4247,.T.);
#6111=ORIENTED_EDGE('',*,*,#4188,.T.);
#6112=ORIENTED_EDGE('',*,*,#4247,.F.);
#6113=ORIENTED_EDGE('',*,*,#4219,.F.);
#6114=ORIENTED_EDGE('',*,*,#4248,.T.);
#6115=ORIENTED_EDGE('',*,*,#4189,.T.);
#6116=ORIENTED_EDGE('',*,*,#4248,.F.);
#6117=PLANE('',#7168);
#6118=PLANE('',#7196);
#6119=PLANE('',#7200);
#6120=PLANE('',#7205);
#6121=PLANE('',#7208);
#6122=PLANE('',#7209);
#6123=PLANE('',#7212);
#6124=PLANE('',#7215);
#6125=PLANE('',#7216);
#6126=PLANE('',#7217);
#6127=PLANE('',#7220);
#6128=PLANE('',#7223);
#6129=PLANE('',#7224);
#6130=PLANE('',#7225);
#6131=PLANE('',#7228);
#6132=PLANE('',#7231);
#6133=PLANE('',#7234);
#6134=PLANE('',#7235);
#6135=PLANE('',#7236);
#6136=PLANE('',#7239);
#6137=PLANE('',#7240);
#6138=PLANE('',#7241);
#6139=PLANE('',#7242);
#6140=PLANE('',#7243);
#6141=PLANE('',#7244);
#6142=PLANE('',#7245);
#6143=PLANE('',#7248);
#6144=PLANE('',#7249);
#6145=PLANE('',#7250);
#6146=PLANE('',#7251);
#6147=PLANE('',#7253);
#6148=PLANE('',#7254);
#6149=PLANE('',#7255);
#6150=PLANE('',#7258);
#6151=PLANE('',#7259);
#6152=PLANE('',#7262);
#6153=PLANE('',#7264);
#6154=PLANE('',#7265);
#6155=PLANE('',#7266);
#6156=PLANE('',#7270);
#6157=PLANE('',#7272);
#6158=PLANE('',#7273);
#6159=PLANE('',#7274);
#6160=PLANE('',#7275);
#6161=PLANE('',#7276);
#6162=PLANE('',#7277);
#6163=PLANE('',#7278);
#6164=PLANE('',#7279);
#6165=PLANE('',#7280);
#6166=PLANE('',#7281);
#6167=PLANE('',#7283);
#6168=PLANE('',#7284);
#6169=PLANE('',#7285);
#6170=PLANE('',#7286);
#6171=PLANE('',#7287);
#6172=PLANE('',#7298);
#6173=PLANE('',#7303);
#6174=PLANE('',#7306);
#6175=PLANE('',#7312);
#6176=PLANE('',#7313);
#6177=PLANE('',#7316);
#6178=PLANE('',#7318);
#6179=PLANE('',#7320);
#6180=PLANE('',#7321);
#6181=PLANE('',#7324);
#6182=PLANE('',#7327);
#6183=PLANE('',#7330);
#6184=PLANE('',#7333);
#6185=PLANE('',#7334);
#6186=PLANE('',#7337);
#6187=PLANE('',#7340);
#6188=PLANE('',#7343);
#6189=PLANE('',#7346);
#6190=PLANE('',#7347);
#6191=PLANE('',#7360);
#6192=PLANE('',#7361);
#6193=PLANE('',#7362);
#6194=PLANE('',#7363);
#6195=PLANE('',#7364);
#6196=PLANE('',#7365);
#6197=PLANE('',#7366);
#6198=PLANE('',#7367);
#6199=PLANE('',#7368);
#6200=PLANE('',#7369);
#6201=PLANE('',#7370);
#6202=PLANE('',#7371);
#6203=PLANE('',#7372);
#6204=PLANE('',#7373);
#6205=PLANE('',#7374);
#6206=PLANE('',#7375);
#6207=PLANE('',#7376);
#6208=PLANE('',#7377);
#6209=PLANE('',#7378);
#6210=PLANE('',#7379);
#6211=PLANE('',#7380);
#6212=PLANE('',#7381);
#6213=PLANE('',#7382);
#6214=PLANE('',#7383);
#6215=PLANE('',#7384);
#6216=PLANE('',#7385);
#6217=PLANE('',#7386);
#6218=PLANE('',#7387);
#6219=PLANE('',#7396);
#6220=PLANE('',#7400);
#6221=PLANE('',#7401);
#6222=PLANE('',#7402);
#6223=PLANE('',#7403);
#6224=PLANE('',#7404);
#6225=PLANE('',#7405);
#6226=PLANE('',#7406);
#6227=PLANE('',#7407);
#6228=PLANE('',#7408);
#6229=PLANE('',#7409);
#6230=PLANE('',#7410);
#6231=PLANE('',#7411);
#6232=PLANE('',#7420);
#6233=PLANE('',#7422);
#6234=PLANE('',#7429);
#6235=PLANE('',#7435);
#6236=PLANE('',#7438);
#6237=PLANE('',#7445);
#6238=PLANE('',#7449);
#6239=PLANE('',#7450);
#6240=PLANE('',#7451);
#6241=PLANE('',#7452);
#6242=PLANE('',#7453);
#6243=PLANE('',#7455);
#6244=PLANE('',#7456);
#6245=PLANE('',#7457);
#6246=PLANE('',#7459);
#6247=PLANE('',#7460);
#6248=PLANE('',#7461);
#6249=PLANE('',#7462);
#6250=PLANE('',#7463);
#6251=PLANE('',#7464);
#6252=PLANE('',#7467);
#6253=PLANE('',#7468);
#6254=PLANE('',#7469);
#6255=PLANE('',#7471);
#6256=PLANE('',#7472);
#6257=PLANE('',#7479);
#6258=PLANE('',#7480);
#6259=PLANE('',#7481);
#6260=PLANE('',#7482);
#6261=PLANE('',#7487);
#6262=PLANE('',#7491);
#6263=PLANE('',#7495);
#6264=PLANE('',#7499);
#6265=PLANE('',#7500);
#6266=PLANE('',#7501);
#6267=PLANE('',#7506);
#6268=PLANE('',#7507);
#6269=PLANE('',#7508);
#6270=PLANE('',#7509);
#6271=PLANE('',#7510);
#6272=PLANE('',#7512);
#6273=PLANE('',#7514);
#6274=PLANE('',#7515);
#6275=PLANE('',#7516);
#6276=PLANE('',#7517);
#6277=PLANE('',#7518);
#6278=PLANE('',#7519);
#6279=PLANE('',#7524);
#6280=PLANE('',#7526);
#6281=PLANE('',#7527);
#6282=PLANE('',#7528);
#6283=PLANE('',#7529);
#6284=PLANE('',#7530);
#6285=PLANE('',#7531);
#6286=PLANE('',#7532);
#6287=PLANE('',#7535);
#6288=PLANE('',#7536);
#6289=PLANE('',#7537);
#6290=PLANE('',#7539);
#6291=PLANE('',#7540);
#6292=PLANE('',#7541);
#6293=PLANE('',#7542);
#6294=PLANE('',#7545);
#6295=PLANE('',#7546);
#6296=PLANE('',#7547);
#6297=PLANE('',#7548);
#6298=PLANE('',#7553);
#6299=PLANE('',#7557);
#6300=PLANE('',#7558);
#6301=PLANE('',#7560);
#6302=PLANE('',#7564);
#6303=PLANE('',#7568);
#6304=PLANE('',#7570);
#6305=PLANE('',#7573);
#6306=PLANE('',#7574);
#6307=PLANE('',#7577);
#6308=PLANE('',#7578);
#6309=PLANE('',#7580);
#6310=PLANE('',#7581);
#6311=PLANE('',#7582);
#6312=PLANE('',#7584);
#6313=PLANE('',#7586);
#6314=PLANE('',#7590);
#6315=PLANE('',#7592);
#6316=PLANE('',#7595);
#6317=PLANE('',#7598);
#6318=PLANE('',#7599);
#6319=PLANE('',#7600);
#6320=PLANE('',#7604);
#6321=PLANE('',#7609);
#6322=PLANE('',#7613);
#6323=PLANE('',#7614);
#6324=PLANE('',#7615);
#6325=PLANE('',#7616);
#6326=PLANE('',#7617);
#6327=PLANE('',#7618);
#6328=PLANE('',#7619);
#6329=PLANE('',#7620);
#6330=PLANE('',#7621);
#6331=PLANE('',#7622);
#6332=PLANE('',#7623);
#6333=PLANE('',#7624);
#6334=PLANE('',#7625);
#6335=PLANE('',#7626);
#6336=PLANE('',#7627);
#6337=PLANE('',#7628);
#6338=PLANE('',#7629);
#6339=PLANE('',#7674);
#6340=PLANE('',#7675);
#6341=PLANE('',#7678);
#6342=PLANE('',#7679);
#6343=PLANE('',#7680);
#6344=PLANE('',#7683);
#6345=PLANE('',#7684);
#6346=PLANE('',#7687);
#6347=PLANE('',#7688);
#6348=PLANE('',#7689);
#6349=PLANE('',#7690);
#6350=PLANE('',#7691);
#6351=PLANE('',#7692);
#6352=PLANE('',#7693);
#6353=PLANE('',#7694);
#6354=PLANE('',#7695);
#6355=PLANE('',#7696);
#6356=PLANE('',#7697);
#6357=PLANE('',#7698);
#6358=PLANE('',#7699);
#6359=PLANE('',#7700);
#6360=PLANE('',#7701);
#6361=PLANE('',#7702);
#6362=PLANE('',#7703);
#6363=PLANE('',#7704);
#6364=PLANE('',#7705);
#6365=PLANE('',#7706);
#6366=PLANE('',#7707);
#6367=PLANE('',#7708);
#6368=PLANE('',#7709);
#6369=PLANE('',#7710);
#6370=PLANE('',#7711);
#6371=PLANE('',#7712);
#6372=PLANE('',#7713);
#6373=PLANE('',#7714);
#6374=PLANE('',#7715);
#6375=PLANE('',#7716);
#6376=PLANE('',#7722);
#6377=PLANE('',#7723);
#6378=PLANE('',#7724);
#6379=PLANE('',#7749);
#6380=PLANE('',#7776);
#6381=PLANE('',#7777);
#6382=PLANE('',#7782);
#6383=PLANE('',#7784);
#6384=PLANE('',#7786);
#6385=PLANE('',#7788);
#6386=STYLED_ITEM('',(#12169),#6692);
#6387=STYLED_ITEM('',(#12169),#6693);
#6388=STYLED_ITEM('',(#12169),#6694);
#6389=STYLED_ITEM('',(#12169),#6695);
#6390=STYLED_ITEM('',(#12170),#6696);
#6391=STYLED_ITEM('',(#12170),#6697);
#6392=STYLED_ITEM('',(#12169),#6698);
#6393=STYLED_ITEM('',(#12169),#6699);
#6394=STYLED_ITEM('',(#12169),#6700);
#6395=STYLED_ITEM('',(#12169),#6701);
#6396=STYLED_ITEM('',(#12168),#164);
#6397=STYLED_ITEM('',(#12171),#6702);
#6398=STYLED_ITEM('',(#12171),#6703);
#6399=STYLED_ITEM('',(#12171),#6704);
#6400=STYLED_ITEM('',(#12171),#6705);
#6401=STYLED_ITEM('',(#12171),#6706);
#6402=STYLED_ITEM('',(#12171),#6707);
#6403=STYLED_ITEM('',(#12171),#6708);
#6404=STYLED_ITEM('',(#12171),#6709);
#6405=STYLED_ITEM('',(#12171),#6710);
#6406=STYLED_ITEM('',(#12171),#6711);
#6407=STYLED_ITEM('',(#12171),#6712);
#6408=STYLED_ITEM('',(#12171),#6713);
#6409=STYLED_ITEM('',(#12171),#6714);
#6410=STYLED_ITEM('',(#12171),#6715);
#6411=STYLED_ITEM('',(#12171),#6716);
#6412=STYLED_ITEM('',(#12171),#6717);
#6413=STYLED_ITEM('',(#12171),#6718);
#6414=STYLED_ITEM('',(#12171),#6719);
#6415=STYLED_ITEM('',(#12171),#6720);
#6416=STYLED_ITEM('',(#12171),#6721);
#6417=STYLED_ITEM('',(#12171),#6722);
#6418=STYLED_ITEM('',(#12171),#6723);
#6419=STYLED_ITEM('',(#12171),#6724);
#6420=STYLED_ITEM('',(#12171),#6725);
#6421=STYLED_ITEM('',(#12171),#6726);
#6422=STYLED_ITEM('',(#12171),#6727);
#6423=STYLED_ITEM('',(#12171),#6728);
#6424=STYLED_ITEM('',(#12171),#6729);
#6425=STYLED_ITEM('',(#12171),#6730);
#6426=STYLED_ITEM('',(#12171),#6731);
#6427=STYLED_ITEM('',(#12171),#6732);
#6428=STYLED_ITEM('',(#12171),#6733);
#6429=STYLED_ITEM('',(#12171),#6734);
#6430=STYLED_ITEM('',(#12169),#6735);
#6431=STYLED_ITEM('',(#12171),#6736);
#6432=STYLED_ITEM('',(#12171),#6737);
#6433=STYLED_ITEM('',(#12171),#6738);
#6434=STYLED_ITEM('',(#12171),#6739);
#6435=STYLED_ITEM('',(#12171),#6740);
#6436=STYLED_ITEM('',(#12169),#6741);
#6437=STYLED_ITEM('',(#12171),#6742);
#6438=STYLED_ITEM('',(#12171),#6743);
#6439=STYLED_ITEM('',(#12171),#6744);
#6440=STYLED_ITEM('',(#12171),#6745);
#6441=STYLED_ITEM('',(#12171),#6746);
#6442=STYLED_ITEM('',(#12171),#6747);
#6443=STYLED_ITEM('',(#12171),#6748);
#6444=STYLED_ITEM('',(#12171),#6749);
#6445=STYLED_ITEM('',(#12171),#6750);
#6446=STYLED_ITEM('',(#12171),#6751);
#6447=STYLED_ITEM('',(#12171),#6752);
#6448=STYLED_ITEM('',(#12171),#6753);
#6449=STYLED_ITEM('',(#12171),#6754);
#6450=STYLED_ITEM('',(#12171),#6755);
#6451=STYLED_ITEM('',(#12171),#6756);
#6452=STYLED_ITEM('',(#12171),#6757);
#6453=STYLED_ITEM('',(#12171),#6758);
#6454=STYLED_ITEM('',(#12171),#6759);
#6455=STYLED_ITEM('',(#12171),#6760);
#6456=STYLED_ITEM('',(#12171),#6761);
#6457=STYLED_ITEM('',(#12171),#6762);
#6458=STYLED_ITEM('',(#12171),#6763);
#6459=STYLED_ITEM('',(#12171),#6764);
#6460=STYLED_ITEM('',(#12171),#6765);
#6461=STYLED_ITEM('',(#12171),#6766);
#6462=STYLED_ITEM('',(#12171),#6767);
#6463=STYLED_ITEM('',(#12169),#6768);
#6464=STYLED_ITEM('',(#12171),#6769);
#6465=STYLED_ITEM('',(#12169),#6770);
#6466=STYLED_ITEM('',(#12169),#6771);
#6467=STYLED_ITEM('',(#12171),#6772);
#6468=STYLED_ITEM('',(#12171),#6773);
#6469=STYLED_ITEM('',(#12171),#6774);
#6470=STYLED_ITEM('',(#12169),#6775);
#6471=STYLED_ITEM('',(#12169),#6776);
#6472=STYLED_ITEM('',(#12169),#6777);
#6473=STYLED_ITEM('',(#12169),#6778);
#6474=STYLED_ITEM('',(#12169),#6779);
#6475=STYLED_ITEM('',(#12169),#6780);
#6476=STYLED_ITEM('',(#12169),#6781);
#6477=STYLED_ITEM('',(#12169),#6782);
#6478=STYLED_ITEM('',(#12169),#6783);
#6479=STYLED_ITEM('',(#12169),#6784);
#6480=STYLED_ITEM('',(#12169),#6785);
#6481=STYLED_ITEM('',(#12169),#6786);
#6482=STYLED_ITEM('',(#12169),#6787);
#6483=STYLED_ITEM('',(#12169),#6788);
#6484=STYLED_ITEM('',(#12169),#6789);
#6485=STYLED_ITEM('',(#12169),#6790);
#6486=STYLED_ITEM('',(#12169),#6791);
#6487=STYLED_ITEM('',(#12169),#6792);
#6488=STYLED_ITEM('',(#12169),#6793);
#6489=STYLED_ITEM('',(#12169),#6794);
#6490=STYLED_ITEM('',(#12169),#6795);
#6491=STYLED_ITEM('',(#12169),#6796);
#6492=STYLED_ITEM('',(#12169),#6797);
#6493=STYLED_ITEM('',(#12169),#6798);
#6494=STYLED_ITEM('',(#12169),#6799);
#6495=STYLED_ITEM('',(#12171),#6800);
#6496=STYLED_ITEM('',(#12171),#6801);
#6497=STYLED_ITEM('',(#12169),#6802);
#6498=STYLED_ITEM('',(#12169),#6803);
#6499=STYLED_ITEM('',(#12169),#6804);
#6500=STYLED_ITEM('',(#12169),#6805);
#6501=STYLED_ITEM('',(#12169),#6806);
#6502=STYLED_ITEM('',(#12169),#6807);
#6503=STYLED_ITEM('',(#12169),#6808);
#6504=STYLED_ITEM('',(#12169),#6809);
#6505=STYLED_ITEM('',(#12169),#6810);
#6506=STYLED_ITEM('',(#12169),#6811);
#6507=STYLED_ITEM('',(#12169),#6812);
#6508=STYLED_ITEM('',(#12169),#6813);
#6509=STYLED_ITEM('',(#12169),#6814);
#6510=STYLED_ITEM('',(#12169),#6815);
#6511=STYLED_ITEM('',(#12169),#6816);
#6512=STYLED_ITEM('',(#12169),#6817);
#6513=STYLED_ITEM('',(#12169),#6818);
#6514=STYLED_ITEM('',(#12169),#6819);
#6515=STYLED_ITEM('',(#12169),#6820);
#6516=STYLED_ITEM('',(#12169),#6821);
#6517=STYLED_ITEM('',(#12169),#6822);
#6518=STYLED_ITEM('',(#12169),#6823);
#6519=STYLED_ITEM('',(#12169),#6824);
#6520=STYLED_ITEM('',(#12169),#6825);
#6521=STYLED_ITEM('',(#12169),#6826);
#6522=STYLED_ITEM('',(#12169),#6827);
#6523=STYLED_ITEM('',(#12168),#165);
#6524=STYLED_ITEM('',(#12172),#6828);
#6525=STYLED_ITEM('',(#12172),#6829);
#6526=STYLED_ITEM('',(#12172),#6830);
#6527=STYLED_ITEM('',(#12172),#6831);
#6528=STYLED_ITEM('',(#12172),#6832);
#6529=STYLED_ITEM('',(#12172),#6833);
#6530=STYLED_ITEM('',(#12169),#6834);
#6531=STYLED_ITEM('',(#12169),#6835);
#6532=STYLED_ITEM('',(#12169),#6836);
#6533=STYLED_ITEM('',(#12169),#6837);
#6534=STYLED_ITEM('',(#12169),#6838);
#6535=STYLED_ITEM('',(#12169),#6839);
#6536=STYLED_ITEM('',(#12169),#6840);
#6537=STYLED_ITEM('',(#12169),#6841);
#6538=STYLED_ITEM('',(#12169),#6842);
#6539=STYLED_ITEM('',(#12169),#6843);
#6540=STYLED_ITEM('',(#12168),#166);
#6541=STYLED_ITEM('',(#12173),#6844);
#6542=STYLED_ITEM('',(#12173),#6845);
#6543=STYLED_ITEM('',(#12173),#6846);
#6544=STYLED_ITEM('',(#12173),#6847);
#6545=STYLED_ITEM('',(#12173),#6848);
#6546=STYLED_ITEM('',(#12169),#6849);
#6547=STYLED_ITEM('',(#12173),#6850);
#6548=STYLED_ITEM('',(#12169),#6851);
#6549=STYLED_ITEM('',(#12173),#6852);
#6550=STYLED_ITEM('',(#12169),#6853);
#6551=STYLED_ITEM('',(#12173),#6854);
#6552=STYLED_ITEM('',(#12173),#6855);
#6553=STYLED_ITEM('',(#12169),#6856);
#6554=STYLED_ITEM('',(#12169),#6857);
#6555=STYLED_ITEM('',(#12169),#6858);
#6556=STYLED_ITEM('',(#12168),#167);
#6557=STYLED_ITEM('',(#12175),#6867);
#6558=STYLED_ITEM('',(#12175),#6868);
#6559=STYLED_ITEM('',(#12175),#6869);
#6560=STYLED_ITEM('',(#12175),#6870);
#6561=STYLED_ITEM('',(#12175),#6883);
#6562=STYLED_ITEM('',(#12175),#6884);
#6563=STYLED_ITEM('',(#12175),#6885);
#6564=STYLED_ITEM('',(#12175),#6886);
#6565=STYLED_ITEM('',(#12175),#6887);
#6566=STYLED_ITEM('',(#12175),#6888);
#6567=STYLED_ITEM('',(#12175),#6889);
#6568=STYLED_ITEM('',(#12175),#6890);
#6569=STYLED_ITEM('',(#12175),#6900);
#6570=STYLED_ITEM('',(#12175),#6901);
#6571=STYLED_ITEM('',(#12175),#6902);
#6572=STYLED_ITEM('',(#12175),#6905);
#6573=STYLED_ITEM('',(#12175),#6906);
#6574=STYLED_ITEM('',(#12175),#6907);
#6575=STYLED_ITEM('',(#12175),#6908);
#6576=STYLED_ITEM('',(#12175),#6909);
#6577=STYLED_ITEM('',(#12175),#6910);
#6578=STYLED_ITEM('',(#12175),#6911);
#6579=STYLED_ITEM('',(#12175),#6912);
#6580=STYLED_ITEM('',(#12175),#6913);
#6581=STYLED_ITEM('',(#12175),#6916);
#6582=STYLED_ITEM('',(#12175),#6917);
#6583=STYLED_ITEM('',(#12175),#6918);
#6584=STYLED_ITEM('',(#12175),#6920);
#6585=STYLED_ITEM('',(#12175),#6921);
#6586=STYLED_ITEM('',(#12175),#6924);
#6587=STYLED_ITEM('',(#12175),#6925);
#6588=STYLED_ITEM('',(#12175),#6928);
#6589=STYLED_ITEM('',(#12175),#6930);
#6590=STYLED_ITEM('',(#12175),#6931);
#6591=STYLED_ITEM('',(#12175),#6932);
#6592=STYLED_ITEM('',(#12175),#6933);
#6593=STYLED_ITEM('',(#12175),#6934);
#6594=STYLED_ITEM('',(#12175),#6935);
#6595=STYLED_ITEM('',(#12175),#6936);
#6596=STYLED_ITEM('',(#12175),#6937);
#6597=STYLED_ITEM('',(#12175),#6938);
#6598=STYLED_ITEM('',(#12175),#6939);
#6599=STYLED_ITEM('',(#12175),#6940);
#6600=STYLED_ITEM('',(#12175),#6941);
#6601=STYLED_ITEM('',(#12175),#6942);
#6602=STYLED_ITEM('',(#12175),#6943);
#6603=STYLED_ITEM('',(#12175),#6944);
#6604=STYLED_ITEM('',(#12175),#6945);
#6605=STYLED_ITEM('',(#12175),#6946);
#6606=STYLED_ITEM('',(#12175),#6947);
#6607=STYLED_ITEM('',(#12175),#6948);
#6608=STYLED_ITEM('',(#12175),#6949);
#6609=STYLED_ITEM('',(#12175),#6950);
#6610=STYLED_ITEM('',(#12175),#6951);
#6611=STYLED_ITEM('',(#12175),#6952);
#6612=STYLED_ITEM('',(#12175),#6953);
#6613=STYLED_ITEM('',(#12175),#6954);
#6614=STYLED_ITEM('',(#12175),#6955);
#6615=STYLED_ITEM('',(#12175),#6956);
#6616=STYLED_ITEM('',(#12175),#6957);
#6617=STYLED_ITEM('',(#12175),#6958);
#6618=STYLED_ITEM('',(#12175),#6959);
#6619=STYLED_ITEM('',(#12175),#6960);
#6620=STYLED_ITEM('',(#12175),#6961);
#6621=STYLED_ITEM('',(#12175),#6962);
#6622=STYLED_ITEM('',(#12175),#6963);
#6623=STYLED_ITEM('',(#12175),#6964);
#6624=STYLED_ITEM('',(#12174),#168);
#6625=STYLED_ITEM('',(#12174),#6965);
#6626=STYLED_ITEM('',(#12174),#6966);
#6627=STYLED_ITEM('',(#12174),#6967);
#6628=STYLED_ITEM('',(#12174),#6968);
#6629=STYLED_ITEM('',(#12169),#6969);
#6630=STYLED_ITEM('',(#12169),#6970);
#6631=STYLED_ITEM('',(#12169),#6971);
#6632=STYLED_ITEM('',(#12169),#6972);
#6633=STYLED_ITEM('',(#12169),#6973);
#6634=STYLED_ITEM('',(#12169),#6974);
#6635=STYLED_ITEM('',(#12169),#6975);
#6636=STYLED_ITEM('',(#12169),#6976);
#6637=STYLED_ITEM('',(#12169),#6977);
#6638=STYLED_ITEM('',(#12169),#6978);
#6639=STYLED_ITEM('',(#12169),#6979);
#6640=STYLED_ITEM('',(#12169),#6980);
#6641=STYLED_ITEM('',(#12169),#6981);
#6642=STYLED_ITEM('',(#12169),#6982);
#6643=STYLED_ITEM('',(#12169),#6983);
#6644=STYLED_ITEM('',(#12168),#169);
#6645=STYLED_ITEM('',(#12177),#6984);
#6646=STYLED_ITEM('',(#12177),#6985);
#6647=STYLED_ITEM('',(#12177),#6986);
#6648=STYLED_ITEM('',(#12178),#6987);
#6649=STYLED_ITEM('',(#12179),#6988);
#6650=STYLED_ITEM('',(#12178),#6991);
#6651=STYLED_ITEM('',(#12178),#6992);
#6652=STYLED_ITEM('',(#12178),#6993);
#6653=STYLED_ITEM('',(#12178),#6994);
#6654=STYLED_ITEM('',(#12178),#6995);
#6655=STYLED_ITEM('',(#12178),#6996);
#6656=STYLED_ITEM('',(#12178),#6997);
#6657=STYLED_ITEM('',(#12178),#6998);
#6658=STYLED_ITEM('',(#12178),#6999);
#6659=STYLED_ITEM('',(#12178),#7000);
#6660=STYLED_ITEM('',(#12178),#7001);
#6661=STYLED_ITEM('',(#12178),#7002);
#6662=STYLED_ITEM('',(#12178),#7003);
#6663=STYLED_ITEM('',(#12178),#7004);
#6664=STYLED_ITEM('',(#12178),#7005);
#6665=STYLED_ITEM('',(#12178),#7006);
#6666=STYLED_ITEM('',(#12178),#7007);
#6667=STYLED_ITEM('',(#12179),#7010);
#6668=STYLED_ITEM('',(#12180),#7011);
#6669=STYLED_ITEM('',(#12178),#7012);
#6670=STYLED_ITEM('',(#12178),#7013);
#6671=STYLED_ITEM('',(#12178),#7014);
#6672=STYLED_ITEM('',(#12178),#7015);
#6673=STYLED_ITEM('',(#12178),#7016);
#6674=STYLED_ITEM('',(#12178),#7017);
#6675=STYLED_ITEM('',(#12178),#7018);
#6676=STYLED_ITEM('',(#12178),#7019);
#6677=STYLED_ITEM('',(#12178),#7020);
#6678=STYLED_ITEM('',(#12178),#7021);
#6679=STYLED_ITEM('',(#12178),#7022);
#6680=STYLED_ITEM('',(#12178),#7023);
#6681=STYLED_ITEM('',(#12178),#7024);
#6682=STYLED_ITEM('',(#12178),#7025);
#6683=STYLED_ITEM('',(#12178),#7026);
#6684=STYLED_ITEM('',(#12178),#7027);
#6685=STYLED_ITEM('',(#12178),#7028);
#6686=STYLED_ITEM('',(#12178),#7029);
#6687=STYLED_ITEM('',(#12178),#7030);
#6688=STYLED_ITEM('',(#12177),#7031);
#6689=STYLED_ITEM('',(#12177),#7032);
#6690=STYLED_ITEM('',(#12176),#170);
#6691=STYLED_ITEM('',(#12181),#171);
#6692=ADVANCED_FACE('',(#1662),#6117,.T.);
#6693=ADVANCED_FACE('',(#1663),#1567,.T.);
#6694=ADVANCED_FACE('',(#1664),#193,.T.);
#6695=ADVANCED_FACE('',(#1665),#1568,.T.);
#6696=ADVANCED_FACE('',(#1666),#172,.T.);
#6697=ADVANCED_FACE('',(#1667),#173,.T.);
#6698=ADVANCED_FACE('',(#1668),#194,.T.);
#6699=ADVANCED_FACE('',(#1669),#1569,.T.);
#6700=ADVANCED_FACE('',(#1670),#1570,.T.);
#6701=ADVANCED_FACE('',(#1671),#6118,.T.);
#6702=ADVANCED_FACE('',(#1672),#6119,.F.);
#6703=ADVANCED_FACE('',(#1673),#6120,.F.);
#6704=ADVANCED_FACE('',(#1674),#6121,.F.);
#6705=ADVANCED_FACE('',(#1675),#6122,.F.);
#6706=ADVANCED_FACE('',(#1676),#1571,.F.);
#6707=ADVANCED_FACE('',(#1677),#6123,.T.);
#6708=ADVANCED_FACE('',(#1678),#1572,.F.);
#6709=ADVANCED_FACE('',(#1679),#6124,.F.);
#6710=ADVANCED_FACE('',(#1680),#6125,.F.);
#6711=ADVANCED_FACE('',(#1681),#6126,.F.);
#6712=ADVANCED_FACE('',(#1682),#1573,.F.);
#6713=ADVANCED_FACE('',(#1683),#6127,.T.);
#6714=ADVANCED_FACE('',(#1684),#1574,.F.);
#6715=ADVANCED_FACE('',(#1685),#6128,.F.);
#6716=ADVANCED_FACE('',(#1686),#6129,.F.);
#6717=ADVANCED_FACE('',(#1687),#6130,.T.);
#6718=ADVANCED_FACE('',(#1688),#6131,.F.);
#6719=ADVANCED_FACE('',(#1689),#1575,.T.);
#6720=ADVANCED_FACE('',(#1690),#6132,.F.);
#6721=ADVANCED_FACE('',(#1691),#1576,.T.);
#6722=ADVANCED_FACE('',(#1692),#6133,.F.);
#6723=ADVANCED_FACE('',(#1693),#6134,.F.);
#6724=ADVANCED_FACE('',(#1694,#13,#14),#6135,.F.);
#6725=ADVANCED_FACE('',(#1695),#6136,.F.);
#6726=ADVANCED_FACE('',(#1696),#6137,.F.);
#6727=ADVANCED_FACE('',(#1697),#6138,.F.);
#6728=ADVANCED_FACE('',(#1698),#6139,.F.);
#6729=ADVANCED_FACE('',(#1699),#6140,.F.);
#6730=ADVANCED_FACE('',(#1700),#6141,.F.);
#6731=ADVANCED_FACE('',(#1701,#15,#16),#6142,.T.);
#6732=ADVANCED_FACE('',(#1702),#6143,.F.);
#6733=ADVANCED_FACE('',(#1703),#6144,.F.);
#6734=ADVANCED_FACE('',(#1704),#6145,.F.);
#6735=ADVANCED_FACE('',(#1705,#17),#6146,.F.);
#6736=ADVANCED_FACE('',(#1706),#6147,.F.);
#6737=ADVANCED_FACE('',(#1707),#6148,.F.);
#6738=ADVANCED_FACE('',(#1708),#6149,.F.);
#6739=ADVANCED_FACE('',(#1709),#6150,.F.);
#6740=ADVANCED_FACE('',(#1710),#6151,.F.);
#6741=ADVANCED_FACE('',(#1711,#18),#6152,.F.);
#6742=ADVANCED_FACE('',(#1712),#6153,.F.);
#6743=ADVANCED_FACE('',(#1713),#6154,.F.);
#6744=ADVANCED_FACE('',(#1714),#6155,.F.);
#6745=ADVANCED_FACE('',(#1715),#1577,.T.);
#6746=ADVANCED_FACE('',(#1716),#6156,.F.);
#6747=ADVANCED_FACE('',(#1717),#1578,.T.);
#6748=ADVANCED_FACE('',(#1718),#6157,.T.);
#6749=ADVANCED_FACE('',(#1719),#6158,.T.);
#6750=ADVANCED_FACE('',(#1720),#6159,.T.);
#6751=ADVANCED_FACE('',(#1721),#6160,.T.);
#6752=ADVANCED_FACE('',(#1722),#6161,.T.);
#6753=ADVANCED_FACE('',(#1723),#6162,.T.);
#6754=ADVANCED_FACE('',(#1724),#6163,.F.);
#6755=ADVANCED_FACE('',(#1725),#6164,.F.);
#6756=ADVANCED_FACE('',(#1726),#6165,.F.);
#6757=ADVANCED_FACE('',(#1727),#6166,.F.);
#6758=ADVANCED_FACE('',(#1728),#1579,.T.);
#6759=ADVANCED_FACE('',(#1729),#6167,.F.);
#6760=ADVANCED_FACE('',(#1730),#6168,.T.);
#6761=ADVANCED_FACE('',(#1731),#6169,.T.);
#6762=ADVANCED_FACE('',(#1732),#6170,.F.);
#6763=ADVANCED_FACE('',(#1733),#6171,.F.);
#6764=ADVANCED_FACE('',(#1734),#1580,.F.);
#6765=ADVANCED_FACE('',(#1735),#1581,.F.);
#6766=ADVANCED_FACE('',(#1736),#1582,.F.);
#6767=ADVANCED_FACE('',(#1737),#1583,.F.);
#6768=ADVANCED_FACE('',(#1738,#19),#6172,.F.);
#6769=ADVANCED_FACE('',(#1739),#6173,.F.);
#6770=ADVANCED_FACE('',(#1740),#1584,.T.);
#6771=ADVANCED_FACE('',(#1741,#20),#6174,.F.);
#6772=ADVANCED_FACE('',(#1742),#1585,.T.);
#6773=ADVANCED_FACE('',(#1743),#6175,.F.);
#6774=ADVANCED_FACE('',(#1744),#6176,.F.);
#6775=ADVANCED_FACE('',(#1745),#1586,.T.);
#6776=ADVANCED_FACE('',(#1746,#21),#6177,.T.);
#6777=ADVANCED_FACE('',(#1747,#22),#6178,.T.);
#6778=ADVANCED_FACE('',(#1748),#6179,.F.);
#6779=ADVANCED_FACE('',(#1749),#6180,.F.);
#6780=ADVANCED_FACE('',(#1750),#1587,.F.);
#6781=ADVANCED_FACE('',(#1751),#6181,.T.);
#6782=ADVANCED_FACE('',(#1752),#1588,.F.);
#6783=ADVANCED_FACE('',(#1753),#6182,.T.);
#6784=ADVANCED_FACE('',(#1754),#1589,.F.);
#6785=ADVANCED_FACE('',(#1755),#6183,.T.);
#6786=ADVANCED_FACE('',(#1756),#1590,.F.);
#6787=ADVANCED_FACE('',(#1757),#6184,.T.);
#6788=ADVANCED_FACE('',(#1758),#6185,.F.);
#6789=ADVANCED_FACE('',(#1759),#1591,.F.);
#6790=ADVANCED_FACE('',(#1760),#6186,.T.);
#6791=ADVANCED_FACE('',(#1761),#1592,.F.);
#6792=ADVANCED_FACE('',(#1762),#6187,.T.);
#6793=ADVANCED_FACE('',(#1763),#1593,.F.);
#6794=ADVANCED_FACE('',(#1764),#6188,.T.);
#6795=ADVANCED_FACE('',(#1765),#1594,.F.);
#6796=ADVANCED_FACE('',(#1766),#6189,.T.);
#6797=ADVANCED_FACE('',(#1767),#6190,.F.);
#6798=ADVANCED_FACE('',(#1768),#1595,.T.);
#6799=ADVANCED_FACE('',(#1769),#1596,.T.);
#6800=ADVANCED_FACE('',(#1770),#6191,.T.);
#6801=ADVANCED_FACE('',(#1771),#6192,.T.);
#6802=ADVANCED_FACE('',(#1772),#6193,.T.);
#6803=ADVANCED_FACE('',(#1773),#6194,.F.);
#6804=ADVANCED_FACE('',(#1774),#6195,.T.);
#6805=ADVANCED_FACE('',(#1775),#6196,.F.);
#6806=ADVANCED_FACE('',(#1776),#6197,.T.);
#6807=ADVANCED_FACE('',(#1777),#6198,.F.);
#6808=ADVANCED_FACE('',(#1778),#6199,.F.);
#6809=ADVANCED_FACE('',(#1779),#6200,.T.);
#6810=ADVANCED_FACE('',(#1780),#6201,.F.);
#6811=ADVANCED_FACE('',(#1781),#6202,.T.);
#6812=ADVANCED_FACE('',(#1782),#6203,.F.);
#6813=ADVANCED_FACE('',(#1783),#6204,.T.);
#6814=ADVANCED_FACE('',(#1784),#6205,.F.);
#6815=ADVANCED_FACE('',(#1785),#6206,.F.);
#6816=ADVANCED_FACE('',(#1786),#6207,.F.);
#6817=ADVANCED_FACE('',(#1787),#6208,.F.);
#6818=ADVANCED_FACE('',(#1788),#6209,.F.);
#6819=ADVANCED_FACE('',(#1789),#6210,.F.);
#6820=ADVANCED_FACE('',(#1790),#6211,.F.);
#6821=ADVANCED_FACE('',(#1791),#6212,.F.);
#6822=ADVANCED_FACE('',(#1792),#6213,.F.);
#6823=ADVANCED_FACE('',(#1793),#6214,.F.);
#6824=ADVANCED_FACE('',(#1794),#6215,.F.);
#6825=ADVANCED_FACE('',(#1795),#6216,.F.);
#6826=ADVANCED_FACE('',(#1796),#6217,.F.);
#6827=ADVANCED_FACE('',(#1797),#6218,.F.);
#6828=ADVANCED_FACE('',(#1798),#174,.T.);
#6829=ADVANCED_FACE('',(#1799),#1597,.T.);
#6830=ADVANCED_FACE('',(#1800),#6219,.F.);
#6831=ADVANCED_FACE('',(#1801),#1598,.T.);
#6832=ADVANCED_FACE('',(#1802),#6220,.T.);
#6833=ADVANCED_FACE('',(#1803,#23,#24),#6221,.T.);
#6834=ADVANCED_FACE('',(#1804),#6222,.F.);
#6835=ADVANCED_FACE('',(#1805),#6223,.F.);
#6836=ADVANCED_FACE('',(#1806),#6224,.F.);
#6837=ADVANCED_FACE('',(#1807),#6225,.F.);
#6838=ADVANCED_FACE('',(#1808),#6226,.F.);
#6839=ADVANCED_FACE('',(#1809),#6227,.F.);
#6840=ADVANCED_FACE('',(#1810),#6228,.F.);
#6841=ADVANCED_FACE('',(#1811),#6229,.F.);
#6842=ADVANCED_FACE('',(#1812),#6230,.F.);
#6843=ADVANCED_FACE('',(#1813),#6231,.F.);
#6844=ADVANCED_FACE('',(#1814),#1599,.T.);
#6845=ADVANCED_FACE('',(#1815),#11,.F.);
#6846=ADVANCED_FACE('',(#1816,#25),#6232,.F.);
#6847=ADVANCED_FACE('',(#1817,#26),#6233,.T.);
#6848=ADVANCED_FACE('',(#1818),#1600,.T.);
#6849=ADVANCED_FACE('',(#1819),#195,.T.);
#6850=ADVANCED_FACE('',(#1820,#27),#6234,.T.);
#6851=ADVANCED_FACE('',(#1821),#1601,.T.);
#6852=ADVANCED_FACE('',(#1822),#1602,.T.);
#6853=ADVANCED_FACE('',(#1823),#6235,.T.);
#6854=ADVANCED_FACE('',(#1824),#12,.F.);
#6855=ADVANCED_FACE('',(#1825,#28),#6236,.F.);
#6856=ADVANCED_FACE('',(#1826),#196,.T.);
#6857=ADVANCED_FACE('',(#1827),#1603,.T.);
#6858=ADVANCED_FACE('',(#1828),#6237,.F.);
#6859=ADVANCED_FACE('',(#1829,#29),#6238,.T.);
#6860=ADVANCED_FACE('',(#1830),#6239,.T.);
#6861=ADVANCED_FACE('',(#1831),#6240,.F.);
#6862=ADVANCED_FACE('',(#1832),#6241,.T.);
#6863=ADVANCED_FACE('',(#1833,#30),#6242,.T.);
#6864=ADVANCED_FACE('',(#1834),#6243,.F.);
#6865=ADVANCED_FACE('',(#1835),#6244,.T.);
#6866=ADVANCED_FACE('',(#1836),#6245,.T.);
#6867=ADVANCED_FACE('',(#1837),#6246,.F.);
#6868=ADVANCED_FACE('',(#1838),#6247,.F.);
#6869=ADVANCED_FACE('',(#1839),#6248,.F.);
#6870=ADVANCED_FACE('',(#1840),#6249,.F.);
#6871=ADVANCED_FACE('',(#1841),#6250,.T.);
#6872=ADVANCED_FACE('',(#1842),#6251,.T.);
#6873=ADVANCED_FACE('',(#1843),#6252,.T.);
#6874=ADVANCED_FACE('',(#1844),#6253,.T.);
#6875=ADVANCED_FACE('',(#1845),#6254,.T.);
#6876=ADVANCED_FACE('',(#1846),#6255,.T.);
#6877=ADVANCED_FACE('',(#1847),#6256,.T.);
#6878=ADVANCED_FACE('',(#1848),#1604,.F.);
#6879=ADVANCED_FACE('',(#1849),#6257,.F.);
#6880=ADVANCED_FACE('',(#1850),#6258,.T.);
#6881=ADVANCED_FACE('',(#1851),#6259,.T.);
#6882=ADVANCED_FACE('',(#1852),#6260,.T.);
#6883=ADVANCED_FACE('',(#1853),#1605,.T.);
#6884=ADVANCED_FACE('',(#1854),#6261,.F.);
#6885=ADVANCED_FACE('',(#1855),#1606,.F.);
#6886=ADVANCED_FACE('',(#1856),#6262,.F.);
#6887=ADVANCED_FACE('',(#1857),#1607,.F.);
#6888=ADVANCED_FACE('',(#1858),#6263,.T.);
#6889=ADVANCED_FACE('',(#1859),#1608,.T.);
#6890=ADVANCED_FACE('',(#1860),#6264,.T.);
#6891=ADVANCED_FACE('',(#1861),#6265,.T.);
#6892=ADVANCED_FACE('',(#1862),#6266,.T.);
#6893=ADVANCED_FACE('',(#1863),#1609,.T.);
#6894=ADVANCED_FACE('',(#1864),#1610,.T.);
#6895=ADVANCED_FACE('',(#1865),#6267,.T.);
#6896=ADVANCED_FACE('',(#1866),#6268,.T.);
#6897=ADVANCED_FACE('',(#1867),#6269,.T.);
#6898=ADVANCED_FACE('',(#1868),#6270,.T.);
#6899=ADVANCED_FACE('',(#1869,#31),#6271,.F.);
#6900=ADVANCED_FACE('',(#1870),#6272,.F.);
#6901=ADVANCED_FACE('',(#1871),#1611,.T.);
#6902=ADVANCED_FACE('',(#1872),#6273,.F.);
#6903=ADVANCED_FACE('',(#1873),#6274,.T.);
#6904=ADVANCED_FACE('',(#1874),#6275,.T.);
#6905=ADVANCED_FACE('',(#1875),#6276,.T.);
#6906=ADVANCED_FACE('',(#1876),#6277,.F.);
#6907=ADVANCED_FACE('',(#1877,#32),#6278,.F.);
#6908=ADVANCED_FACE('',(#1878),#1612,.T.);
#6909=ADVANCED_FACE('',(#1879,#33),#6279,.T.);
#6910=ADVANCED_FACE('',(#1880),#6280,.F.);
#6911=ADVANCED_FACE('',(#1881),#6281,.F.);
#6912=ADVANCED_FACE('',(#1882),#6282,.F.);
#6913=ADVANCED_FACE('',(#1883),#6283,.F.);
#6914=ADVANCED_FACE('',(#1884),#6284,.T.);
#6915=ADVANCED_FACE('',(#1885),#6285,.T.);
#6916=ADVANCED_FACE('',(#1886),#6286,.F.);
#6917=ADVANCED_FACE('',(#1887),#1613,.T.);
#6918=ADVANCED_FACE('',(#1888),#6287,.F.);
#6919=ADVANCED_FACE('',(#1889),#6288,.T.);
#6920=ADVANCED_FACE('',(#1890),#6289,.F.);
#6921=ADVANCED_FACE('',(#1891),#6290,.F.);
#6922=ADVANCED_FACE('',(#1892),#6291,.T.);
#6923=ADVANCED_FACE('',(#1893),#6292,.T.);
#6924=ADVANCED_FACE('',(#1894),#6293,.F.);
#6925=ADVANCED_FACE('',(#1895),#1614,.T.);
#6926=ADVANCED_FACE('',(#1896),#6294,.T.);
#6927=ADVANCED_FACE('',(#1897),#6295,.T.);
#6928=ADVANCED_FACE('',(#1898),#6296,.F.);
#6929=ADVANCED_FACE('',(#1899),#6297,.T.);
#6930=ADVANCED_FACE('',(#1900),#1615,.F.);
#6931=ADVANCED_FACE('',(#1901),#1616,.T.);
#6932=ADVANCED_FACE('',(#1902),#6298,.T.);
#6933=ADVANCED_FACE('',(#1903),#1617,.F.);
#6934=ADVANCED_FACE('',(#1904),#6299,.T.);
#6935=ADVANCED_FACE('',(#1905),#6300,.F.);
#6936=ADVANCED_FACE('',(#1906),#6301,.T.);
#6937=ADVANCED_FACE('',(#1907),#1618,.F.);
#6938=ADVANCED_FACE('',(#1908),#6302,.T.);
#6939=ADVANCED_FACE('',(#1909),#175,.T.);
#6940=ADVANCED_FACE('',(#1910),#6303,.T.);
#6941=ADVANCED_FACE('',(#1911),#6304,.F.);
#6942=ADVANCED_FACE('',(#1912),#6305,.F.);
#6943=ADVANCED_FACE('',(#1913),#6306,.F.);
#6944=ADVANCED_FACE('',(#1914),#6307,.F.);
#6945=ADVANCED_FACE('',(#1915),#6308,.F.);
#6946=ADVANCED_FACE('',(#1916),#1619,.T.);
#6947=ADVANCED_FACE('',(#1917),#6309,.F.);
#6948=ADVANCED_FACE('',(#1918),#6310,.F.);
#6949=ADVANCED_FACE('',(#1919),#6311,.F.);
#6950=ADVANCED_FACE('',(#1920),#1620,.T.);
#6951=ADVANCED_FACE('',(#1921),#6312,.T.);
#6952=ADVANCED_FACE('',(#1922),#1621,.T.);
#6953=ADVANCED_FACE('',(#1923),#6313,.F.);
#6954=ADVANCED_FACE('',(#1924),#1622,.T.);
#6955=ADVANCED_FACE('',(#1925),#6314,.T.);
#6956=ADVANCED_FACE('',(#1926),#6315,.T.);
#6957=ADVANCED_FACE('',(#1927),#1623,.F.);
#6958=ADVANCED_FACE('',(#1928),#6316,.F.);
#6959=ADVANCED_FACE('',(#1929),#6317,.F.);
#6960=ADVANCED_FACE('',(#1930),#6318,.F.);
#6961=ADVANCED_FACE('',(#1931),#6319,.F.);
#6962=ADVANCED_FACE('',(#1932),#1624,.T.);
#6963=ADVANCED_FACE('',(#1933),#6320,.T.);
#6964=ADVANCED_FACE('',(#1934),#1625,.T.);
#6965=ADVANCED_FACE('',(#1935),#6321,.F.);
#6966=ADVANCED_FACE('',(#1936),#1626,.T.);
#6967=ADVANCED_FACE('',(#1937,#34,#35,#36),#6322,.T.);
#6968=ADVANCED_FACE('',(#1938),#6323,.F.);
#6969=ADVANCED_FACE('',(#1939),#6324,.F.);
#6970=ADVANCED_FACE('',(#1940),#6325,.F.);
#6971=ADVANCED_FACE('',(#1941),#6326,.F.);
#6972=ADVANCED_FACE('',(#1942),#6327,.F.);
#6973=ADVANCED_FACE('',(#1943),#6328,.F.);
#6974=ADVANCED_FACE('',(#1944),#6329,.F.);
#6975=ADVANCED_FACE('',(#1945),#6330,.F.);
#6976=ADVANCED_FACE('',(#1946),#6331,.F.);
#6977=ADVANCED_FACE('',(#1947),#6332,.F.);
#6978=ADVANCED_FACE('',(#1948),#6333,.F.);
#6979=ADVANCED_FACE('',(#1949),#6334,.F.);
#6980=ADVANCED_FACE('',(#1950),#6335,.F.);
#6981=ADVANCED_FACE('',(#1951),#6336,.F.);
#6982=ADVANCED_FACE('',(#1952),#6337,.F.);
#6983=ADVANCED_FACE('',(#1953),#6338,.F.);
#6984=ADVANCED_FACE('',(#1954),#1627,.T.);
#6985=ADVANCED_FACE('',(#1955),#1628,.F.);
#6986=ADVANCED_FACE('',(#1956),#1629,.F.);
#6987=ADVANCED_FACE('',(#1957),#1630,.F.);
#6988=ADVANCED_FACE('',(#1958),#197,.F.);
#6989=ADVANCED_FACE('',(#1959),#1631,.T.);
#6990=ADVANCED_FACE('',(#1960),#1632,.T.);
#6991=ADVANCED_FACE('',(#1961),#1633,.T.);
#6992=ADVANCED_FACE('',(#1962),#198,.T.);
#6993=ADVANCED_FACE('',(#1963,#37),#6339,.T.);
#6994=ADVANCED_FACE('',(#1964),#6340,.T.);
#6995=ADVANCED_FACE('',(#1965),#1634,.F.);
#6996=ADVANCED_FACE('',(#1966),#6341,.T.);
#6997=ADVANCED_FACE('',(#1967),#6342,.F.);
#6998=ADVANCED_FACE('',(#1968),#6343,.T.);
#6999=ADVANCED_FACE('',(#1969),#1635,.F.);
#7000=ADVANCED_FACE('',(#1970),#6344,.T.);
#7001=ADVANCED_FACE('',(#1971),#6345,.T.);
#7002=ADVANCED_FACE('',(#1972),#1636,.F.);
#7003=ADVANCED_FACE('',(#1973),#6346,.T.);
#7004=ADVANCED_FACE('',(#1974),#6347,.T.);
#7005=ADVANCED_FACE('',(#1975),#6348,.T.);
#7006=ADVANCED_FACE('',(#1976),#6349,.F.);
#7007=ADVANCED_FACE('',(#1977),#6350,.F.);
#7008=ADVANCED_FACE('',(#1978),#6351,.F.);
#7009=ADVANCED_FACE('',(#1979),#6352,.F.);
#7010=ADVANCED_FACE('',(#1980,#38,#39),#6353,.F.);
#7011=ADVANCED_FACE('',(#1981),#6354,.T.);
#7012=ADVANCED_FACE('',(#1982),#6355,.F.);
#7013=ADVANCED_FACE('',(#1983),#6356,.T.);
#7014=ADVANCED_FACE('',(#1984),#6357,.T.);
#7015=ADVANCED_FACE('',(#1985),#6358,.T.);
#7016=ADVANCED_FACE('',(#1986),#6359,.T.);
#7017=ADVANCED_FACE('',(#1987),#6360,.T.);
#7018=ADVANCED_FACE('',(#1988),#6361,.T.);
#7019=ADVANCED_FACE('',(#1989),#6362,.T.);
#7020=ADVANCED_FACE('',(#1990),#6363,.T.);
#7021=ADVANCED_FACE('',(#1991),#6364,.T.);
#7022=ADVANCED_FACE('',(#1992),#6365,.T.);
#7023=ADVANCED_FACE('',(#1993),#6366,.T.);
#7024=ADVANCED_FACE('',(#1994),#6367,.T.);
#7025=ADVANCED_FACE('',(#1995),#6368,.T.);
#7026=ADVANCED_FACE('',(#1996),#6369,.T.);
#7027=ADVANCED_FACE('',(#1997),#6370,.T.);
#7028=ADVANCED_FACE('',(#1998),#6371,.T.);
#7029=ADVANCED_FACE('',(#1999),#6372,.T.);
#7030=ADVANCED_FACE('',(#2000),#6373,.T.);
#7031=ADVANCED_FACE('',(#2001,#40,#41),#6374,.F.);
#7032=ADVANCED_FACE('',(#2002,#42,#43,#44,#45),#6375,.T.);
#7033=ADVANCED_FACE('',(#2003),#1637,.T.);
#7034=ADVANCED_FACE('',(#2004),#6376,.T.);
#7035=ADVANCED_FACE('',(#2005),#6377,.T.);
#7036=ADVANCED_FACE('',(#2006,#46,#47,#48,#49,#50,#51,#52,#53,#54,#55,#56,
#57,#58,#59,#60,#61,#62,#63,#64),#6378,.F.);
#7037=ADVANCED_FACE('',(#2007,#65,#66,#67,#68,#69,#70,#71,#72,#73,#74,#75,
#76,#77,#78,#79,#80,#81,#82,#83),#6379,.T.);
#7038=ADVANCED_FACE('',(#2008),#1638,.T.);
#7039=ADVANCED_FACE('',(#2009),#1639,.T.);
#7040=ADVANCED_FACE('',(#2010),#6380,.T.);
#7041=ADVANCED_FACE('',(#2011),#6381,.T.);
#7042=ADVANCED_FACE('',(#2012),#1640,.T.);
#7043=ADVANCED_FACE('',(#2013),#1641,.F.);
#7044=ADVANCED_FACE('',(#2014),#1642,.F.);
#7045=ADVANCED_FACE('',(#2015),#1643,.F.);
#7046=ADVANCED_FACE('',(#2016),#6382,.T.);
#7047=ADVANCED_FACE('',(#2017),#1644,.F.);
#7048=ADVANCED_FACE('',(#2018),#6383,.T.);
#7049=ADVANCED_FACE('',(#2019),#1645,.F.);
#7050=ADVANCED_FACE('',(#2020),#6384,.T.);
#7051=ADVANCED_FACE('',(#2021),#1646,.F.);
#7052=ADVANCED_FACE('',(#2022),#6385,.T.);
#7053=ADVANCED_FACE('',(#2023),#1647,.F.);
#7054=ADVANCED_FACE('',(#2024),#1648,.F.);
#7055=ADVANCED_FACE('',(#2025),#1649,.F.);
#7056=ADVANCED_FACE('',(#2026),#1650,.F.);
#7057=ADVANCED_FACE('',(#2027),#1651,.F.);
#7058=ADVANCED_FACE('',(#2028),#1652,.F.);
#7059=ADVANCED_FACE('',(#2029),#1653,.F.);
#7060=ADVANCED_FACE('',(#2030),#1654,.F.);
#7061=ADVANCED_FACE('',(#2031),#1655,.F.);
#7062=ADVANCED_FACE('',(#2032),#1656,.F.);
#7063=ADVANCED_FACE('',(#2033),#1657,.F.);
#7064=ADVANCED_FACE('',(#2034),#1658,.F.);
#7065=ADVANCED_FACE('',(#2035),#1659,.F.);
#7066=ADVANCED_FACE('',(#2036),#1660,.F.);
#7067=ADVANCED_FACE('',(#2037),#1661,.F.);
#7068=CLOSED_SHELL('',(#6692,#6693,#6694,#6695,#6696,#6697,#6698,#6699,
#6700,#6701));
#7069=CLOSED_SHELL('',(#6702,#6703,#6704,#6705,#6706,#6707,#6708,#6709,
#6710,#6711,#6712,#6713,#6714,#6715,#6716,#6717,#6718,#6719,#6720,#6721,
#6722,#6723,#6724,#6725,#6726,#6727,#6728,#6729,#6730,#6731,#6732,#6733,
#6734,#6735,#6736,#6737,#6738,#6739,#6740,#6741,#6742,#6743,#6744,#6745,
#6746,#6747,#6748,#6749,#6750,#6751,#6752,#6753,#6754,#6755,#6756,#6757,
#6758,#6759,#6760,#6761,#6762,#6763,#6764,#6765,#6766,#6767,#6768,#6769,
#6770,#6771,#6772,#6773,#6774,#6775,#6776,#6777,#6778,#6779,#6780,#6781,
#6782,#6783,#6784,#6785,#6786,#6787,#6788,#6789,#6790,#6791,#6792,#6793,
#6794,#6795,#6796,#6797,#6798,#6799,#6800,#6801,#6802,#6803,#6804,#6805,
#6806,#6807,#6808,#6809,#6810,#6811,#6812,#6813,#6814,#6815,#6816,#6817,
#6818,#6819,#6820,#6821,#6822,#6823,#6824,#6825,#6826,#6827));
#7070=CLOSED_SHELL('',(#6828,#6829,#6830,#6831,#6832,#6833,#6834,#6835,
#6836,#6837,#6838,#6839,#6840,#6841,#6842,#6843));
#7071=CLOSED_SHELL('',(#6844,#6845,#6846,#6847,#6848,#6849,#6850,#6851,
#6852,#6853,#6854,#6855,#6856,#6857,#6858));
#7072=CLOSED_SHELL('',(#6859,#6860,#6861,#6862,#6863,#6864,#6865,#6866,
#6867,#6868,#6869,#6870,#6871,#6872,#6873,#6874,#6875,#6876,#6877,#6878,
#6879,#6880,#6881,#6882,#6883,#6884,#6885,#6886,#6887,#6888,#6889,#6890,
#6891,#6892,#6893,#6894,#6895,#6896,#6897,#6898,#6899,#6900,#6901,#6902,
#6903,#6904,#6905,#6906,#6907,#6908,#6909,#6910,#6911,#6912,#6913,#6914,
#6915,#6916,#6917,#6918,#6919,#6920,#6921,#6922,#6923,#6924,#6925,#6926,
#6927,#6928,#6929,#6930,#6931,#6932,#6933,#6934,#6935,#6936,#6937,#6938,
#6939,#6940,#6941,#6942,#6943,#6944,#6945,#6946,#6947,#6948,#6949,#6950,
#6951,#6952,#6953,#6954,#6955,#6956,#6957,#6958,#6959,#6960,#6961,#6962,
#6963,#6964));
#7073=CLOSED_SHELL('',(#6965,#6966,#6967,#6968,#6969,#6970,#6971,#6972,
#6973,#6974,#6975,#6976,#6977,#6978,#6979,#6980,#6981,#6982,#6983));
#7074=CLOSED_SHELL('',(#6984,#6985,#6986,#6987,#6988,#6989,#6990,#6991,
#6992,#6993,#6994,#6995,#6996,#6997,#6998,#6999,#7000,#7001,#7002,#7003,
#7004,#7005,#7006,#7007,#7008,#7009,#7010,#7011,#7012,#7013,#7014,#7015,
#7016,#7017,#7018,#7019,#7020,#7021,#7022,#7023,#7024,#7025,#7026,#7027,
#7028,#7029,#7030,#7031,#7032));
#7075=CLOSED_SHELL('',(#7033,#7034,#7035,#7036,#7037,#7038,#7039,#7040,
#7041,#7042,#7043,#7044,#7045,#7046,#7047,#7048,#7049,#7050,#7051,#7052,
#7053,#7054,#7055,#7056,#7057,#7058,#7059,#7060,#7061,#7062,#7063,#7064,
#7065,#7066,#7067));
#7076=DERIVED_UNIT_ELEMENT(#7092,1.);
#7077=DERIVED_UNIT_ELEMENT(#12033,-3.);
#7078=DERIVED_UNIT_ELEMENT(#7092,1.);
#7079=DERIVED_UNIT_ELEMENT(#12033,-3.);
#7080=DERIVED_UNIT_ELEMENT(#7092,1.);
#7081=DERIVED_UNIT_ELEMENT(#12033,-3.);
#7082=DERIVED_UNIT_ELEMENT(#7092,1.);
#7083=DERIVED_UNIT_ELEMENT(#12033,-3.);
#7084=DERIVED_UNIT_ELEMENT(#7092,1.);
#7085=DERIVED_UNIT_ELEMENT(#12033,-3.);
#7086=DERIVED_UNIT_ELEMENT(#7092,1.);
#7087=DERIVED_UNIT_ELEMENT(#12033,-3.);
#7088=DERIVED_UNIT_ELEMENT(#7092,1.);
#7089=DERIVED_UNIT_ELEMENT(#12033,-3.);
#7090=DERIVED_UNIT_ELEMENT(#7092,1.);
#7091=DERIVED_UNIT_ELEMENT(#12033,-3.);
#7092=(
MASS_UNIT()
NAMED_UNIT(*)
SI_UNIT(.KILO.,.GRAM.)
);
#7093=DERIVED_UNIT((#7076,#7077));
#7094=DERIVED_UNIT((#7078,#7079));
#7095=DERIVED_UNIT((#7080,#7081));
#7096=DERIVED_UNIT((#7082,#7083));
#7097=DERIVED_UNIT((#7084,#7085));
#7098=DERIVED_UNIT((#7086,#7087));
#7099=DERIVED_UNIT((#7088,#7089));
#7100=DERIVED_UNIT((#7090,#7091));
#7101=MEASURE_REPRESENTATION_ITEM('density measure',
POSITIVE_RATIO_MEASURE(7850.),#7093);
#7102=MEASURE_REPRESENTATION_ITEM('density measure',
POSITIVE_RATIO_MEASURE(7850.),#7094);
#7103=MEASURE_REPRESENTATION_ITEM('density measure',
POSITIVE_RATIO_MEASURE(7850.),#7095);
#7104=MEASURE_REPRESENTATION_ITEM('density measure',
POSITIVE_RATIO_MEASURE(7850.),#7096);
#7105=MEASURE_REPRESENTATION_ITEM('density measure',
POSITIVE_RATIO_MEASURE(7850.),#7097);
#7106=MEASURE_REPRESENTATION_ITEM('density measure',
POSITIVE_RATIO_MEASURE(7850.),#7098);
#7107=MEASURE_REPRESENTATION_ITEM('density measure',
POSITIVE_RATIO_MEASURE(7850.),#7099);
#7108=MEASURE_REPRESENTATION_ITEM('density measure',
POSITIVE_RATIO_MEASURE(7850.),#7100);
#7109=PROPERTY_DEFINITION_REPRESENTATION(#7149,#7125);
#7110=PROPERTY_DEFINITION_REPRESENTATION(#7150,#7126);
#7111=PROPERTY_DEFINITION_REPRESENTATION(#7151,#7127);
#7112=PROPERTY_DEFINITION_REPRESENTATION(#7152,#7128);
#7113=PROPERTY_DEFINITION_REPRESENTATION(#7153,#7129);
#7114=PROPERTY_DEFINITION_REPRESENTATION(#7154,#7130);
#7115=PROPERTY_DEFINITION_REPRESENTATION(#7155,#7131);
#7116=PROPERTY_DEFINITION_REPRESENTATION(#7156,#7132);
#7117=PROPERTY_DEFINITION_REPRESENTATION(#7157,#7133);
#7118=PROPERTY_DEFINITION_REPRESENTATION(#7158,#7134);
#7119=PROPERTY_DEFINITION_REPRESENTATION(#7159,#7135);
#7120=PROPERTY_DEFINITION_REPRESENTATION(#7160,#7136);
#7121=PROPERTY_DEFINITION_REPRESENTATION(#7161,#7137);
#7122=PROPERTY_DEFINITION_REPRESENTATION(#7162,#7138);
#7123=PROPERTY_DEFINITION_REPRESENTATION(#7163,#7139);
#7124=PROPERTY_DEFINITION_REPRESENTATION(#7164,#7140);
#7125=REPRESENTATION('material name',(#7141),#12017);
#7126=REPRESENTATION('density',(#7101),#12017);
#7127=REPRESENTATION('material name',(#7142),#12019);
#7128=REPRESENTATION('density',(#7102),#12019);
#7129=REPRESENTATION('material name',(#7143),#12021);
#7130=REPRESENTATION('density',(#7103),#12021);
#7131=REPRESENTATION('material name',(#7144),#12023);
#7132=REPRESENTATION('density',(#7104),#12023);
#7133=REPRESENTATION('material name',(#7145),#12025);
#7134=REPRESENTATION('density',(#7105),#12025);
#7135=REPRESENTATION('material name',(#7146),#12027);
#7136=REPRESENTATION('density',(#7106),#12027);
#7137=REPRESENTATION('material name',(#7147),#12029);
#7138=REPRESENTATION('density',(#7107),#12029);
#7139=REPRESENTATION('material name',(#7148),#12030);
#7140=REPRESENTATION('density',(#7108),#12030);
#7141=DESCRIPTIVE_REPRESENTATION_ITEM('Steel','Steel');
#7142=DESCRIPTIVE_REPRESENTATION_ITEM('Steel','Steel');
#7143=DESCRIPTIVE_REPRESENTATION_ITEM('Steel','Steel');
#7144=DESCRIPTIVE_REPRESENTATION_ITEM('Steel','Steel');
#7145=DESCRIPTIVE_REPRESENTATION_ITEM('Steel','Steel');
#7146=DESCRIPTIVE_REPRESENTATION_ITEM('Steel','Steel');
#7147=DESCRIPTIVE_REPRESENTATION_ITEM('Steel','Steel');
#7148=DESCRIPTIVE_REPRESENTATION_ITEM('Steel','Steel');
#7149=PROPERTY_DEFINITION('material property','material name',#12103);
#7150=PROPERTY_DEFINITION('material property','density of part',#12103);
#7151=PROPERTY_DEFINITION('material property','material name',#12105);
#7152=PROPERTY_DEFINITION('material property','density of part',#12105);
#7153=PROPERTY_DEFINITION('material property','material name',#12107);
#7154=PROPERTY_DEFINITION('material property','density of part',#12107);
#7155=PROPERTY_DEFINITION('material property','material name',#12109);
#7156=PROPERTY_DEFINITION('material property','density of part',#12109);
#7157=PROPERTY_DEFINITION('material property','material name',#12111);
#7158=PROPERTY_DEFINITION('material property','density of part',#12111);
#7159=PROPERTY_DEFINITION('material property','material name',#12113);
#7160=PROPERTY_DEFINITION('material property','density of part',#12113);
#7161=PROPERTY_DEFINITION('material property','material name',#12115);
#7162=PROPERTY_DEFINITION('material property','density of part',#12115);
#7163=PROPERTY_DEFINITION('material property','material name',#12116);
#7164=PROPERTY_DEFINITION('material property','density of part',#12116);
#7165=AXIS2_PLACEMENT_3D('',#9793,#7813,#7814);
#7166=AXIS2_PLACEMENT_3D('',#9794,#7815,#7816);
#7167=AXIS2_PLACEMENT_3D('',#9795,#7817,#7818);
#7168=AXIS2_PLACEMENT_3D('',#9796,#7819,#7820);
#7169=AXIS2_PLACEMENT_3D('',#9798,#7821,#7822);
#7170=AXIS2_PLACEMENT_3D('',#9799,#7823,#7824);
#7171=AXIS2_PLACEMENT_3D('',#9803,#7826,#7827);
#7172=AXIS2_PLACEMENT_3D('',#9804,#7828,#7829);
#7173=AXIS2_PLACEMENT_3D('',#9805,#7830,#7831);
#7174=AXIS2_PLACEMENT_3D('',#9808,#7832,#7833);
#7175=AXIS2_PLACEMENT_3D('',#9810,#7834,#7835);
#7176=AXIS2_PLACEMENT_3D('',#9811,#7836,#7837);
#7177=AXIS2_PLACEMENT_3D('',#9812,#7838,#7839);
#7178=AXIS2_PLACEMENT_3D('',#9813,#7840,#7841);
#7179=AXIS2_PLACEMENT_3D('',#9880,#7842,#7843);
#7180=AXIS2_PLACEMENT_3D('',#9882,#7844,#7845);
#7181=AXIS2_PLACEMENT_3D('',#9884,#7846,#7847);
#7182=AXIS2_PLACEMENT_3D('',#9886,#7848,#7849);
#7183=AXIS2_PLACEMENT_3D('',#9908,#7850,#7851);
#7184=AXIS2_PLACEMENT_3D('',#9909,#7852,#7853);
#7185=AXIS2_PLACEMENT_3D('',#9910,#7854,#7855);
#7186=AXIS2_PLACEMENT_3D('',#9912,#7856,#7857);
#7187=AXIS2_PLACEMENT_3D('',#9958,#7858,#7859);
#7188=AXIS2_PLACEMENT_3D('',#9959,#7860,#7861);
#7189=AXIS2_PLACEMENT_3D('',#9960,#7862,#7863);
#7190=AXIS2_PLACEMENT_3D('',#9962,#7864,#7865);
#7191=AXIS2_PLACEMENT_3D('',#9964,#7866,#7867);
#7192=AXIS2_PLACEMENT_3D('',#9965,#7868,#7869);
#7193=AXIS2_PLACEMENT_3D('',#9966,#7870,#7871);
#7194=AXIS2_PLACEMENT_3D('',#9967,#7872,#7873);
#7195=AXIS2_PLACEMENT_3D('',#9969,#7874,#7875);
#7196=AXIS2_PLACEMENT_3D('',#9971,#7877,#7878);
#7197=AXIS2_PLACEMENT_3D('',#9972,#7879,#7880);
#7198=AXIS2_PLACEMENT_3D('',#9973,#7881,#7882);
#7199=AXIS2_PLACEMENT_3D('',#9974,#7883,#7884);
#7200=AXIS2_PLACEMENT_3D('',#9975,#7885,#7886);
#7201=AXIS2_PLACEMENT_3D('',#9988,#7892,#7893);
#7202=AXIS2_PLACEMENT_3D('',#9992,#7895,#7896);
#7203=AXIS2_PLACEMENT_3D('',#10000,#7900,#7901);
#7204=AXIS2_PLACEMENT_3D('',#10004,#7903,#7904);
#7205=AXIS2_PLACEMENT_3D('',#10008,#7907,#7908);
#7206=AXIS2_PLACEMENT_3D('',#10011,#7909,#7910);
#7207=AXIS2_PLACEMENT_3D('',#10015,#7912,#7913);
#7208=AXIS2_PLACEMENT_3D('',#10044,#7929,#7930);
#7209=AXIS2_PLACEMENT_3D('',#10052,#7935,#7936);
#7210=AXIS2_PLACEMENT_3D('',#10058,#7940,#7941);
#7211=AXIS2_PLACEMENT_3D('',#10060,#7942,#7943);
#7212=AXIS2_PLACEMENT_3D('',#10062,#7945,#7946);
#7213=AXIS2_PLACEMENT_3D('',#10066,#7949,#7950);
#7214=AXIS2_PLACEMENT_3D('',#10069,#7952,#7953);
#7215=AXIS2_PLACEMENT_3D('',#10070,#7954,#7955);
#7216=AXIS2_PLACEMENT_3D('',#10076,#7959,#7960);
#7217=AXIS2_PLACEMENT_3D('',#10088,#7967,#7968);
#7218=AXIS2_PLACEMENT_3D('',#10094,#7972,#7973);
#7219=AXIS2_PLACEMENT_3D('',#10096,#7974,#7975);
#7220=AXIS2_PLACEMENT_3D('',#10098,#7977,#7978);
#7221=AXIS2_PLACEMENT_3D('',#10102,#7981,#7982);
#7222=AXIS2_PLACEMENT_3D('',#10105,#7984,#7985);
#7223=AXIS2_PLACEMENT_3D('',#10106,#7986,#7987);
#7224=AXIS2_PLACEMENT_3D('',#10112,#7991,#7992);
#7225=AXIS2_PLACEMENT_3D('',#10120,#7997,#7998);
#7226=AXIS2_PLACEMENT_3D('',#10123,#7999,#8000);
#7227=AXIS2_PLACEMENT_3D('',#10152,#8015,#8016);
#7228=AXIS2_PLACEMENT_3D('',#10154,#8018,#8019);
#7229=AXIS2_PLACEMENT_3D('',#10164,#8025,#8026);
#7230=AXIS2_PLACEMENT_3D('',#10167,#8027,#8028);
#7231=AXIS2_PLACEMENT_3D('',#10170,#8031,#8032);
#7232=AXIS2_PLACEMENT_3D('',#10174,#8035,#8036);
#7233=AXIS2_PLACEMENT_3D('',#10177,#8038,#8039);
#7234=AXIS2_PLACEMENT_3D('',#10178,#8040,#8041);
#7235=AXIS2_PLACEMENT_3D('',#10195,#8051,#8052);
#7236=AXIS2_PLACEMENT_3D('',#10197,#8054,#8055);
#7237=AXIS2_PLACEMENT_3D('',#10220,#8069,#8070);
#7238=AXIS2_PLACEMENT_3D('',#10222,#8071,#8072);
#7239=AXIS2_PLACEMENT_3D('',#10223,#8073,#8074);
#7240=AXIS2_PLACEMENT_3D('',#10227,#8077,#8078);
#7241=AXIS2_PLACEMENT_3D('',#10231,#8081,#8082);
#7242=AXIS2_PLACEMENT_3D('',#10233,#8084,#8085);
#7243=AXIS2_PLACEMENT_3D('',#10237,#8088,#8089);
#7244=AXIS2_PLACEMENT_3D('',#10241,#8092,#8093);
#7245=AXIS2_PLACEMENT_3D('',#10243,#8095,#8096);
#7246=AXIS2_PLACEMENT_3D('',#10250,#8100,#8101);
#7247=AXIS2_PLACEMENT_3D('',#10252,#8102,#8103);
#7248=AXIS2_PLACEMENT_3D('',#10253,#8104,#8105);
#7249=AXIS2_PLACEMENT_3D('',#10255,#8107,#8108);
#7250=AXIS2_PLACEMENT_3D('',#10263,#8113,#8114);
#7251=AXIS2_PLACEMENT_3D('',#10265,#8116,#8117);
#7252=AXIS2_PLACEMENT_3D('',#10268,#8119,#8120);
#7253=AXIS2_PLACEMENT_3D('',#10269,#8121,#8122);
#7254=AXIS2_PLACEMENT_3D('',#10273,#8125,#8126);
#7255=AXIS2_PLACEMENT_3D('',#10277,#8129,#8130);
#7256=AXIS2_PLACEMENT_3D('',#10285,#8134,#8135);
#7257=AXIS2_PLACEMENT_3D('',#10288,#8137,#8138);
#7258=AXIS2_PLACEMENT_3D('',#10290,#8140,#8141);
#7259=AXIS2_PLACEMENT_3D('',#10294,#8144,#8145);
#7260=AXIS2_PLACEMENT_3D('',#10301,#8149,#8150);
#7261=AXIS2_PLACEMENT_3D('',#10304,#8152,#8153);
#7262=AXIS2_PLACEMENT_3D('',#10305,#8154,#8155);
#7263=AXIS2_PLACEMENT_3D('',#10308,#8157,#8158);
#7264=AXIS2_PLACEMENT_3D('',#10309,#8159,#8160);
#7265=AXIS2_PLACEMENT_3D('',#10313,#8163,#8164);
#7266=AXIS2_PLACEMENT_3D('',#10317,#8167,#8168);
#7267=AXIS2_PLACEMENT_3D('',#10323,#8171,#8172);
#7268=AXIS2_PLACEMENT_3D('',#10326,#8174,#8175);
#7269=AXIS2_PLACEMENT_3D('',#10328,#8177,#8178);
#7270=AXIS2_PLACEMENT_3D('',#10330,#8180,#8181);
#7271=AXIS2_PLACEMENT_3D('',#10332,#8183,#8184);
#7272=AXIS2_PLACEMENT_3D('',#10333,#8185,#8186);
#7273=AXIS2_PLACEMENT_3D('',#10337,#8189,#8190);
#7274=AXIS2_PLACEMENT_3D('',#10341,#8193,#8194);
#7275=AXIS2_PLACEMENT_3D('',#10343,#8196,#8197);
#7276=AXIS2_PLACEMENT_3D('',#10347,#8200,#8201);
#7277=AXIS2_PLACEMENT_3D('',#10351,#8204,#8205);
#7278=AXIS2_PLACEMENT_3D('',#10353,#8207,#8208);
#7279=AXIS2_PLACEMENT_3D('',#10355,#8210,#8211);
#7280=AXIS2_PLACEMENT_3D('',#10357,#8213,#8214);
#7281=AXIS2_PLACEMENT_3D('',#10358,#8215,#8216);
#7282=AXIS2_PLACEMENT_3D('',#10360,#8218,#8219);
#7283=AXIS2_PLACEMENT_3D('',#10362,#8221,#8222);
#7284=AXIS2_PLACEMENT_3D('',#10364,#8224,#8225);
#7285=AXIS2_PLACEMENT_3D('',#10365,#8226,#8227);
#7286=AXIS2_PLACEMENT_3D('',#10366,#8228,#8229);
#7287=AXIS2_PLACEMENT_3D('',#10367,#8230,#8231);
#7288=AXIS2_PLACEMENT_3D('',#10368,#8232,#8233);
#7289=AXIS2_PLACEMENT_3D('',#10370,#8234,#8235);
#7290=AXIS2_PLACEMENT_3D('',#10372,#8237,#8238);
#7291=AXIS2_PLACEMENT_3D('',#10374,#8239,#8240);
#7292=AXIS2_PLACEMENT_3D('',#10376,#8242,#8243);
#7293=AXIS2_PLACEMENT_3D('',#10379,#8244,#8245);
#7294=AXIS2_PLACEMENT_3D('',#10380,#8246,#8247);
#7295=AXIS2_PLACEMENT_3D('',#10382,#8249,#8250);
#7296=AXIS2_PLACEMENT_3D('',#10385,#8251,#8252);
#7297=AXIS2_PLACEMENT_3D('',#10386,#8253,#8254);
#7298=AXIS2_PLACEMENT_3D('',#10388,#8256,#8257);
#7299=AXIS2_PLACEMENT_3D('',#10392,#8259,#8260);
#7300=AXIS2_PLACEMENT_3D('',#10396,#8262,#8263);
#7301=AXIS2_PLACEMENT_3D('',#10400,#8265,#8266);
#7302=AXIS2_PLACEMENT_3D('',#10404,#8268,#8269);
#7303=AXIS2_PLACEMENT_3D('',#10406,#8271,#8272);
#7304=AXIS2_PLACEMENT_3D('',#10407,#8273,#8274);
#7305=AXIS2_PLACEMENT_3D('',#10410,#8276,#8277);
#7306=AXIS2_PLACEMENT_3D('',#10411,#8278,#8279);
#7307=AXIS2_PLACEMENT_3D('',#10415,#8281,#8282);
#7308=AXIS2_PLACEMENT_3D('',#10419,#8284,#8285);
#7309=AXIS2_PLACEMENT_3D('',#10423,#8287,#8288);
#7310=AXIS2_PLACEMENT_3D('',#10427,#8290,#8291);
#7311=AXIS2_PLACEMENT_3D('',#10429,#8293,#8294);
#7312=AXIS2_PLACEMENT_3D('',#10431,#8296,#8297);
#7313=AXIS2_PLACEMENT_3D('',#10432,#8298,#8299);
#7314=AXIS2_PLACEMENT_3D('',#10433,#8300,#8301);
#7315=AXIS2_PLACEMENT_3D('',#10436,#8303,#8304);
#7316=AXIS2_PLACEMENT_3D('',#10437,#8305,#8306);
#7317=AXIS2_PLACEMENT_3D('',#10439,#8307,#8308);
#7318=AXIS2_PLACEMENT_3D('',#10440,#8309,#8310);
#7319=AXIS2_PLACEMENT_3D('',#10442,#8311,#8312);
#7320=AXIS2_PLACEMENT_3D('',#10443,#8313,#8314);
#7321=AXIS2_PLACEMENT_3D('',#10444,#8315,#8316);
#7322=AXIS2_PLACEMENT_3D('',#10445,#8317,#8318);
#7323=AXIS2_PLACEMENT_3D('',#10449,#8320,#8321);
#7324=AXIS2_PLACEMENT_3D('',#10451,#8323,#8324);
#7325=AXIS2_PLACEMENT_3D('',#10455,#8327,#8328);
#7326=AXIS2_PLACEMENT_3D('',#10457,#8329,#8330);
#7327=AXIS2_PLACEMENT_3D('',#10459,#8332,#8333);
#7328=AXIS2_PLACEMENT_3D('',#10464,#8337,#8338);
#7329=AXIS2_PLACEMENT_3D('',#10466,#8339,#8340);
#7330=AXIS2_PLACEMENT_3D('',#10468,#8342,#8343);
#7331=AXIS2_PLACEMENT_3D('',#10472,#8346,#8347);
#7332=AXIS2_PLACEMENT_3D('',#10474,#8348,#8349);
#7333=AXIS2_PLACEMENT_3D('',#10476,#8351,#8352);
#7334=AXIS2_PLACEMENT_3D('',#10478,#8354,#8355);
#7335=AXIS2_PLACEMENT_3D('',#10479,#8356,#8357);
#7336=AXIS2_PLACEMENT_3D('',#10483,#8359,#8360);
#7337=AXIS2_PLACEMENT_3D('',#10485,#8362,#8363);
#7338=AXIS2_PLACEMENT_3D('',#10489,#8366,#8367);
#7339=AXIS2_PLACEMENT_3D('',#10491,#8368,#8369);
#7340=AXIS2_PLACEMENT_3D('',#10493,#8371,#8372);
#7341=AXIS2_PLACEMENT_3D('',#10498,#8376,#8377);
#7342=AXIS2_PLACEMENT_3D('',#10500,#8378,#8379);
#7343=AXIS2_PLACEMENT_3D('',#10502,#8381,#8382);
#7344=AXIS2_PLACEMENT_3D('',#10506,#8385,#8386);
#7345=AXIS2_PLACEMENT_3D('',#10508,#8387,#8388);
#7346=AXIS2_PLACEMENT_3D('',#10510,#8390,#8391);
#7347=AXIS2_PLACEMENT_3D('',#10512,#8393,#8394);
#7348=AXIS2_PLACEMENT_3D('',#10513,#8395,#8396);
#7349=AXIS2_PLACEMENT_3D('',#10517,#8398,#8399);
#7350=AXIS2_PLACEMENT_3D('',#10521,#8401,#8402);
#7351=AXIS2_PLACEMENT_3D('',#10525,#8404,#8405);
#7352=AXIS2_PLACEMENT_3D('',#10529,#8407,#8408);
#7353=AXIS2_PLACEMENT_3D('',#10532,#8410,#8411);
#7354=AXIS2_PLACEMENT_3D('',#10533,#8412,#8413);
#7355=AXIS2_PLACEMENT_3D('',#10537,#8415,#8416);
#7356=AXIS2_PLACEMENT_3D('',#10541,#8418,#8419);
#7357=AXIS2_PLACEMENT_3D('',#10545,#8421,#8422);
#7358=AXIS2_PLACEMENT_3D('',#10549,#8424,#8425);
#7359=AXIS2_PLACEMENT_3D('',#10552,#8427,#8428);
#7360=AXIS2_PLACEMENT_3D('',#10553,#8429,#8430);
#7361=AXIS2_PLACEMENT_3D('',#10554,#8431,#8432);
#7362=AXIS2_PLACEMENT_3D('',#10555,#8433,#8434);
#7363=AXIS2_PLACEMENT_3D('',#10565,#8440,#8441);
#7364=AXIS2_PLACEMENT_3D('',#10569,#8444,#8445);
#7365=AXIS2_PLACEMENT_3D('',#10586,#8455,#8456);
#7366=AXIS2_PLACEMENT_3D('',#10590,#8459,#8460);
#7367=AXIS2_PLACEMENT_3D('',#10598,#8465,#8466);
#7368=AXIS2_PLACEMENT_3D('',#10600,#8468,#8469);
#7369=AXIS2_PLACEMENT_3D('',#10602,#8471,#8472);
#7370=AXIS2_PLACEMENT_3D('',#10612,#8478,#8479);
#7371=AXIS2_PLACEMENT_3D('',#10616,#8482,#8483);
#7372=AXIS2_PLACEMENT_3D('',#10633,#8493,#8494);
#7373=AXIS2_PLACEMENT_3D('',#10637,#8497,#8498);
#7374=AXIS2_PLACEMENT_3D('',#10645,#8503,#8504);
#7375=AXIS2_PLACEMENT_3D('',#10647,#8506,#8507);
#7376=AXIS2_PLACEMENT_3D('',#10649,#8509,#8510);
#7377=AXIS2_PLACEMENT_3D('',#10651,#8512,#8513);
#7378=AXIS2_PLACEMENT_3D('',#10653,#8515,#8516);
#7379=AXIS2_PLACEMENT_3D('',#10654,#8517,#8518);
#7380=AXIS2_PLACEMENT_3D('',#10656,#8520,#8521);
#7381=AXIS2_PLACEMENT_3D('',#10658,#8523,#8524);
#7382=AXIS2_PLACEMENT_3D('',#10659,#8525,#8526);
#7383=AXIS2_PLACEMENT_3D('',#10661,#8528,#8529);
#7384=AXIS2_PLACEMENT_3D('',#10663,#8531,#8532);
#7385=AXIS2_PLACEMENT_3D('',#10664,#8533,#8534);
#7386=AXIS2_PLACEMENT_3D('',#10666,#8536,#8537);
#7387=AXIS2_PLACEMENT_3D('',#10668,#8539,#8540);
#7388=AXIS2_PLACEMENT_3D('',#10669,#8541,#8542);
#7389=AXIS2_PLACEMENT_3D('',#10670,#8543,#8544);
#7390=AXIS2_PLACEMENT_3D('',#10671,#8545,#8546);
#7391=AXIS2_PLACEMENT_3D('',#10672,#8547,#8548);
#7392=AXIS2_PLACEMENT_3D('',#10674,#8549,#8550);
#7393=AXIS2_PLACEMENT_3D('',#10676,#8551,#8552);
#7394=AXIS2_PLACEMENT_3D('',#10677,#8553,#8554);
#7395=AXIS2_PLACEMENT_3D('',#10679,#8555,#8556);
#7396=AXIS2_PLACEMENT_3D('',#10681,#8558,#8559);
#7397=AXIS2_PLACEMENT_3D('',#10685,#8561,#8562);
#7398=AXIS2_PLACEMENT_3D('',#10687,#8564,#8565);
#7399=AXIS2_PLACEMENT_3D('',#10690,#8566,#8567);
#7400=AXIS2_PLACEMENT_3D('',#10693,#8570,#8571);
#7401=AXIS2_PLACEMENT_3D('',#10695,#8573,#8574);
#7402=AXIS2_PLACEMENT_3D('',#10712,#8583,#8584);
#7403=AXIS2_PLACEMENT_3D('',#10718,#8588,#8589);
#7404=AXIS2_PLACEMENT_3D('',#10722,#8592,#8593);
#7405=AXIS2_PLACEMENT_3D('',#10726,#8596,#8597);
#7406=AXIS2_PLACEMENT_3D('',#10728,#8599,#8600);
#7407=AXIS2_PLACEMENT_3D('',#10734,#8604,#8605);
#7408=AXIS2_PLACEMENT_3D('',#10738,#8608,#8609);
#7409=AXIS2_PLACEMENT_3D('',#10742,#8612,#8613);
#7410=AXIS2_PLACEMENT_3D('',#10744,#8615,#8616);
#7411=AXIS2_PLACEMENT_3D('',#10745,#8617,#8618);
#7412=AXIS2_PLACEMENT_3D('',#10746,#8619,#8620);
#7413=AXIS2_PLACEMENT_3D('',#10747,#8621,#8622);
#7414=AXIS2_PLACEMENT_3D('',#10748,#8623,#8624);
#7415=AXIS2_PLACEMENT_3D('',#10749,#8625,#8626);
#7416=AXIS2_PLACEMENT_3D('',#10751,#8627,#8628);
#7417=AXIS2_PLACEMENT_3D('',#10754,#8630,#8631);
#7418=AXIS2_PLACEMENT_3D('',#10783,#8632,#8633);
#7419=AXIS2_PLACEMENT_3D('',#10784,#8634,#8635);
#7420=AXIS2_PLACEMENT_3D('',#10785,#8636,#8637);
#7421=AXIS2_PLACEMENT_3D('',#10787,#8638,#8639);
#7422=AXIS2_PLACEMENT_3D('',#10788,#8640,#8641);
#7423=AXIS2_PLACEMENT_3D('',#10824,#8642,#8643);
#7424=AXIS2_PLACEMENT_3D('',#10827,#8645,#8646);
#7425=AXIS2_PLACEMENT_3D('',#10828,#8647,#8648);
#7426=AXIS2_PLACEMENT_3D('',#10830,#8649,#8650);
#7427=AXIS2_PLACEMENT_3D('',#10832,#8651,#8652);
#7428=AXIS2_PLACEMENT_3D('',#10833,#8653,#8654);
#7429=AXIS2_PLACEMENT_3D('',#10834,#8655,#8656);
#7430=AXIS2_PLACEMENT_3D('',#10836,#8657,#8658);
#7431=AXIS2_PLACEMENT_3D('',#10837,#8659,#8660);
#7432=AXIS2_PLACEMENT_3D('',#10840,#8662,#8663);
#7433=AXIS2_PLACEMENT_3D('',#10841,#8664,#8665);
#7434=AXIS2_PLACEMENT_3D('',#10844,#8667,#8668);
#7435=AXIS2_PLACEMENT_3D('',#10845,#8669,#8670);
#7436=AXIS2_PLACEMENT_3D('',#10874,#8671,#8672);
#7437=AXIS2_PLACEMENT_3D('',#10875,#8673,#8674);
#7438=AXIS2_PLACEMENT_3D('',#10876,#8675,#8676);
#7439=AXIS2_PLACEMENT_3D('',#10912,#8677,#8678);
#7440=AXIS2_PLACEMENT_3D('',#10915,#8679,#8680);
#7441=AXIS2_PLACEMENT_3D('',#10916,#8681,#8682);
#7442=AXIS2_PLACEMENT_3D('',#10917,#8683,#8684);
#7443=AXIS2_PLACEMENT_3D('',#10918,#8685,#8686);
#7444=AXIS2_PLACEMENT_3D('',#10920,#8687,#8688);
#7445=AXIS2_PLACEMENT_3D('',#10922,#8690,#8691);
#7446=AXIS2_PLACEMENT_3D('',#10923,#8692,#8693);
#7447=AXIS2_PLACEMENT_3D('',#10924,#8694,#8695);
#7448=AXIS2_PLACEMENT_3D('',#10925,#8696,#8697);
#7449=AXIS2_PLACEMENT_3D('',#10926,#8698,#8699);
#7450=AXIS2_PLACEMENT_3D('',#10949,#8711,#8712);
#7451=AXIS2_PLACEMENT_3D('',#10957,#8717,#8718);
#7452=AXIS2_PLACEMENT_3D('',#10965,#8723,#8724);
#7453=AXIS2_PLACEMENT_3D('',#10973,#8729,#8730);
#7454=AXIS2_PLACEMENT_3D('',#10978,#8733,#8734);
#7455=AXIS2_PLACEMENT_3D('',#10979,#8735,#8736);
#7456=AXIS2_PLACEMENT_3D('',#10985,#8740,#8741);
#7457=AXIS2_PLACEMENT_3D('',#11001,#8750,#8751);
#7458=AXIS2_PLACEMENT_3D('',#11006,#8754,#8755);
#7459=AXIS2_PLACEMENT_3D('',#11007,#8756,#8757);
#7460=AXIS2_PLACEMENT_3D('',#11013,#8761,#8762);
#7461=AXIS2_PLACEMENT_3D('',#11017,#8765,#8766);
#7462=AXIS2_PLACEMENT_3D('',#11021,#8769,#8770);
#7463=AXIS2_PLACEMENT_3D('',#11023,#8772,#8773);
#7464=AXIS2_PLACEMENT_3D('',#11031,#8778,#8779);
#7465=AXIS2_PLACEMENT_3D('',#11033,#8780,#8781);
#7466=AXIS2_PLACEMENT_3D('',#11035,#8782,#8783);
#7467=AXIS2_PLACEMENT_3D('',#11037,#8785,#8786);
#7468=AXIS2_PLACEMENT_3D('',#11041,#8789,#8790);
#7469=AXIS2_PLACEMENT_3D('',#11043,#8792,#8793);
#7470=AXIS2_PLACEMENT_3D('',#11046,#8795,#8796);
#7471=AXIS2_PLACEMENT_3D('',#11047,#8797,#8798);
#7472=AXIS2_PLACEMENT_3D('',#11053,#8802,#8803);
#7473=AXIS2_PLACEMENT_3D('',#11059,#8807,#8808);
#7474=AXIS2_PLACEMENT_3D('',#11062,#8809,#8810);
#7475=AXIS2_PLACEMENT_3D('',#11064,#8811,#8812);
#7476=AXIS2_PLACEMENT_3D('',#11081,#8813,#8814);
#7477=AXIS2_PLACEMENT_3D('',#11096,#8815,#8816);
#7478=AXIS2_PLACEMENT_3D('',#11097,#8817,#8818);
#7479=AXIS2_PLACEMENT_3D('',#11099,#8820,#8821);
#7480=AXIS2_PLACEMENT_3D('',#11105,#8825,#8826);
#7481=AXIS2_PLACEMENT_3D('',#11120,#8835,#8836);
#7482=AXIS2_PLACEMENT_3D('',#11123,#8839,#8840);
#7483=AXIS2_PLACEMENT_3D('',#11126,#8842,#8843);
#7484=AXIS2_PLACEMENT_3D('',#11127,#8844,#8845);
#7485=AXIS2_PLACEMENT_3D('',#11131,#8847,#8848);
#7486=AXIS2_PLACEMENT_3D('',#11134,#8850,#8851);
#7487=AXIS2_PLACEMENT_3D('',#11135,#8852,#8853);
#7488=AXIS2_PLACEMENT_3D('',#11141,#8856,#8857);
#7489=AXIS2_PLACEMENT_3D('',#11143,#8859,#8860);
#7490=AXIS2_PLACEMENT_3D('',#11147,#8862,#8863);
#7491=AXIS2_PLACEMENT_3D('',#11149,#8865,#8866);
#7492=AXIS2_PLACEMENT_3D('',#11151,#8868,#8869);
#7493=AXIS2_PLACEMENT_3D('',#11155,#8871,#8872);
#7494=AXIS2_PLACEMENT_3D('',#11156,#8873,#8874);
#7495=AXIS2_PLACEMENT_3D('',#11157,#8875,#8876);
#7496=AXIS2_PLACEMENT_3D('',#11159,#8877,#8878);
#7497=AXIS2_PLACEMENT_3D('',#11161,#8880,#8881);
#7498=AXIS2_PLACEMENT_3D('',#11163,#8882,#8883);
#7499=AXIS2_PLACEMENT_3D('',#11165,#8885,#8886);
#7500=AXIS2_PLACEMENT_3D('',#11167,#8888,#8889);
#7501=AXIS2_PLACEMENT_3D('',#11169,#8891,#8892);
#7502=AXIS2_PLACEMENT_3D('',#11177,#8896,#8897);
#7503=AXIS2_PLACEMENT_3D('',#11183,#8901,#8902);
#7504=AXIS2_PLACEMENT_3D('',#11184,#8903,#8904);
#7505=AXIS2_PLACEMENT_3D('',#11185,#8905,#8906);
#7506=AXIS2_PLACEMENT_3D('',#11186,#8907,#8908);
#7507=AXIS2_PLACEMENT_3D('',#11189,#8911,#8912);
#7508=AXIS2_PLACEMENT_3D('',#11197,#8917,#8918);
#7509=AXIS2_PLACEMENT_3D('',#11204,#8923,#8924);
#7510=AXIS2_PLACEMENT_3D('',#11206,#8926,#8927);
#7511=AXIS2_PLACEMENT_3D('',#11209,#8929,#8930);
#7512=AXIS2_PLACEMENT_3D('',#11210,#8931,#8932);
#7513=AXIS2_PLACEMENT_3D('',#11212,#8934,#8935);
#7514=AXIS2_PLACEMENT_3D('',#11214,#8937,#8938);
#7515=AXIS2_PLACEMENT_3D('',#11215,#8939,#8940);
#7516=AXIS2_PLACEMENT_3D('',#11223,#8945,#8946);
#7517=AXIS2_PLACEMENT_3D('',#11225,#8948,#8949);
#7518=AXIS2_PLACEMENT_3D('',#11232,#8954,#8955);
#7519=AXIS2_PLACEMENT_3D('',#11233,#8956,#8957);
#7520=AXIS2_PLACEMENT_3D('',#11234,#8958,#8959);
#7521=AXIS2_PLACEMENT_3D('',#11236,#8960,#8961);
#7522=AXIS2_PLACEMENT_3D('',#11237,#8962,#8963);
#7523=AXIS2_PLACEMENT_3D('',#11238,#8964,#8965);
#7524=AXIS2_PLACEMENT_3D('',#11239,#8966,#8967);
#7525=AXIS2_PLACEMENT_3D('',#11241,#8968,#8969);
#7526=AXIS2_PLACEMENT_3D('',#11242,#8970,#8971);
#7527=AXIS2_PLACEMENT_3D('',#11248,#8975,#8976);
#7528=AXIS2_PLACEMENT_3D('',#11252,#8979,#8980);
#7529=AXIS2_PLACEMENT_3D('',#11256,#8983,#8984);
#7530=AXIS2_PLACEMENT_3D('',#11258,#8986,#8987);
#7531=AXIS2_PLACEMENT_3D('',#11262,#8990,#8991);
#7532=AXIS2_PLACEMENT_3D('',#11268,#8995,#8996);
#7533=AXIS2_PLACEMENT_3D('',#11273,#9000,#9001);
#7534=AXIS2_PLACEMENT_3D('',#11276,#9003,#9004);
#7535=AXIS2_PLACEMENT_3D('',#11277,#9005,#9006);
#7536=AXIS2_PLACEMENT_3D('',#11282,#9010,#9011);
#7537=AXIS2_PLACEMENT_3D('',#11288,#9015,#9016);
#7538=AXIS2_PLACEMENT_3D('',#11291,#9018,#9019);
#7539=AXIS2_PLACEMENT_3D('',#11295,#9022,#9023);
#7540=AXIS2_PLACEMENT_3D('',#11299,#9026,#9027);
#7541=AXIS2_PLACEMENT_3D('',#11302,#9030,#9031);
#7542=AXIS2_PLACEMENT_3D('',#11303,#9032,#9033);
#7543=AXIS2_PLACEMENT_3D('',#11304,#9034,#9035);
#7544=AXIS2_PLACEMENT_3D('',#11307,#9037,#9038);
#7545=AXIS2_PLACEMENT_3D('',#11308,#9039,#9040);
#7546=AXIS2_PLACEMENT_3D('',#11310,#9042,#9043);
#7547=AXIS2_PLACEMENT_3D('',#11312,#9045,#9046);
#7548=AXIS2_PLACEMENT_3D('',#11316,#9049,#9050);
#7549=AXIS2_PLACEMENT_3D('',#11318,#9052,#9053);
#7550=AXIS2_PLACEMENT_3D('',#11320,#9055,#9056);
#7551=AXIS2_PLACEMENT_3D('',#11322,#9057,#9058);
#7552=AXIS2_PLACEMENT_3D('',#11324,#9059,#9060);
#7553=AXIS2_PLACEMENT_3D('',#11326,#9062,#9063);
#7554=AXIS2_PLACEMENT_3D('',#11328,#9064,#9065);
#7555=AXIS2_PLACEMENT_3D('',#11330,#9067,#9068);
#7556=AXIS2_PLACEMENT_3D('',#11333,#9070,#9071);
#7557=AXIS2_PLACEMENT_3D('',#11334,#9072,#9073);
#7558=AXIS2_PLACEMENT_3D('',#11336,#9075,#9076);
#7559=AXIS2_PLACEMENT_3D('',#11337,#9077,#9078);
#7560=AXIS2_PLACEMENT_3D('',#11339,#9080,#9081);
#7561=AXIS2_PLACEMENT_3D('',#11345,#9085,#9086);
#7562=AXIS2_PLACEMENT_3D('',#11349,#9088,#9089);
#7563=AXIS2_PLACEMENT_3D('',#11350,#9090,#9091);
#7564=AXIS2_PLACEMENT_3D('',#11351,#9092,#9093);
#7565=AXIS2_PLACEMENT_3D('',#11353,#9094,#9095);
#7566=AXIS2_PLACEMENT_3D('',#11355,#9097,#9098);
#7567=AXIS2_PLACEMENT_3D('',#11357,#9099,#9100);
#7568=AXIS2_PLACEMENT_3D('',#11358,#9101,#9102);
#7569=AXIS2_PLACEMENT_3D('',#11360,#9103,#9104);
#7570=AXIS2_PLACEMENT_3D('',#11362,#9106,#9107);
#7571=AXIS2_PLACEMENT_3D('',#11368,#9110,#9111);
#7572=AXIS2_PLACEMENT_3D('',#11371,#9113,#9114);
#7573=AXIS2_PLACEMENT_3D('',#11372,#9115,#9116);
#7574=AXIS2_PLACEMENT_3D('',#11376,#9119,#9120);
#7575=AXIS2_PLACEMENT_3D('',#11380,#9122,#9123);
#7576=AXIS2_PLACEMENT_3D('',#11383,#9125,#9126);
#7577=AXIS2_PLACEMENT_3D('',#11384,#9127,#9128);
#7578=AXIS2_PLACEMENT_3D('',#11386,#9130,#9131);
#7579=AXIS2_PLACEMENT_3D('',#11387,#9132,#9133);
#7580=AXIS2_PLACEMENT_3D('',#11389,#9135,#9136);
#7581=AXIS2_PLACEMENT_3D('',#11395,#9140,#9141);
#7582=AXIS2_PLACEMENT_3D('',#11399,#9144,#9145);
#7583=AXIS2_PLACEMENT_3D('',#11403,#9148,#9149);
#7584=AXIS2_PLACEMENT_3D('',#11405,#9151,#9152);
#7585=AXIS2_PLACEMENT_3D('',#11407,#9154,#9155);
#7586=AXIS2_PLACEMENT_3D('',#11408,#9156,#9157);
#7587=AXIS2_PLACEMENT_3D('',#11410,#9159,#9160);
#7588=AXIS2_PLACEMENT_3D('',#11412,#9161,#9162);
#7589=AXIS2_PLACEMENT_3D('',#11414,#9163,#9164);
#7590=AXIS2_PLACEMENT_3D('',#11416,#9166,#9167);
#7591=AXIS2_PLACEMENT_3D('',#11418,#9168,#9169);
#7592=AXIS2_PLACEMENT_3D('',#11420,#9171,#9172);
#7593=AXIS2_PLACEMENT_3D('',#11422,#9173,#9174);
#7594=AXIS2_PLACEMENT_3D('',#11424,#9176,#9177);
#7595=AXIS2_PLACEMENT_3D('',#11426,#9179,#9180);
#7596=AXIS2_PLACEMENT_3D('',#11432,#9183,#9184);
#7597=AXIS2_PLACEMENT_3D('',#11435,#9186,#9187);
#7598=AXIS2_PLACEMENT_3D('',#11436,#9188,#9189);
#7599=AXIS2_PLACEMENT_3D('',#11440,#9192,#9193);
#7600=AXIS2_PLACEMENT_3D('',#11444,#9196,#9197);
#7601=AXIS2_PLACEMENT_3D('',#11446,#9198,#9199);
#7602=AXIS2_PLACEMENT_3D('',#11449,#9201,#9202);
#7603=AXIS2_PLACEMENT_3D('',#11450,#9203,#9204);
#7604=AXIS2_PLACEMENT_3D('',#11452,#9206,#9207);
#7605=AXIS2_PLACEMENT_3D('',#11454,#9209,#9210);
#7606=AXIS2_PLACEMENT_3D('',#11455,#9211,#9212);
#7607=AXIS2_PLACEMENT_3D('',#11456,#9213,#9214);
#7608=AXIS2_PLACEMENT_3D('',#11457,#9215,#9216);
#7609=AXIS2_PLACEMENT_3D('',#11458,#9217,#9218);
#7610=AXIS2_PLACEMENT_3D('',#11467,#9223,#9224);
#7611=AXIS2_PLACEMENT_3D('',#11468,#9225,#9226);
#7612=AXIS2_PLACEMENT_3D('',#11469,#9227,#9228);
#7613=AXIS2_PLACEMENT_3D('',#11470,#9229,#9230);
#7614=AXIS2_PLACEMENT_3D('',#11495,#9243,#9244);
#7615=AXIS2_PLACEMENT_3D('',#11496,#9245,#9246);
#7616=AXIS2_PLACEMENT_3D('',#11502,#9250,#9251);
#7617=AXIS2_PLACEMENT_3D('',#11506,#9254,#9255);
#7618=AXIS2_PLACEMENT_3D('',#11510,#9258,#9259);
#7619=AXIS2_PLACEMENT_3D('',#11512,#9261,#9262);
#7620=AXIS2_PLACEMENT_3D('',#11518,#9266,#9267);
#7621=AXIS2_PLACEMENT_3D('',#11522,#9270,#9271);
#7622=AXIS2_PLACEMENT_3D('',#11526,#9274,#9275);
#7623=AXIS2_PLACEMENT_3D('',#11528,#9277,#9278);
#7624=AXIS2_PLACEMENT_3D('',#11534,#9282,#9283);
#7625=AXIS2_PLACEMENT_3D('',#11538,#9286,#9287);
#7626=AXIS2_PLACEMENT_3D('',#11542,#9290,#9291);
#7627=AXIS2_PLACEMENT_3D('',#11544,#9293,#9294);
#7628=AXIS2_PLACEMENT_3D('',#11545,#9295,#9296);
#7629=AXIS2_PLACEMENT_3D('',#11546,#9297,#9298);
#7630=AXIS2_PLACEMENT_3D('',#11547,#9299,#9300);
#7631=AXIS2_PLACEMENT_3D('',#11548,#9301,#9302);
#7632=AXIS2_PLACEMENT_3D('',#11549,#9303,#9304);
#7633=AXIS2_PLACEMENT_3D('',#11550,#9305,#9306);
#7634=AXIS2_PLACEMENT_3D('',#11552,#9307,#9308);
#7635=AXIS2_PLACEMENT_3D('',#11555,#9310,#9311);
#7636=AXIS2_PLACEMENT_3D('',#11556,#9312,#9313);
#7637=AXIS2_PLACEMENT_3D('',#11558,#9314,#9315);
#7638=AXIS2_PLACEMENT_3D('',#11561,#9317,#9318);
#7639=AXIS2_PLACEMENT_3D('',#11562,#9319,#9320);
#7640=AXIS2_PLACEMENT_3D('',#11564,#9321,#9322);
#7641=AXIS2_PLACEMENT_3D('',#11567,#9324,#9325);
#7642=AXIS2_PLACEMENT_3D('',#11568,#9326,#9327);
#7643=AXIS2_PLACEMENT_3D('',#11570,#9328,#9329);
#7644=AXIS2_PLACEMENT_3D('',#11573,#9331,#9332);
#7645=AXIS2_PLACEMENT_3D('',#11574,#9333,#9334);
#7646=AXIS2_PLACEMENT_3D('',#11577,#9335,#9336);
#7647=AXIS2_PLACEMENT_3D('',#11579,#9337,#9338);
#7648=AXIS2_PLACEMENT_3D('',#11581,#9339,#9340);
#7649=AXIS2_PLACEMENT_3D('',#11583,#9341,#9342);
#7650=AXIS2_PLACEMENT_3D('',#11585,#9343,#9344);
#7651=AXIS2_PLACEMENT_3D('',#11587,#9345,#9346);
#7652=AXIS2_PLACEMENT_3D('',#11588,#9347,#9348);
#7653=AXIS2_PLACEMENT_3D('',#11590,#9349,#9350);
#7654=AXIS2_PLACEMENT_3D('',#11591,#9351,#9352);
#7655=AXIS2_PLACEMENT_3D('',#11592,#9353,#9354);
#7656=AXIS2_PLACEMENT_3D('',#11594,#9355,#9356);
#7657=AXIS2_PLACEMENT_3D('',#11597,#9358,#9359);
#7658=AXIS2_PLACEMENT_3D('',#11598,#9360,#9361);
#7659=AXIS2_PLACEMENT_3D('',#11600,#9362,#9363);
#7660=AXIS2_PLACEMENT_3D('',#11603,#9365,#9366);
#7661=AXIS2_PLACEMENT_3D('',#11604,#9367,#9368);
#7662=AXIS2_PLACEMENT_3D('',#11607,#9369,#9370);
#7663=AXIS2_PLACEMENT_3D('',#11611,#9372,#9373);
#7664=AXIS2_PLACEMENT_3D('',#11615,#9375,#9376);
#7665=AXIS2_PLACEMENT_3D('',#11619,#9378,#9379);
#7666=AXIS2_PLACEMENT_3D('',#11623,#9381,#9382);
#7667=AXIS2_PLACEMENT_3D('',#11627,#9384,#9385);
#7668=AXIS2_PLACEMENT_3D('',#11630,#9387,#9388);
#7669=AXIS2_PLACEMENT_3D('',#11634,#9390,#9391);
#7670=AXIS2_PLACEMENT_3D('',#11635,#9392,#9393);
#7671=AXIS2_PLACEMENT_3D('',#11636,#9394,#9395);
#7672=AXIS2_PLACEMENT_3D('',#11638,#9396,#9397);
#7673=AXIS2_PLACEMENT_3D('',#11639,#9398,#9399);
#7674=AXIS2_PLACEMENT_3D('',#11640,#9400,#9401);
#7675=AXIS2_PLACEMENT_3D('',#11641,#9402,#9403);
#7676=AXIS2_PLACEMENT_3D('',#11646,#9407,#9408);
#7677=AXIS2_PLACEMENT_3D('',#11649,#9410,#9411);
#7678=AXIS2_PLACEMENT_3D('',#11650,#9412,#9413);
#7679=AXIS2_PLACEMENT_3D('',#11653,#9416,#9417);
#7680=AXIS2_PLACEMENT_3D('',#11654,#9418,#9419);
#7681=AXIS2_PLACEMENT_3D('',#11659,#9423,#9424);
#7682=AXIS2_PLACEMENT_3D('',#11662,#9426,#9427);
#7683=AXIS2_PLACEMENT_3D('',#11663,#9428,#9429);
#7684=AXIS2_PLACEMENT_3D('',#11666,#9432,#9433);
#7685=AXIS2_PLACEMENT_3D('',#11667,#9434,#9435);
#7686=AXIS2_PLACEMENT_3D('',#11672,#9438,#9439);
#7687=AXIS2_PLACEMENT_3D('',#11673,#9440,#9441);
#7688=AXIS2_PLACEMENT_3D('',#11676,#9444,#9445);
#7689=AXIS2_PLACEMENT_3D('',#11679,#9448,#9449);
#7690=AXIS2_PLACEMENT_3D('',#11680,#9450,#9451);
#7691=AXIS2_PLACEMENT_3D('',#11681,#9452,#9453);
#7692=AXIS2_PLACEMENT_3D('',#11682,#9454,#9455);
#7693=AXIS2_PLACEMENT_3D('',#11683,#9456,#9457);
#7694=AXIS2_PLACEMENT_3D('',#11684,#9458,#9459);
#7695=AXIS2_PLACEMENT_3D('',#11685,#9460,#9461);
#7696=AXIS2_PLACEMENT_3D('',#11686,#9462,#9463);
#7697=AXIS2_PLACEMENT_3D('',#11687,#9464,#9465);
#7698=AXIS2_PLACEMENT_3D('',#11696,#9470,#9471);
#7699=AXIS2_PLACEMENT_3D('',#11702,#9475,#9476);
#7700=AXIS2_PLACEMENT_3D('',#11708,#9480,#9481);
#7701=AXIS2_PLACEMENT_3D('',#11711,#9484,#9485);
#7702=AXIS2_PLACEMENT_3D('',#11712,#9486,#9487);
#7703=AXIS2_PLACEMENT_3D('',#11721,#9492,#9493);
#7704=AXIS2_PLACEMENT_3D('',#11727,#9497,#9498);
#7705=AXIS2_PLACEMENT_3D('',#11733,#9502,#9503);
#7706=AXIS2_PLACEMENT_3D('',#11739,#9507,#9508);
#7707=AXIS2_PLACEMENT_3D('',#11745,#9512,#9513);
#7708=AXIS2_PLACEMENT_3D('',#11751,#9517,#9518);
#7709=AXIS2_PLACEMENT_3D('',#11757,#9522,#9523);
#7710=AXIS2_PLACEMENT_3D('',#11763,#9527,#9528);
#7711=AXIS2_PLACEMENT_3D('',#11769,#9532,#9533);
#7712=AXIS2_PLACEMENT_3D('',#11775,#9537,#9538);
#7713=AXIS2_PLACEMENT_3D('',#11781,#9542,#9543);
#7714=AXIS2_PLACEMENT_3D('',#11784,#9546,#9547);
#7715=AXIS2_PLACEMENT_3D('',#11785,#9548,#9549);
#7716=AXIS2_PLACEMENT_3D('',#11786,#9550,#9551);
#7717=AXIS2_PLACEMENT_3D('',#11787,#9552,#9553);
#7718=AXIS2_PLACEMENT_3D('',#11788,#9554,#9555);
#7719=AXIS2_PLACEMENT_3D('',#11789,#9556,#9557);
#7720=AXIS2_PLACEMENT_3D('',#11794,#9559,#9560);
#7721=AXIS2_PLACEMENT_3D('',#11797,#9562,#9563);
#7722=AXIS2_PLACEMENT_3D('',#11798,#9564,#9565);
#7723=AXIS2_PLACEMENT_3D('',#11804,#9569,#9570);
#7724=AXIS2_PLACEMENT_3D('',#11810,#9574,#9575);
#7725=AXIS2_PLACEMENT_3D('',#11812,#9576,#9577);
#7726=AXIS2_PLACEMENT_3D('',#11816,#9579,#9580);
#7727=AXIS2_PLACEMENT_3D('',#11819,#9582,#9583);
#7728=AXIS2_PLACEMENT_3D('',#11821,#9584,#9585);
#7729=AXIS2_PLACEMENT_3D('',#11823,#9586,#9587);
#7730=AXIS2_PLACEMENT_3D('',#11826,#9588,#9589);
#7731=AXIS2_PLACEMENT_3D('',#11830,#9591,#9592);
#7732=AXIS2_PLACEMENT_3D('',#11834,#9594,#9595);
#7733=AXIS2_PLACEMENT_3D('',#11838,#9597,#9598);
#7734=AXIS2_PLACEMENT_3D('',#11841,#9600,#9601);
#7735=AXIS2_PLACEMENT_3D('',#11843,#9602,#9603);
#7736=AXIS2_PLACEMENT_3D('',#11845,#9604,#9605);
#7737=AXIS2_PLACEMENT_3D('',#11847,#9606,#9607);
#7738=AXIS2_PLACEMENT_3D('',#11849,#9608,#9609);
#7739=AXIS2_PLACEMENT_3D('',#11851,#9610,#9611);
#7740=AXIS2_PLACEMENT_3D('',#11853,#9612,#9613);
#7741=AXIS2_PLACEMENT_3D('',#11855,#9614,#9615);
#7742=AXIS2_PLACEMENT_3D('',#11857,#9616,#9617);
#7743=AXIS2_PLACEMENT_3D('',#11859,#9618,#9619);
#7744=AXIS2_PLACEMENT_3D('',#11861,#9620,#9621);
#7745=AXIS2_PLACEMENT_3D('',#11863,#9622,#9623);
#7746=AXIS2_PLACEMENT_3D('',#11865,#9624,#9625);
#7747=AXIS2_PLACEMENT_3D('',#11867,#9626,#9627);
#7748=AXIS2_PLACEMENT_3D('',#11869,#9628,#9629);
#7749=AXIS2_PLACEMENT_3D('',#11870,#9630,#9631);
#7750=AXIS2_PLACEMENT_3D('',#11872,#9632,#9633);
#7751=AXIS2_PLACEMENT_3D('',#11876,#9635,#9636);
#7752=AXIS2_PLACEMENT_3D('',#11879,#9638,#9639);
#7753=AXIS2_PLACEMENT_3D('',#11881,#9640,#9641);
#7754=AXIS2_PLACEMENT_3D('',#11883,#9642,#9643);
#7755=AXIS2_PLACEMENT_3D('',#11886,#9644,#9645);
#7756=AXIS2_PLACEMENT_3D('',#11890,#9647,#9648);
#7757=AXIS2_PLACEMENT_3D('',#11894,#9650,#9651);
#7758=AXIS2_PLACEMENT_3D('',#11898,#9653,#9654);
#7759=AXIS2_PLACEMENT_3D('',#11901,#9656,#9657);
#7760=AXIS2_PLACEMENT_3D('',#11903,#9658,#9659);
#7761=AXIS2_PLACEMENT_3D('',#11905,#9660,#9661);
#7762=AXIS2_PLACEMENT_3D('',#11907,#9662,#9663);
#7763=AXIS2_PLACEMENT_3D('',#11909,#9664,#9665);
#7764=AXIS2_PLACEMENT_3D('',#11911,#9666,#9667);
#7765=AXIS2_PLACEMENT_3D('',#11913,#9668,#9669);
#7766=AXIS2_PLACEMENT_3D('',#11915,#9670,#9671);
#7767=AXIS2_PLACEMENT_3D('',#11917,#9672,#9673);
#7768=AXIS2_PLACEMENT_3D('',#11919,#9674,#9675);
#7769=AXIS2_PLACEMENT_3D('',#11921,#9676,#9677);
#7770=AXIS2_PLACEMENT_3D('',#11923,#9678,#9679);
#7771=AXIS2_PLACEMENT_3D('',#11925,#9680,#9681);
#7772=AXIS2_PLACEMENT_3D('',#11927,#9682,#9683);
#7773=AXIS2_PLACEMENT_3D('',#11929,#9684,#9685);
#7774=AXIS2_PLACEMENT_3D('',#11930,#9686,#9687);
#7775=AXIS2_PLACEMENT_3D('',#11932,#9689,#9690);
#7776=AXIS2_PLACEMENT_3D('',#11934,#9692,#9693);
#7777=AXIS2_PLACEMENT_3D('',#11936,#9695,#9696);
#7778=AXIS2_PLACEMENT_3D('',#11938,#9698,#9699);
#7779=AXIS2_PLACEMENT_3D('',#11939,#9700,#9701);
#7780=AXIS2_PLACEMENT_3D('',#11941,#9703,#9704);
#7781=AXIS2_PLACEMENT_3D('',#11943,#9706,#9707);
#7782=AXIS2_PLACEMENT_3D('',#11946,#9710,#9711);
#7783=AXIS2_PLACEMENT_3D('',#11948,#9713,#9714);
#7784=AXIS2_PLACEMENT_3D('',#11950,#9716,#9717);
#7785=AXIS2_PLACEMENT_3D('',#11951,#9718,#9719);
#7786=AXIS2_PLACEMENT_3D('',#11954,#9722,#9723);
#7787=AXIS2_PLACEMENT_3D('',#11956,#9725,#9726);
#7788=AXIS2_PLACEMENT_3D('',#11958,#9728,#9729);
#7789=AXIS2_PLACEMENT_3D('',#11959,#9730,#9731);
#7790=AXIS2_PLACEMENT_3D('',#11961,#9733,#9734);
#7791=AXIS2_PLACEMENT_3D('',#11963,#9736,#9737);
#7792=AXIS2_PLACEMENT_3D('',#11965,#9739,#9740);
#7793=AXIS2_PLACEMENT_3D('',#11967,#9742,#9743);
#7794=AXIS2_PLACEMENT_3D('',#11969,#9745,#9746);
#7795=AXIS2_PLACEMENT_3D('',#11971,#9748,#9749);
#7796=AXIS2_PLACEMENT_3D('',#11973,#9751,#9752);
#7797=AXIS2_PLACEMENT_3D('',#11975,#9754,#9755);
#7798=AXIS2_PLACEMENT_3D('',#11977,#9757,#9758);
#7799=AXIS2_PLACEMENT_3D('',#11979,#9760,#9761);
#7800=AXIS2_PLACEMENT_3D('',#11981,#9763,#9764);
#7801=AXIS2_PLACEMENT_3D('',#11983,#9766,#9767);
#7802=AXIS2_PLACEMENT_3D('',#11985,#9769,#9770);
#7803=AXIS2_PLACEMENT_3D('',#11987,#9772,#9773);
#7804=AXIS2_PLACEMENT_3D('',#11989,#9775,#9776);
#7805=AXIS2_PLACEMENT_3D('',#11990,#9777,#9778);
#7806=AXIS2_PLACEMENT_3D('',#11991,#9779,#9780);
#7807=AXIS2_PLACEMENT_3D('',#11992,#9781,#9782);
#7808=AXIS2_PLACEMENT_3D('',#11993,#9783,#9784);
#7809=AXIS2_PLACEMENT_3D('',#11994,#9785,#9786);
#7810=AXIS2_PLACEMENT_3D('',#11995,#9787,#9788);
#7811=AXIS2_PLACEMENT_3D('',#11996,#9789,#9790);
#7812=AXIS2_PLACEMENT_3D('',#11997,#9791,#9792);
#7813=DIRECTION('axis',(0.,0.,1.));
#7814=DIRECTION('refdir',(1.,0.,0.));
#7815=DIRECTION('axis',(0.,0.,1.));
#7816=DIRECTION('refdir',(1.,0.,0.));
#7817=DIRECTION('axis',(0.,0.,1.));
#7818=DIRECTION('refdir',(1.,0.,0.));
#7819=DIRECTION('center_axis',(0.,0.,-1.));
#7820=DIRECTION('ref_axis',(-1.144237745222E-17,-1.,0.));
#7821=DIRECTION('center_axis',(0.,0.,1.));
#7822=DIRECTION('ref_axis',(1.144237745222E-17,1.,0.));
#7823=DIRECTION('center_axis',(0.,0.,-1.));
#7824=DIRECTION('ref_axis',(1.144237745222E-17,1.,0.));
#7825=DIRECTION('',(0.,0.,1.));
#7826=DIRECTION('center_axis',(0.,0.,1.));
#7827=DIRECTION('ref_axis',(1.144237745222E-17,1.,0.));
#7828=DIRECTION('center_axis',(0.,0.,1.));
#7829=DIRECTION('ref_axis',(1.144237745222E-17,1.,0.));
#7830=DIRECTION('center_axis',(1.56718176197478E-15,1.,-8.16281685799257E-18));
#7831=DIRECTION('ref_axis',(0.,8.1628168579926E-18,1.));
#7832=DIRECTION('center_axis',(-0.50000000000019,5.72118872611417E-18,0.866025403784329));
#7833=DIRECTION('ref_axis',(1.1442377452221E-17,1.,-1.731796205993E-30));
#7834=DIRECTION('center_axis',(-0.7938622684626,0.476443864062827,0.377867626435895));
#7835=DIRECTION('ref_axis',(-0.180600099344157,-0.778081898335576,0.601641224983285));
#7836=DIRECTION('center_axis',(1.56718176197478E-15,1.,-8.16281685799257E-18));
#7837=DIRECTION('ref_axis',(1.91924412848451E-31,8.16281685799257E-18,1.));
#7838=DIRECTION('center_axis',(-0.793827240041734,-0.47646455648914,0.377915121922012));
#7839=DIRECTION('ref_axis',(0.180544620379336,-0.778049158541714,-0.601700213515512));
#7840=DIRECTION('center_axis',(0.50000000000019,-5.72118872611417E-18,-0.866025403784329));
#7841=DIRECTION('ref_axis',(0.866025403784329,-1.7003484442217E-13,0.50000000000019));
#7842=DIRECTION('center_axis',(0.,-1.,0.));
#7843=DIRECTION('ref_axis',(-1.,0.,0.));
#7844=DIRECTION('center_axis',(0.,-1.,0.));
#7845=DIRECTION('ref_axis',(-1.,0.,0.));
#7846=DIRECTION('center_axis',(-1.53664086453309E-16,0.,1.));
#7847=DIRECTION('ref_axis',(1.,0.,1.53664086453309E-16));
#7848=DIRECTION('center_axis',(0.,-1.,0.));
#7849=DIRECTION('ref_axis',(-1.,0.,0.));
#7850=DIRECTION('center_axis',(0.793827240041831,0.476464556489076,0.37791512192189));
#7851=DIRECTION('ref_axis',(0.180544620288751,-0.778049158477844,0.601700213625282));
#7852=DIRECTION('center_axis',(0.,-1.,0.));
#7853=DIRECTION('ref_axis',(-1.,0.,0.));
#7854=DIRECTION('center_axis',(0.,-1.,0.));
#7855=DIRECTION('ref_axis',(-1.,0.,0.));
#7856=DIRECTION('center_axis',(0.793862268681829,-0.476443863933312,0.37786762613862));
#7857=DIRECTION('ref_axis',(-0.180600108171622,-0.778081904519242,-0.601641214336342));
#7858=DIRECTION('center_axis',(-1.53664086453309E-16,0.,1.));
#7859=DIRECTION('ref_axis',(1.,0.,1.53664086453309E-16));
#7860=DIRECTION('center_axis',(-5.62282407481206E-16,-1.,-9.8698904636935E-18));
#7861=DIRECTION('ref_axis',(0.,9.86989046369348E-18,-1.));
#7862=DIRECTION('center_axis',(0.50000000000019,5.55111512313011E-17,0.866025403784329));
#7863=DIRECTION('ref_axis',(1.11022302462511E-16,-1.,2.81401476034308E-29));
#7864=DIRECTION('center_axis',(-5.62282407481206E-16,-1.,-9.8698904636935E-18));
#7865=DIRECTION('ref_axis',(-6.88597350538726E-32,9.8698904636935E-18,-1.));
#7866=DIRECTION('center_axis',(0.,0.,1.));
#7867=DIRECTION('ref_axis',(1.110223024625E-16,-1.,0.));
#7868=DIRECTION('center_axis',(0.,0.,1.));
#7869=DIRECTION('ref_axis',(1.110223024625E-16,-1.,0.));
#7870=DIRECTION('center_axis',(-0.50000000000019,-5.55111512313011E-17,
-0.866025403784329));
#7871=DIRECTION('ref_axis',(-0.866025403784329,1.48168415615644E-13,0.50000000000019));
#7872=DIRECTION('center_axis',(0.,0.,-1.));
#7873=DIRECTION('ref_axis',(1.110223024625E-16,-1.,0.));
#7874=DIRECTION('center_axis',(0.,0.,1.));
#7875=DIRECTION('ref_axis',(1.110223024625E-16,-1.,0.));
#7876=DIRECTION('',(0.,0.,1.));
#7877=DIRECTION('center_axis',(0.,0.,-1.));
#7878=DIRECTION('ref_axis',(-1.110223024625E-16,1.,0.));
#7879=DIRECTION('',(0.,0.,1.));
#7880=DIRECTION('',(1.,0.,0.));
#7881=DIRECTION('axis',(0.,0.,1.));
#7882=DIRECTION('refdir',(1.,0.,0.));
#7883=DIRECTION('axis',(0.,0.,1.));
#7884=DIRECTION('refdir',(1.,0.,0.));
#7885=DIRECTION('center_axis',(0.,0.,1.));
#7886=DIRECTION('ref_axis',(0.,1.,0.));
#7887=DIRECTION('',(0.,1.,0.));
#7888=DIRECTION('',(1.,0.,0.));
#7889=DIRECTION('',(0.,1.,0.));
#7890=DIRECTION('',(-1.,0.,0.));
#7891=DIRECTION('',(0.,1.,0.));
#7892=DIRECTION('center_axis',(0.,0.,1.));
#7893=DIRECTION('ref_axis',(0.,-1.,0.));
#7894=DIRECTION('',(1.,0.,0.));
#7895=DIRECTION('center_axis',(0.,0.,-1.));
#7896=DIRECTION('ref_axis',(0.,1.,0.));
#7897=DIRECTION('',(0.,1.,0.));
#7898=DIRECTION('',(-1.,0.,0.));
#7899=DIRECTION('',(0.,1.,0.));
#7900=DIRECTION('center_axis',(0.,0.,1.));
#7901=DIRECTION('ref_axis',(0.,-1.,0.));
#7902=DIRECTION('',(1.,0.,0.));
#7903=DIRECTION('center_axis',(0.,0.,-1.));
#7904=DIRECTION('ref_axis',(0.,1.,0.));
#7905=DIRECTION('',(0.,1.,0.));
#7906=DIRECTION('',(-1.,0.,0.));
#7907=DIRECTION('center_axis',(1.,0.,0.));
#7908=DIRECTION('ref_axis',(0.,0.,1.));
#7909=DIRECTION('center_axis',(-1.,0.,0.));
#7910=DIRECTION('ref_axis',(0.,0.,1.));
#7911=DIRECTION('',(0.,0.,-1.));
#7912=DIRECTION('center_axis',(1.,0.,0.));
#7913=DIRECTION('ref_axis',(0.,0.,1.));
#7914=DIRECTION('',(0.,1.,-9.934881652127E-16));
#7915=DIRECTION('',(0.,-0.122330097415957,-0.992489469599654));
#7916=DIRECTION('',(0.,-1.,0.));
#7917=DIRECTION('',(0.,0.,1.));
#7918=DIRECTION('',(0.,1.,0.));
#7919=DIRECTION('',(0.,0.,1.));
#7920=DIRECTION('',(0.,-1.,0.));
#7921=DIRECTION('',(0.,0.,1.));
#7922=DIRECTION('',(0.,1.,0.));
#7923=DIRECTION('',(0.,0.,1.));
#7924=DIRECTION('',(0.,-1.,0.));
#7925=DIRECTION('',(0.,0.121707498876976,-0.992566010256804));
#7926=DIRECTION('',(0.,0.,1.));
#7927=DIRECTION('',(0.,0.,-1.));
#7928=DIRECTION('',(0.,1.,0.));
#7929=DIRECTION('center_axis',(0.,1.,0.));
#7930=DIRECTION('ref_axis',(0.,0.,-1.));
#7931=DIRECTION('',(0.,0.,-1.));
#7932=DIRECTION('',(-1.,0.,0.));
#7933=DIRECTION('',(0.,0.,1.));
#7934=DIRECTION('',(1.,0.,0.));
#7935=DIRECTION('center_axis',(-1.,0.,0.));
#7936=DIRECTION('ref_axis',(0.,0.,-1.));
#7937=DIRECTION('',(0.,1.,0.));
#7938=DIRECTION('',(0.,0.,-1.));
#7939=DIRECTION('',(0.,1.,0.));
#7940=DIRECTION('center_axis',(0.,0.,-1.));
#7941=DIRECTION('ref_axis',(-1.,0.,0.));
#7942=DIRECTION('center_axis',(0.,0.,-1.));
#7943=DIRECTION('ref_axis',(0.,1.,0.));
#7944=DIRECTION('',(0.,0.,-1.));
#7945=DIRECTION('center_axis',(0.,-1.,0.));
#7946=DIRECTION('ref_axis',(0.,0.,-1.));
#7947=DIRECTION('',(0.,0.,1.));
#7948=DIRECTION('',(-1.,0.,0.));
#7949=DIRECTION('center_axis',(0.,0.,1.));
#7950=DIRECTION('ref_axis',(1.,0.,0.));
#7951=DIRECTION('',(0.,0.,1.));
#7952=DIRECTION('center_axis',(0.,0.,1.));
#7953=DIRECTION('ref_axis',(0.,-1.,0.));
#7954=DIRECTION('center_axis',(1.,0.,0.));
#7955=DIRECTION('ref_axis',(0.,0.,1.));
#7956=DIRECTION('',(0.,0.,1.));
#7957=DIRECTION('',(0.,1.,0.));
#7958=DIRECTION('',(0.,1.,0.));
#7959=DIRECTION('center_axis',(0.,1.,0.));
#7960=DIRECTION('ref_axis',(0.,0.,-1.));
#7961=DIRECTION('',(-1.,0.,0.));
#7962=DIRECTION('',(0.,0.,1.));
#7963=DIRECTION('',(1.,0.,0.));
#7964=DIRECTION('',(0.,0.,-1.));
#7965=DIRECTION('',(-1.,0.,0.));
#7966=DIRECTION('',(0.,0.,-1.));
#7967=DIRECTION('center_axis',(-1.,0.,0.));
#7968=DIRECTION('ref_axis',(0.,0.,-1.));
#7969=DIRECTION('',(0.,1.,0.));
#7970=DIRECTION('',(0.,0.,-1.));
#7971=DIRECTION('',(0.,1.,0.));
#7972=DIRECTION('center_axis',(0.,0.,-1.));
#7973=DIRECTION('ref_axis',(-1.,0.,0.));
#7974=DIRECTION('center_axis',(0.,0.,-1.));
#7975=DIRECTION('ref_axis',(0.,1.,0.));
#7976=DIRECTION('',(0.,0.,-1.));
#7977=DIRECTION('center_axis',(0.,-1.,0.));
#7978=DIRECTION('ref_axis',(0.,0.,-1.));
#7979=DIRECTION('',(0.,0.,1.));
#7980=DIRECTION('',(-1.,0.,0.));
#7981=DIRECTION('center_axis',(0.,0.,1.));
#7982=DIRECTION('ref_axis',(1.,0.,0.));
#7983=DIRECTION('',(0.,0.,1.));
#7984=DIRECTION('center_axis',(0.,0.,1.));
#7985=DIRECTION('ref_axis',(0.,-1.,0.));
#7986=DIRECTION('center_axis',(1.,0.,0.));
#7987=DIRECTION('ref_axis',(0.,0.,1.));
#7988=DIRECTION('',(0.,0.,1.));
#7989=DIRECTION('',(0.,1.,0.));
#7990=DIRECTION('',(0.,1.,0.));
#7991=DIRECTION('center_axis',(0.,1.,0.));
#7992=DIRECTION('ref_axis',(0.,0.,-1.));
#7993=DIRECTION('',(1.,0.,0.));
#7994=DIRECTION('',(0.,0.,-1.));
#7995=DIRECTION('',(-1.,0.,0.));
#7996=DIRECTION('',(0.,0.,-1.));
#7997=DIRECTION('center_axis',(1.,0.,0.));
#7998=DIRECTION('ref_axis',(0.,0.,1.));
#7999=DIRECTION('center_axis',(-1.,0.,0.));
#8000=DIRECTION('ref_axis',(0.,0.,1.));
#8001=DIRECTION('',(0.,1.,0.));
#8002=DIRECTION('',(0.,0.,1.));
#8003=DIRECTION('',(0.,0.121707498876976,-0.992566010256804));
#8004=DIRECTION('',(0.,-1.,0.));
#8005=DIRECTION('',(0.,0.,1.));
#8006=DIRECTION('',(0.,1.,0.));
#8007=DIRECTION('',(0.,0.,1.));
#8008=DIRECTION('',(0.,-1.,0.));
#8009=DIRECTION('',(0.,0.,1.));
#8010=DIRECTION('',(0.,1.,0.));
#8011=DIRECTION('',(0.,0.,1.));
#8012=DIRECTION('',(0.,-1.,0.));
#8013=DIRECTION('',(0.,-0.122330097415957,-0.992489469599654));
#8014=DIRECTION('',(0.,-1.,9.934881652127E-16));
#8015=DIRECTION('center_axis',(1.,0.,0.));
#8016=DIRECTION('ref_axis',(0.,0.,1.));
#8017=DIRECTION('',(0.,0.,-1.));
#8018=DIRECTION('center_axis',(0.,-1.,0.));
#8019=DIRECTION('ref_axis',(0.,0.,1.));
#8020=DIRECTION('',(1.,0.,0.));
#8021=DIRECTION('',(0.,0.,-1.));
#8022=DIRECTION('',(-1.,0.,0.));
#8023=DIRECTION('',(0.,0.,1.));
#8024=DIRECTION('',(1.,0.,0.));
#8025=DIRECTION('center_axis',(1.,0.,0.));
#8026=DIRECTION('ref_axis',(0.,0.,-1.));
#8027=DIRECTION('center_axis',(1.,0.,0.));
#8028=DIRECTION('ref_axis',(0.,0.,-1.));
#8029=DIRECTION('',(1.,0.,0.));
#8030=DIRECTION('',(1.,0.,0.));
#8031=DIRECTION('center_axis',(0.,1.,0.));
#8032=DIRECTION('ref_axis',(0.,0.,-1.));
#8033=DIRECTION('',(0.,0.,1.));
#8034=DIRECTION('',(1.,0.,0.));
#8035=DIRECTION('center_axis',(1.,0.,0.));
#8036=DIRECTION('ref_axis',(0.,0.,1.));
#8037=DIRECTION('',(1.,0.,0.));
#8038=DIRECTION('center_axis',(1.,0.,0.));
#8039=DIRECTION('ref_axis',(0.,0.,1.));
#8040=DIRECTION('center_axis',(0.,0.,-1.));
#8041=DIRECTION('ref_axis',(0.,-1.,0.));
#8042=DIRECTION('',(0.,-1.,0.));
#8043=DIRECTION('',(1.,0.,0.));
#8044=DIRECTION('',(0.,1.,0.));
#8045=DIRECTION('',(1.,0.,0.));
#8046=DIRECTION('',(0.,-1.,0.));
#8047=DIRECTION('',(1.,0.,0.));
#8048=DIRECTION('',(0.,1.,0.));
#8049=DIRECTION('',(1.,0.,0.));
#8050=DIRECTION('',(1.,0.,0.));
#8051=DIRECTION('center_axis',(0.,0.992489469599654,-0.122330097415957));
#8052=DIRECTION('ref_axis',(0.,-0.122330097415957,-0.992489469599654));
#8053=DIRECTION('',(1.,0.,0.));
#8054=DIRECTION('center_axis',(0.,0.,-1.));
#8055=DIRECTION('ref_axis',(0.,-1.,0.));
#8056=DIRECTION('',(0.954777552816076,0.297321080044024,0.));
#8057=DIRECTION('',(0.,-1.,0.));
#8058=DIRECTION('',(-0.954777552816076,0.297321080044024,0.));
#8059=DIRECTION('',(0.954777552816076,0.297321080044024,0.));
#8060=DIRECTION('',(0.,-1.,0.));
#8061=DIRECTION('',(-0.954777552816076,0.297321080044024,0.));
#8062=DIRECTION('',(-0.954777552816076,0.297321080044024,0.));
#8063=DIRECTION('',(0.,-1.,0.));
#8064=DIRECTION('',(0.954777552816076,0.297321080044024,0.));
#8065=DIRECTION('',(-0.954777552816076,0.297321080044024,0.));
#8066=DIRECTION('',(0.,-1.,0.));
#8067=DIRECTION('',(0.954777552816076,0.297321080044024,0.));
#8068=DIRECTION('',(1.,0.,0.));
#8069=DIRECTION('center_axis',(0.,0.,1.));
#8070=DIRECTION('ref_axis',(1.,0.,0.));
#8071=DIRECTION('center_axis',(0.,0.,1.));
#8072=DIRECTION('ref_axis',(1.,0.,0.));
#8073=DIRECTION('center_axis',(-0.297321080044024,-0.954777552816076,0.));
#8074=DIRECTION('ref_axis',(-0.954777552816076,0.297321080044024,0.));
#8075=DIRECTION('',(0.,0.,1.));
#8076=DIRECTION('',(-0.954777552816076,0.297321080044024,0.));
#8077=DIRECTION('center_axis',(0.,0.,-1.));
#8078=DIRECTION('ref_axis',(-1.,0.,0.));
#8079=DIRECTION('',(0.954777552816076,0.297321080044024,0.));
#8080=DIRECTION('',(0.,-1.,0.));
#8081=DIRECTION('center_axis',(-0.297321080044024,0.954777552816076,0.));
#8082=DIRECTION('ref_axis',(0.954777552816076,0.297321080044024,0.));
#8083=DIRECTION('',(0.,0.,1.));
#8084=DIRECTION('center_axis',(-0.297321080044024,-0.954777552816076,0.));
#8085=DIRECTION('ref_axis',(-0.954777552816076,0.297321080044024,0.));
#8086=DIRECTION('',(0.,0.,1.));
#8087=DIRECTION('',(-0.954777552816076,0.297321080044024,0.));
#8088=DIRECTION('center_axis',(0.,0.,-1.));
#8089=DIRECTION('ref_axis',(-1.,0.,0.));
#8090=DIRECTION('',(0.954777552816076,0.297321080044024,0.));
#8091=DIRECTION('',(0.,-1.,0.));
#8092=DIRECTION('center_axis',(-0.297321080044024,0.954777552816076,0.));
#8093=DIRECTION('ref_axis',(0.954777552816076,0.297321080044024,0.));
#8094=DIRECTION('',(0.,0.,1.));
#8095=DIRECTION('center_axis',(0.,0.992566010256805,0.121707498876976));
#8096=DIRECTION('ref_axis',(0.,0.121707498876976,-0.992566010256805));
#8097=DIRECTION('',(0.,-0.121707498876976,0.992566010256804));
#8098=DIRECTION('',(-1.,0.,0.));
#8099=DIRECTION('',(0.,0.121707498876976,-0.992566010256804));
#8100=DIRECTION('center_axis',(0.,0.992566010256805,0.121707498876976));
#8101=DIRECTION('ref_axis',(0.,0.121707498876976,-0.992566010256804));
#8102=DIRECTION('center_axis',(0.,0.992566010256805,0.121707498876976));
#8103=DIRECTION('ref_axis',(0.,0.121707498876976,-0.992566010256804));
#8104=DIRECTION('center_axis',(0.,0.,1.));
#8105=DIRECTION('ref_axis',(0.,1.,0.));
#8106=DIRECTION('',(0.,-1.,0.));
#8107=DIRECTION('center_axis',(-1.,0.,0.));
#8108=DIRECTION('ref_axis',(0.,0.,-1.));
#8109=DIRECTION('',(0.,1.,0.));
#8110=DIRECTION('',(0.,0.,1.));
#8111=DIRECTION('',(0.,1.,0.));
#8112=DIRECTION('',(0.,0.,1.));
#8113=DIRECTION('center_axis',(0.,0.,-1.));
#8114=DIRECTION('ref_axis',(1.,0.,0.));
#8115=DIRECTION('',(1.,0.,0.));
#8116=DIRECTION('center_axis',(0.,0.,1.));
#8117=DIRECTION('ref_axis',(1.,0.,0.));
#8118=DIRECTION('',(1.,0.,0.));
#8119=DIRECTION('center_axis',(0.,0.,1.));
#8120=DIRECTION('ref_axis',(1.,0.,0.));
#8121=DIRECTION('center_axis',(0.,0.,-1.));
#8122=DIRECTION('ref_axis',(1.,0.,0.));
#8123=DIRECTION('',(0.,1.,0.));
#8124=DIRECTION('',(1.,0.,0.));
#8125=DIRECTION('center_axis',(0.,0.,-1.));
#8126=DIRECTION('ref_axis',(1.,0.,0.));
#8127=DIRECTION('',(0.,1.,0.));
#8128=DIRECTION('',(1.,0.,0.));
#8129=DIRECTION('center_axis',(1.,0.,0.));
#8130=DIRECTION('ref_axis',(0.,0.,1.));
#8131=DIRECTION('',(0.,1.,0.));
#8132=DIRECTION('',(0.,0.,1.));
#8133=DIRECTION('',(0.,1.,0.));
#8134=DIRECTION('center_axis',(1.,0.,0.));
#8135=DIRECTION('ref_axis',(0.,0.,-1.));
#8136=DIRECTION('',(0.,0.,-1.));
#8137=DIRECTION('center_axis',(1.,0.,0.));
#8138=DIRECTION('ref_axis',(0.,0.,1.));
#8139=DIRECTION('',(0.,0.,1.));
#8140=DIRECTION('center_axis',(0.,0.,1.));
#8141=DIRECTION('ref_axis',(0.,1.,0.));
#8142=DIRECTION('',(0.,-1.,0.));
#8143=DIRECTION('',(1.,0.,0.));
#8144=DIRECTION('center_axis',(-1.,0.,0.));
#8145=DIRECTION('ref_axis',(0.,0.,-1.));
#8146=DIRECTION('',(0.,0.,1.));
#8147=DIRECTION('',(0.,1.,0.));
#8148=DIRECTION('',(0.,0.,1.));
#8149=DIRECTION('center_axis',(1.,0.,0.));
#8150=DIRECTION('ref_axis',(0.,0.,1.));
#8151=DIRECTION('',(0.,0.,1.));
#8152=DIRECTION('center_axis',(1.,0.,0.));
#8153=DIRECTION('ref_axis',(0.,0.,-1.));
#8154=DIRECTION('center_axis',(0.,0.,1.));
#8155=DIRECTION('ref_axis',(1.,0.,0.));
#8156=DIRECTION('',(1.,0.,0.));
#8157=DIRECTION('center_axis',(0.,0.,1.));
#8158=DIRECTION('ref_axis',(1.,0.,0.));
#8159=DIRECTION('center_axis',(0.,0.,-1.));
#8160=DIRECTION('ref_axis',(1.,0.,0.));
#8161=DIRECTION('',(0.,1.,0.));
#8162=DIRECTION('',(1.,0.,0.));
#8163=DIRECTION('center_axis',(0.,0.,1.));
#8164=DIRECTION('ref_axis',(0.,1.,0.));
#8165=DIRECTION('',(0.,1.,0.));
#8166=DIRECTION('',(1.,0.,0.));
#8167=DIRECTION('center_axis',(1.,0.,0.));
#8168=DIRECTION('ref_axis',(0.,0.,1.));
#8169=DIRECTION('',(0.,1.,0.));
#8170=DIRECTION('',(0.,0.,1.));
#8171=DIRECTION('center_axis',(1.,0.,0.));
#8172=DIRECTION('ref_axis',(0.,0.,-1.));
#8173=DIRECTION('',(0.,0.,-1.));
#8174=DIRECTION('center_axis',(1.,0.,0.));
#8175=DIRECTION('ref_axis',(0.,0.,1.));
#8176=DIRECTION('',(0.,0.,1.));
#8177=DIRECTION('center_axis',(1.,0.,0.));
#8178=DIRECTION('ref_axis',(0.,0.,-1.));
#8179=DIRECTION('',(1.,0.,0.));
#8180=DIRECTION('center_axis',(0.,1.,0.));
#8181=DIRECTION('ref_axis',(0.,0.,-1.));
#8182=DIRECTION('',(1.,0.,0.));
#8183=DIRECTION('center_axis',(1.,0.,0.));
#8184=DIRECTION('ref_axis',(0.,0.,1.));
#8185=DIRECTION('center_axis',(-0.297321080044024,-0.954777552816076,0.));
#8186=DIRECTION('ref_axis',(-0.954777552816076,0.297321080044024,0.));
#8187=DIRECTION('',(0.,0.,1.));
#8188=DIRECTION('',(-0.954777552816076,0.297321080044024,0.));
#8189=DIRECTION('center_axis',(0.,0.,-1.));
#8190=DIRECTION('ref_axis',(-1.,0.,0.));
#8191=DIRECTION('',(0.954777552816076,0.297321080044024,0.));
#8192=DIRECTION('',(0.,-1.,0.));
#8193=DIRECTION('center_axis',(-0.297321080044024,0.954777552816076,0.));
#8194=DIRECTION('ref_axis',(0.954777552816076,0.297321080044024,0.));
#8195=DIRECTION('',(0.,0.,1.));
#8196=DIRECTION('center_axis',(-0.297321080044024,-0.954777552816076,0.));
#8197=DIRECTION('ref_axis',(-0.954777552816076,0.297321080044024,0.));
#8198=DIRECTION('',(0.,0.,1.));
#8199=DIRECTION('',(-0.954777552816076,0.297321080044024,0.));
#8200=DIRECTION('center_axis',(0.,0.,-1.));
#8201=DIRECTION('ref_axis',(-1.,0.,0.));
#8202=DIRECTION('',(0.954777552816076,0.297321080044024,0.));
#8203=DIRECTION('',(0.,-1.,0.));
#8204=DIRECTION('center_axis',(-0.297321080044024,0.954777552816076,0.));
#8205=DIRECTION('ref_axis',(0.954777552816076,0.297321080044024,0.));
#8206=DIRECTION('',(0.,0.,1.));
#8207=DIRECTION('center_axis',(-1.,0.,0.));
#8208=DIRECTION('ref_axis',(0.,0.,1.));
#8209=DIRECTION('',(0.,-1.,0.));
#8210=DIRECTION('center_axis',(0.,0.,-1.));
#8211=DIRECTION('ref_axis',(-1.,0.,0.));
#8212=DIRECTION('',(0.,-1.,0.));
#8213=DIRECTION('center_axis',(1.,0.,0.));
#8214=DIRECTION('ref_axis',(0.,0.,-1.));
#8215=DIRECTION('center_axis',(0.,1.,0.));
#8216=DIRECTION('ref_axis',(0.,0.,-1.));
#8217=DIRECTION('',(1.,0.,0.));
#8218=DIRECTION('center_axis',(1.,0.,0.));
#8219=DIRECTION('ref_axis',(0.,0.,1.));
#8220=DIRECTION('',(1.,0.,0.));
#8221=DIRECTION('center_axis',(0.,1.,0.));
#8222=DIRECTION('ref_axis',(0.,0.,-1.));
#8223=DIRECTION('',(1.,0.,0.));
#8224=DIRECTION('center_axis',(1.,0.,0.));
#8225=DIRECTION('ref_axis',(0.,-1.,0.));
#8226=DIRECTION('center_axis',(1.,0.,0.));
#8227=DIRECTION('ref_axis',(0.,-1.,0.));
#8228=DIRECTION('center_axis',(1.,0.,0.));
#8229=DIRECTION('ref_axis',(0.,-1.,0.));
#8230=DIRECTION('center_axis',(1.,0.,0.));
#8231=DIRECTION('ref_axis',(0.,-1.,0.));
#8232=DIRECTION('center_axis',(0.,0.,1.));
#8233=DIRECTION('ref_axis',(1.,0.,0.));
#8234=DIRECTION('center_axis',(0.,0.,1.));
#8235=DIRECTION('ref_axis',(1.,0.,0.));
#8236=DIRECTION('',(0.,0.,1.));
#8237=DIRECTION('center_axis',(0.,0.,1.));
#8238=DIRECTION('ref_axis',(1.,0.,0.));
#8239=DIRECTION('center_axis',(0.,0.,1.));
#8240=DIRECTION('ref_axis',(1.,0.,0.));
#8241=DIRECTION('',(0.,0.,1.));
#8242=DIRECTION('center_axis',(0.,1.,0.));
#8243=DIRECTION('ref_axis',(1.,0.,0.));
#8244=DIRECTION('center_axis',(0.,1.,0.));
#8245=DIRECTION('ref_axis',(1.,0.,0.));
#8246=DIRECTION('center_axis',(0.,1.,0.));
#8247=DIRECTION('ref_axis',(1.,0.,0.));
#8248=DIRECTION('',(0.,1.,0.));
#8249=DIRECTION('center_axis',(0.,1.,0.));
#8250=DIRECTION('ref_axis',(1.,0.,0.));
#8251=DIRECTION('center_axis',(0.,1.,0.));
#8252=DIRECTION('ref_axis',(1.,0.,0.));
#8253=DIRECTION('center_axis',(0.,1.,0.));
#8254=DIRECTION('ref_axis',(1.,0.,0.));
#8255=DIRECTION('',(0.,1.,0.));
#8256=DIRECTION('center_axis',(0.,1.,0.));
#8257=DIRECTION('ref_axis',(1.,0.,0.));
#8258=DIRECTION('',(1.,0.,0.));
#8259=DIRECTION('center_axis',(0.,1.,0.));
#8260=DIRECTION('ref_axis',(0.,0.,-1.));
#8261=DIRECTION('',(0.,0.,-1.));
#8262=DIRECTION('center_axis',(0.,-1.,0.));
#8263=DIRECTION('ref_axis',(0.,0.,-1.));
#8264=DIRECTION('',(-1.,0.,0.));
#8265=DIRECTION('center_axis',(0.,-1.,0.));
#8266=DIRECTION('ref_axis',(0.,0.,-1.));
#8267=DIRECTION('',(0.,0.,1.));
#8268=DIRECTION('center_axis',(0.,-1.,0.));
#8269=DIRECTION('ref_axis',(0.,0.,-1.));
#8270=DIRECTION('',(1.,0.,0.));
#8271=DIRECTION('center_axis',(0.,0.,1.));
#8272=DIRECTION('ref_axis',(-1.,0.,0.));
#8273=DIRECTION('center_axis',(0.,0.,1.));
#8274=DIRECTION('ref_axis',(1.,0.,0.));
#8275=DIRECTION('',(0.,0.,-1.));
#8276=DIRECTION('center_axis',(0.,0.,1.));
#8277=DIRECTION('ref_axis',(1.,0.,0.));
#8278=DIRECTION('center_axis',(0.,1.,0.));
#8279=DIRECTION('ref_axis',(1.,0.,0.));
#8280=DIRECTION('',(1.,0.,0.));
#8281=DIRECTION('center_axis',(0.,1.,0.));
#8282=DIRECTION('ref_axis',(0.,0.,-1.));
#8283=DIRECTION('',(0.,0.,-1.));
#8284=DIRECTION('center_axis',(0.,-1.,0.));
#8285=DIRECTION('ref_axis',(0.,0.,-1.));
#8286=DIRECTION('',(-1.,0.,0.));
#8287=DIRECTION('center_axis',(0.,-1.,0.));
#8288=DIRECTION('ref_axis',(0.,0.,-1.));
#8289=DIRECTION('',(0.,0.,1.));
#8290=DIRECTION('center_axis',(0.,-1.,0.));
#8291=DIRECTION('ref_axis',(0.,0.,-1.));
#8292=DIRECTION('',(1.,0.,0.));
#8293=DIRECTION('center_axis',(1.,0.,0.));
#8294=DIRECTION('ref_axis',(0.,0.,-1.));
#8295=DIRECTION('',(1.,0.,0.));
#8296=DIRECTION('center_axis',(0.,1.,0.));
#8297=DIRECTION('ref_axis',(0.,0.,-1.));
#8298=DIRECTION('center_axis',(0.,0.,1.));
#8299=DIRECTION('ref_axis',(-1.,0.,0.));
#8300=DIRECTION('center_axis',(0.,0.,1.));
#8301=DIRECTION('ref_axis',(1.,0.,0.));
#8302=DIRECTION('',(0.,0.,-1.));
#8303=DIRECTION('center_axis',(0.,0.,1.));
#8304=DIRECTION('ref_axis',(1.,0.,0.));
#8305=DIRECTION('center_axis',(0.,0.,1.));
#8306=DIRECTION('ref_axis',(1.,0.,0.));
#8307=DIRECTION('center_axis',(0.,0.,1.));
#8308=DIRECTION('ref_axis',(1.,0.,0.));
#8309=DIRECTION('center_axis',(0.,0.,1.));
#8310=DIRECTION('ref_axis',(1.,0.,0.));
#8311=DIRECTION('center_axis',(0.,0.,1.));
#8312=DIRECTION('ref_axis',(1.,0.,0.));
#8313=DIRECTION('center_axis',(0.,-1.,0.));
#8314=DIRECTION('ref_axis',(-1.,0.,0.));
#8315=DIRECTION('center_axis',(0.,-1.,0.));
#8316=DIRECTION('ref_axis',(-1.,0.,0.));
#8317=DIRECTION('center_axis',(0.,-1.,0.));
#8318=DIRECTION('ref_axis',(0.,0.,-1.));
#8319=DIRECTION('',(0.,-1.,0.));
#8320=DIRECTION('center_axis',(0.,1.,0.));
#8321=DIRECTION('ref_axis',(0.,0.,-1.));
#8322=DIRECTION('',(0.,-1.,0.));
#8323=DIRECTION('center_axis',(1.,0.,0.));
#8324=DIRECTION('ref_axis',(0.,0.,-1.));
#8325=DIRECTION('',(0.,0.,-1.));
#8326=DIRECTION('',(0.,-1.,0.));
#8327=DIRECTION('center_axis',(0.,-1.,0.));
#8328=DIRECTION('ref_axis',(0.,0.,1.));
#8329=DIRECTION('center_axis',(0.,-1.,0.));
#8330=DIRECTION('ref_axis',(0.,0.,-1.));
#8331=DIRECTION('',(0.,-1.,0.));
#8332=DIRECTION('center_axis',(0.,0.,-1.));
#8333=DIRECTION('ref_axis',(-1.,0.,0.));
#8334=DIRECTION('',(-1.,0.,0.));
#8335=DIRECTION('',(0.,-1.,0.));
#8336=DIRECTION('',(-1.,0.,0.));
#8337=DIRECTION('center_axis',(0.,-1.,0.));
#8338=DIRECTION('ref_axis',(1.,0.,0.));
#8339=DIRECTION('center_axis',(0.,-1.,0.));
#8340=DIRECTION('ref_axis',(0.,0.,-1.));
#8341=DIRECTION('',(0.,-1.,0.));
#8342=DIRECTION('center_axis',(-1.,0.,0.));
#8343=DIRECTION('ref_axis',(0.,0.,1.));
#8344=DIRECTION('',(0.,0.,1.));
#8345=DIRECTION('',(0.,-1.,0.));
#8346=DIRECTION('center_axis',(0.,-1.,0.));
#8347=DIRECTION('ref_axis',(0.,0.,-1.));
#8348=DIRECTION('center_axis',(0.,-1.,0.));
#8349=DIRECTION('ref_axis',(0.,0.,-1.));
#8350=DIRECTION('',(0.,-1.,0.));
#8351=DIRECTION('center_axis',(0.,0.,1.));
#8352=DIRECTION('ref_axis',(1.,0.,0.));
#8353=DIRECTION('',(1.,0.,0.));
#8354=DIRECTION('center_axis',(0.,0.,1.));
#8355=DIRECTION('ref_axis',(1.,0.,0.));
#8356=DIRECTION('center_axis',(0.,-1.,0.));
#8357=DIRECTION('ref_axis',(0.,0.,-1.));
#8358=DIRECTION('',(0.,-1.,0.));
#8359=DIRECTION('center_axis',(0.,1.,0.));
#8360=DIRECTION('ref_axis',(0.,0.,-1.));
#8361=DIRECTION('',(0.,-1.,0.));
#8362=DIRECTION('center_axis',(1.,0.,0.));
#8363=DIRECTION('ref_axis',(0.,0.,-1.));
#8364=DIRECTION('',(0.,0.,-1.));
#8365=DIRECTION('',(0.,-1.,0.));
#8366=DIRECTION('center_axis',(0.,-1.,0.));
#8367=DIRECTION('ref_axis',(0.,0.,1.));
#8368=DIRECTION('center_axis',(0.,-1.,0.));
#8369=DIRECTION('ref_axis',(0.,0.,-1.));
#8370=DIRECTION('',(0.,-1.,0.));
#8371=DIRECTION('center_axis',(0.,0.,-1.));
#8372=DIRECTION('ref_axis',(-1.,0.,0.));
#8373=DIRECTION('',(-1.,0.,0.));
#8374=DIRECTION('',(0.,-1.,0.));
#8375=DIRECTION('',(-1.,0.,0.));
#8376=DIRECTION('center_axis',(0.,-1.,0.));
#8377=DIRECTION('ref_axis',(1.,0.,0.));
#8378=DIRECTION('center_axis',(0.,-1.,0.));
#8379=DIRECTION('ref_axis',(0.,0.,-1.));
#8380=DIRECTION('',(0.,-1.,0.));
#8381=DIRECTION('center_axis',(-1.,0.,0.));
#8382=DIRECTION('ref_axis',(0.,0.,1.));
#8383=DIRECTION('',(0.,0.,1.));
#8384=DIRECTION('',(0.,-1.,0.));
#8385=DIRECTION('center_axis',(0.,-1.,0.));
#8386=DIRECTION('ref_axis',(0.,0.,-1.));
#8387=DIRECTION('center_axis',(0.,-1.,0.));
#8388=DIRECTION('ref_axis',(0.,0.,-1.));
#8389=DIRECTION('',(0.,-1.,0.));
#8390=DIRECTION('center_axis',(0.,0.,1.));
#8391=DIRECTION('ref_axis',(1.,0.,0.));
#8392=DIRECTION('',(1.,0.,0.));
#8393=DIRECTION('center_axis',(0.,0.,1.));
#8394=DIRECTION('ref_axis',(1.,0.,0.));
#8395=DIRECTION('center_axis',(0.,0.,-1.));
#8396=DIRECTION('ref_axis',(1.,0.,0.));
#8397=DIRECTION('',(0.,0.,1.));
#8398=DIRECTION('center_axis',(0.,0.,1.));
#8399=DIRECTION('ref_axis',(1.,0.,0.));
#8400=DIRECTION('',(0.,0.,-1.));
#8401=DIRECTION('center_axis',(0.,0.,-1.));
#8402=DIRECTION('ref_axis',(1.,0.,0.));
#8403=DIRECTION('',(0.,0.,-1.));
#8404=DIRECTION('center_axis',(0.,0.,1.));
#8405=DIRECTION('ref_axis',(1.,0.,0.));
#8406=DIRECTION('',(0.,0.,-1.));
#8407=DIRECTION('center_axis',(0.,0.,-1.));
#8408=DIRECTION('ref_axis',(1.,0.,0.));
#8409=DIRECTION('',(0.,0.,-1.));
#8410=DIRECTION('center_axis',(0.,0.,1.));
#8411=DIRECTION('ref_axis',(1.,0.,0.));
#8412=DIRECTION('center_axis',(0.,0.,-1.));
#8413=DIRECTION('ref_axis',(1.,0.,0.));
#8414=DIRECTION('',(0.,0.,1.));
#8415=DIRECTION('center_axis',(0.,0.,1.));
#8416=DIRECTION('ref_axis',(1.,0.,0.));
#8417=DIRECTION('',(0.,0.,-1.));
#8418=DIRECTION('center_axis',(0.,0.,-1.));
#8419=DIRECTION('ref_axis',(1.,0.,0.));
#8420=DIRECTION('',(0.,0.,-1.));
#8421=DIRECTION('center_axis',(0.,0.,1.));
#8422=DIRECTION('ref_axis',(1.,0.,0.));
#8423=DIRECTION('',(0.,0.,-1.));
#8424=DIRECTION('center_axis',(0.,0.,-1.));
#8425=DIRECTION('ref_axis',(1.,0.,0.));
#8426=DIRECTION('',(0.,0.,-1.));
#8427=DIRECTION('center_axis',(0.,0.,1.));
#8428=DIRECTION('ref_axis',(1.,0.,0.));
#8429=DIRECTION('center_axis',(0.,-1.,0.));
#8430=DIRECTION('ref_axis',(0.,0.,-1.));
#8431=DIRECTION('center_axis',(0.,-1.,0.));
#8432=DIRECTION('ref_axis',(0.,0.,-1.));
#8433=DIRECTION('center_axis',(0.,0.,1.));
#8434=DIRECTION('ref_axis',(1.,0.,0.));
#8435=DIRECTION('',(0.,1.,0.));
#8436=DIRECTION('',(0.,1.,0.));
#8437=DIRECTION('',(-1.,0.,0.));
#8438=DIRECTION('',(0.,1.,0.));
#8439=DIRECTION('',(1.,0.,0.));
#8440=DIRECTION('center_axis',(1.,0.,0.));
#8441=DIRECTION('ref_axis',(0.,1.,0.));
#8442=DIRECTION('',(0.,0.,-1.));
#8443=DIRECTION('',(0.,1.,0.));
#8444=DIRECTION('center_axis',(0.,0.,1.));
#8445=DIRECTION('ref_axis',(1.,0.,0.));
#8446=DIRECTION('',(1.,0.,0.));
#8447=DIRECTION('',(0.,1.,0.));
#8448=DIRECTION('',(-1.,0.,0.));
#8449=DIRECTION('',(0.,1.,0.));
#8450=DIRECTION('',(0.,-1.,0.));
#8451=DIRECTION('',(-1.,0.,0.));
#8452=DIRECTION('',(0.,-1.,0.));
#8453=DIRECTION('',(1.,0.,0.));
#8454=DIRECTION('',(0.,-1.,0.));
#8455=DIRECTION('center_axis',(-1.,0.,0.));
#8456=DIRECTION('ref_axis',(0.,-1.,0.));
#8457=DIRECTION('',(0.,-1.,0.));
#8458=DIRECTION('',(0.,0.,1.));
#8459=DIRECTION('center_axis',(0.,0.,1.));
#8460=DIRECTION('ref_axis',(1.,0.,0.));
#8461=DIRECTION('',(0.,-1.,0.));
#8462=DIRECTION('',(1.,0.,0.));
#8463=DIRECTION('',(0.,-1.,0.));
#8464=DIRECTION('',(-1.,0.,0.));
#8465=DIRECTION('center_axis',(-1.,0.,0.));
#8466=DIRECTION('ref_axis',(0.,-1.,0.));
#8467=DIRECTION('',(0.,0.,-1.));
#8468=DIRECTION('center_axis',(1.,0.,0.));
#8469=DIRECTION('ref_axis',(0.,1.,0.));
#8470=DIRECTION('',(0.,0.,1.));
#8471=DIRECTION('center_axis',(0.,0.,1.));
#8472=DIRECTION('ref_axis',(1.,0.,0.));
#8473=DIRECTION('',(0.,1.,0.));
#8474=DIRECTION('',(0.,1.,0.));
#8475=DIRECTION('',(-1.,0.,0.));
#8476=DIRECTION('',(0.,1.,0.));
#8477=DIRECTION('',(1.,0.,0.));
#8478=DIRECTION('center_axis',(1.,0.,0.));
#8479=DIRECTION('ref_axis',(0.,1.,0.));
#8480=DIRECTION('',(0.,0.,-1.));
#8481=DIRECTION('',(0.,1.,0.));
#8482=DIRECTION('center_axis',(0.,0.,1.));
#8483=DIRECTION('ref_axis',(1.,0.,0.));
#8484=DIRECTION('',(1.,0.,0.));
#8485=DIRECTION('',(0.,1.,0.));
#8486=DIRECTION('',(-1.,0.,0.));
#8487=DIRECTION('',(0.,1.,0.));
#8488=DIRECTION('',(0.,-1.,0.));
#8489=DIRECTION('',(-1.,0.,0.));
#8490=DIRECTION('',(0.,-1.,0.));
#8491=DIRECTION('',(1.,0.,0.));
#8492=DIRECTION('',(0.,-1.,0.));
#8493=DIRECTION('center_axis',(-1.,0.,0.));
#8494=DIRECTION('ref_axis',(0.,-1.,0.));
#8495=DIRECTION('',(0.,-1.,0.));
#8496=DIRECTION('',(0.,0.,1.));
#8497=DIRECTION('center_axis',(0.,0.,1.));
#8498=DIRECTION('ref_axis',(1.,0.,0.));
#8499=DIRECTION('',(0.,-1.,0.));
#8500=DIRECTION('',(1.,0.,0.));
#8501=DIRECTION('',(0.,-1.,0.));
#8502=DIRECTION('',(-1.,0.,0.));
#8503=DIRECTION('center_axis',(-1.,0.,0.));
#8504=DIRECTION('ref_axis',(0.,-1.,0.));
#8505=DIRECTION('',(0.,0.,-1.));
#8506=DIRECTION('center_axis',(1.,0.,0.));
#8507=DIRECTION('ref_axis',(0.,1.,0.));
#8508=DIRECTION('',(0.,0.,1.));
#8509=DIRECTION('center_axis',(0.,-1.,0.));
#8510=DIRECTION('ref_axis',(1.,0.,0.));
#8511=DIRECTION('',(0.,0.,-1.));
#8512=DIRECTION('center_axis',(1.,0.,0.));
#8513=DIRECTION('ref_axis',(0.,1.,0.));
#8514=DIRECTION('',(0.,0.,-1.));
#8515=DIRECTION('center_axis',(0.,1.,0.));
#8516=DIRECTION('ref_axis',(-1.,0.,0.));
#8517=DIRECTION('center_axis',(0.,1.,0.));
#8518=DIRECTION('ref_axis',(-1.,0.,0.));
#8519=DIRECTION('',(0.,0.,-1.));
#8520=DIRECTION('center_axis',(-1.,0.,0.));
#8521=DIRECTION('ref_axis',(0.,-1.,0.));
#8522=DIRECTION('',(0.,0.,-1.));
#8523=DIRECTION('center_axis',(0.,-1.,0.));
#8524=DIRECTION('ref_axis',(1.,0.,0.));
#8525=DIRECTION('center_axis',(0.,-1.,0.));
#8526=DIRECTION('ref_axis',(1.,0.,0.));
#8527=DIRECTION('',(0.,0.,-1.));
#8528=DIRECTION('center_axis',(1.,0.,0.));
#8529=DIRECTION('ref_axis',(0.,1.,0.));
#8530=DIRECTION('',(0.,0.,-1.));
#8531=DIRECTION('center_axis',(0.,1.,0.));
#8532=DIRECTION('ref_axis',(-1.,0.,0.));
#8533=DIRECTION('center_axis',(0.,1.,0.));
#8534=DIRECTION('ref_axis',(-1.,0.,0.));
#8535=DIRECTION('',(0.,0.,-1.));
#8536=DIRECTION('center_axis',(-1.,0.,0.));
#8537=DIRECTION('ref_axis',(0.,-1.,0.));
#8538=DIRECTION('',(0.,0.,-1.));
#8539=DIRECTION('center_axis',(0.,-1.,0.));
#8540=DIRECTION('ref_axis',(1.,0.,0.));
#8541=DIRECTION('',(0.,0.,1.));
#8542=DIRECTION('',(1.,0.,0.));
#8543=DIRECTION('axis',(0.,0.,1.));
#8544=DIRECTION('refdir',(1.,0.,0.));
#8545=DIRECTION('axis',(0.,0.,1.));
#8546=DIRECTION('refdir',(1.,0.,0.));
#8547=DIRECTION('center_axis',(0.,-2.22044604925E-16,1.));
#8548=DIRECTION('ref_axis',(1.,0.,0.));
#8549=DIRECTION('center_axis',(0.,2.22044604925E-16,-1.));
#8550=DIRECTION('ref_axis',(1.,0.,0.));
#8551=DIRECTION('center_axis',(1.22464679914735E-16,-1.,-2.22044604925E-16));
#8552=DIRECTION('ref_axis',(-1.,-1.22464679914735E-16,0.));
#8553=DIRECTION('center_axis',(0.,2.22044604925E-16,-1.));
#8554=DIRECTION('ref_axis',(1.,0.,0.));
#8555=DIRECTION('center_axis',(0.,2.22044604925E-16,-1.));
#8556=DIRECTION('ref_axis',(1.,0.,0.));
#8557=DIRECTION('',(0.,-2.22044604925E-16,1.));
#8558=DIRECTION('center_axis',(0.,0.,-1.));
#8559=DIRECTION('ref_axis',(-1.,0.,0.));
#8560=DIRECTION('',(0.,1.,0.));
#8561=DIRECTION('center_axis',(0.,0.,1.));
#8562=DIRECTION('ref_axis',(1.,0.,0.));
#8563=DIRECTION('',(0.,1.,0.));
#8564=DIRECTION('center_axis',(0.,0.,-1.));
#8565=DIRECTION('ref_axis',(1.,0.,0.));
#8566=DIRECTION('center_axis',(0.,0.,1.));
#8567=DIRECTION('ref_axis',(1.,0.,0.));
#8568=DIRECTION('',(0.,0.,1.));
#8569=DIRECTION('',(0.,0.,1.));
#8570=DIRECTION('center_axis',(-1.,0.,0.));
#8571=DIRECTION('ref_axis',(0.,1.,0.));
#8572=DIRECTION('',(0.,1.,0.));
#8573=DIRECTION('center_axis',(0.,0.,-1.));
#8574=DIRECTION('ref_axis',(-1.,0.,0.));
#8575=DIRECTION('',(0.,1.,0.));
#8576=DIRECTION('',(-1.,0.,0.));
#8577=DIRECTION('',(0.,-1.,0.));
#8578=DIRECTION('',(1.,0.,0.));
#8579=DIRECTION('',(-1.,0.,0.));
#8580=DIRECTION('',(0.,-1.,0.));
#8581=DIRECTION('',(1.,0.,0.));
#8582=DIRECTION('',(0.,1.,0.));
#8583=DIRECTION('center_axis',(-1.,0.,0.));
#8584=DIRECTION('ref_axis',(0.,-1.,0.));
#8585=DIRECTION('',(0.,0.,-1.));
#8586=DIRECTION('',(0.,-1.,0.));
#8587=DIRECTION('',(0.,0.,-1.));
#8588=DIRECTION('center_axis',(0.,1.,0.));
#8589=DIRECTION('ref_axis',(-1.,0.,0.));
#8590=DIRECTION('',(0.,0.,-1.));
#8591=DIRECTION('',(-1.,0.,0.));
#8592=DIRECTION('center_axis',(1.,0.,0.));
#8593=DIRECTION('ref_axis',(0.,1.,0.));
#8594=DIRECTION('',(0.,0.,-1.));
#8595=DIRECTION('',(0.,1.,0.));
#8596=DIRECTION('center_axis',(0.,-1.,0.));
#8597=DIRECTION('ref_axis',(1.,0.,0.));
#8598=DIRECTION('',(1.,0.,0.));
#8599=DIRECTION('center_axis',(0.,-1.,0.));
#8600=DIRECTION('ref_axis',(1.,0.,0.));
#8601=DIRECTION('',(0.,0.,-1.));
#8602=DIRECTION('',(1.,0.,0.));
#8603=DIRECTION('',(0.,0.,-1.));
#8604=DIRECTION('center_axis',(-1.,0.,0.));
#8605=DIRECTION('ref_axis',(0.,-1.,0.));
#8606=DIRECTION('',(0.,0.,-1.));
#8607=DIRECTION('',(0.,-1.,0.));
#8608=DIRECTION('center_axis',(0.,1.,0.));
#8609=DIRECTION('ref_axis',(-1.,0.,0.));
#8610=DIRECTION('',(0.,0.,-1.));
#8611=DIRECTION('',(-1.,0.,0.));
#8612=DIRECTION('center_axis',(1.,0.,0.));
#8613=DIRECTION('ref_axis',(0.,1.,0.));
#8614=DIRECTION('',(0.,1.,0.));
#8615=DIRECTION('center_axis',(0.,0.,1.));
#8616=DIRECTION('ref_axis',(1.,0.,0.));
#8617=DIRECTION('center_axis',(0.,0.,1.));
#8618=DIRECTION('ref_axis',(1.,0.,0.));
#8619=DIRECTION('',(0.,0.,1.));
#8620=DIRECTION('',(1.,0.,0.));
#8621=DIRECTION('axis',(0.,0.,1.));
#8622=DIRECTION('refdir',(1.,0.,0.));
#8623=DIRECTION('axis',(0.,0.,1.));
#8624=DIRECTION('refdir',(1.,0.,0.));
#8625=DIRECTION('center_axis',(-1.,0.,0.));
#8626=DIRECTION('ref_axis',(0.,1.,0.));
#8627=DIRECTION('center_axis',(1.,0.,0.));
#8628=DIRECTION('ref_axis',(0.,1.,0.));
#8629=DIRECTION('',(1.,0.,0.));
#8630=DIRECTION('center_axis',(1.,0.,0.));
#8631=DIRECTION('ref_axis',(0.,1.,0.));
#8632=DIRECTION('center_axis',(1.,0.,0.));
#8633=DIRECTION('ref_axis',(0.,1.,0.));
#8634=DIRECTION('center_axis',(0.,1.73472347597681E-16,1.));
#8635=DIRECTION('ref_axis',(0.,-1.,1.73472347597681E-16));
#8636=DIRECTION('center_axis',(-1.,0.,0.));
#8637=DIRECTION('ref_axis',(0.,0.,-1.));
#8638=DIRECTION('center_axis',(-1.,0.,0.));
#8639=DIRECTION('ref_axis',(0.,1.,0.));
#8640=DIRECTION('center_axis',(-1.,0.,0.));
#8641=DIRECTION('ref_axis',(0.,0.,-1.));
#8642=DIRECTION('center_axis',(-1.,0.,0.));
#8643=DIRECTION('ref_axis',(0.,1.,0.));
#8644=DIRECTION('',(1.,0.,0.));
#8645=DIRECTION('center_axis',(-1.,0.,0.));
#8646=DIRECTION('ref_axis',(0.,1.,0.));
#8647=DIRECTION('center_axis',(0.,1.,0.));
#8648=DIRECTION('ref_axis',(-1.,0.,-1.18655085756814E-15));
#8649=DIRECTION('center_axis',(0.,-1.,0.));
#8650=DIRECTION('ref_axis',(-1.,0.,-1.17961196366423E-15));
#8651=DIRECTION('center_axis',(0.,0.,1.));
#8652=DIRECTION('ref_axis',(1.,0.,0.));
#8653=DIRECTION('center_axis',(0.,0.,1.));
#8654=DIRECTION('ref_axis',(1.,0.,0.));
#8655=DIRECTION('center_axis',(-1.,0.,0.));
#8656=DIRECTION('ref_axis',(0.,0.,-1.));
#8657=DIRECTION('center_axis',(1.,0.,0.));
#8658=DIRECTION('ref_axis',(0.,1.,0.));
#8659=DIRECTION('center_axis',(0.,0.,1.));
#8660=DIRECTION('ref_axis',(1.,0.,0.));
#8661=DIRECTION('',(0.,0.,-1.));
#8662=DIRECTION('center_axis',(0.,0.,1.));
#8663=DIRECTION('ref_axis',(1.,0.,0.));
#8664=DIRECTION('center_axis',(-1.,0.,0.));
#8665=DIRECTION('ref_axis',(0.,1.,0.));
#8666=DIRECTION('',(1.,0.,0.));
#8667=DIRECTION('center_axis',(1.,0.,0.));
#8668=DIRECTION('ref_axis',(0.,1.,0.));
#8669=DIRECTION('center_axis',(0.,0.,-1.));
#8670=DIRECTION('ref_axis',(-1.,0.,0.));
#8671=DIRECTION('center_axis',(1.,0.,0.));
#8672=DIRECTION('ref_axis',(0.,1.,0.));
#8673=DIRECTION('center_axis',(0.,1.73472347597681E-16,-1.));
#8674=DIRECTION('ref_axis',(0.,-1.,-1.73472347597681E-16));
#8675=DIRECTION('center_axis',(-1.,0.,0.));
#8676=DIRECTION('ref_axis',(0.,0.,-1.));
#8677=DIRECTION('center_axis',(0.,1.,0.));
#8678=DIRECTION('ref_axis',(-8.88178419700125E-16,0.,1.));
#8679=DIRECTION('center_axis',(5.308866065094E-16,0.,1.));
#8680=DIRECTION('ref_axis',(1.,0.,-5.308866065094E-16));
#8681=DIRECTION('center_axis',(5.308866065094E-16,0.,1.));
#8682=DIRECTION('ref_axis',(1.,0.,-5.308866065094E-16));
#8683=DIRECTION('center_axis',(0.,-1.,0.));
#8684=DIRECTION('ref_axis',(-1.11022302462516E-15,0.,1.));
#8685=DIRECTION('center_axis',(0.,0.,-1.));
#8686=DIRECTION('ref_axis',(-1.,0.,0.));
#8687=DIRECTION('center_axis',(0.,0.,-1.));
#8688=DIRECTION('ref_axis',(-1.,0.,0.));
#8689=DIRECTION('',(0.,0.,1.));
#8690=DIRECTION('center_axis',(0.,0.,1.));
#8691=DIRECTION('ref_axis',(1.,0.,0.));
#8692=DIRECTION('',(0.,0.,1.));
#8693=DIRECTION('',(1.,0.,0.));
#8694=DIRECTION('axis',(0.,0.,1.));
#8695=DIRECTION('refdir',(1.,0.,0.));
#8696=DIRECTION('axis',(0.,0.,1.));
#8697=DIRECTION('refdir',(1.,0.,0.));
#8698=DIRECTION('center_axis',(2.886579864025E-15,2.22044604925E-16,-1.));
#8699=DIRECTION('ref_axis',(1.110223024625E-15,-1.,-2.22044604924997E-16));
#8700=DIRECTION('',(1.,-2.442490654175E-15,-4.440892098501E-16));
#8701=DIRECTION('',(1.,-1.7763568394E-15,-4.440892098501E-16));
#8702=DIRECTION('',(-1.,1.7763568394E-15,4.440892098501E-16));
#8703=DIRECTION('',(1.,-2.442490654175E-15,-4.440892098501E-16));
#8704=DIRECTION('',(1.33226762955E-15,-1.,3.330669073875E-15));
#8705=DIRECTION('',(1.,-2.442490654175E-15,-4.440892098501E-16));
#8706=DIRECTION('',(1.33226762955E-15,-1.,3.330669073875E-15));
#8707=DIRECTION('',(1.,0.,0.));
#8708=DIRECTION('',(0.,1.,0.));
#8709=DIRECTION('',(-1.,0.,0.));
#8710=DIRECTION('',(0.,-1.,0.));
#8711=DIRECTION('center_axis',(-8.881784197001E-16,1.,-2.886579864025E-15));
#8712=DIRECTION('ref_axis',(3.10862446895E-15,-2.886579864025E-15,-1.));
#8713=DIRECTION('',(3.330669073875E-15,6.661338147751E-16,-1.));
#8714=DIRECTION('',(1.,-2.442490654175E-15,-4.440892098501E-16));
#8715=DIRECTION('',(-1.,2.22044604925E-15,5.551115123126E-16));
#8716=DIRECTION('',(2.22044604925E-15,2.22044604925E-16,-1.));
#8717=DIRECTION('center_axis',(1.,-2.6645352591E-15,-6.661338147751E-16));
#8718=DIRECTION('ref_axis',(6.66133814775098E-16,-6.661338147751E-16,1.));
#8719=DIRECTION('',(-3.330669073875E-15,-6.661338147751E-16,1.));
#8720=DIRECTION('',(-1.33226762955E-15,1.,-3.330669073875E-15));
#8721=DIRECTION('',(3.330669073875E-15,6.661338147751E-16,-1.));
#8722=DIRECTION('',(-1.33226762955E-15,1.,-3.330669073875E-15));
#8723=DIRECTION('center_axis',(1.7763568394E-15,-2.22044604925E-16,-1.));
#8724=DIRECTION('ref_axis',(1.,-1.554312234475E-15,1.7763568394E-15));
#8725=DIRECTION('',(-6.661338147751E-16,1.,-2.22044604925E-15));
#8726=DIRECTION('',(1.,-8.881784197001E-16,-2.22044604925E-16));
#8727=DIRECTION('',(1.,-8.881784197001E-16,-2.22044604925E-16));
#8728=DIRECTION('',(-6.661338147751E-16,1.,-2.22044604925E-15));
#8729=DIRECTION('center_axis',(8.881784197001E-16,-1.,2.886579864025E-15));
#8730=DIRECTION('ref_axis',(-3.10862446895E-15,2.886579864025E-15,1.));
#8731=DIRECTION('',(-3.330669073875E-15,-6.661338147751E-16,1.));
#8732=DIRECTION('',(1.,-2.442490654175E-15,-4.440892098501E-16));
#8733=DIRECTION('center_axis',(-1.33226762955E-15,-1.,-1.110223024625E-16));
#8734=DIRECTION('ref_axis',(1.,-1.33226762955E-15,-3.330669073875E-16));
#8735=DIRECTION('center_axis',(-1.7763568394E-15,2.22044604925E-16,1.));
#8736=DIRECTION('ref_axis',(-1.,1.554312234475E-15,-1.7763568394E-15));
#8737=DIRECTION('',(1.,-8.881784197001E-16,-2.22044604925E-16));
#8738=DIRECTION('',(1.,-8.881784197001E-16,-2.22044604925E-16));
#8739=DIRECTION('',(-6.661338147751E-16,1.,-2.22044604925E-15));
#8740=DIRECTION('center_axis',(1.,-2.6645352591E-15,-6.661338147751E-16));
#8741=DIRECTION('ref_axis',(6.66133814775098E-16,-6.661338147751E-16,1.));
#8742=DIRECTION('',(3.330669073875E-15,6.661338147751E-16,-1.));
#8743=DIRECTION('',(0.,1.,-2.22044604925E-16));
#8744=DIRECTION('',(6.661338147751E-16,0.,1.));
#8745=DIRECTION('',(0.,1.,-2.22044604925E-16));
#8746=DIRECTION('',(3.330669073875E-15,6.661338147751E-16,-1.));
#8747=DIRECTION('',(-1.33226762955E-15,1.,-3.330669073875E-15));
#8748=DIRECTION('',(3.330669073875E-15,6.661338147751E-16,-1.));
#8749=DIRECTION('',(-1.33226762955E-15,1.,-3.330669073875E-15));
#8750=DIRECTION('center_axis',(-8.881784197001E-16,1.,-2.886579864025E-15));
#8751=DIRECTION('ref_axis',(3.10862446895E-15,-2.886579864025E-15,-1.));
#8752=DIRECTION('',(-2.22044604925E-15,-2.22044604925E-16,1.));
#8753=DIRECTION('',(1.,8.881784197001E-16,-1.972152263053E-31));
#8754=DIRECTION('center_axis',(0.,1.,-2.22044604925E-16));
#8755=DIRECTION('ref_axis',(1.,0.,0.));
#8756=DIRECTION('center_axis',(0.,-1.,0.));
#8757=DIRECTION('ref_axis',(1.,0.,0.));
#8758=DIRECTION('',(0.,0.,1.));
#8759=DIRECTION('',(0.,0.,1.));
#8760=DIRECTION('',(1.,0.,0.));
#8761=DIRECTION('center_axis',(-1.,0.,0.));
#8762=DIRECTION('ref_axis',(0.,-1.,0.));
#8763=DIRECTION('',(0.,0.,1.));
#8764=DIRECTION('',(0.,-1.,0.));
#8765=DIRECTION('center_axis',(0.,1.,0.));
#8766=DIRECTION('ref_axis',(-1.,0.,0.));
#8767=DIRECTION('',(0.,0.,1.));
#8768=DIRECTION('',(-1.,0.,0.));
#8769=DIRECTION('center_axis',(1.,0.,0.));
#8770=DIRECTION('ref_axis',(0.,1.,0.));
#8771=DIRECTION('',(0.,1.,0.));
#8772=DIRECTION('center_axis',(-1.,1.33226762955E-15,-1.084683744679E-30));
#8773=DIRECTION('ref_axis',(1.084683744679E-30,6.902532920672E-31,-1.));
#8774=DIRECTION('',(-6.661338147751E-16,1.,-2.22044604925E-15));
#8775=DIRECTION('',(2.22044604925E-15,2.22044604925E-16,-1.));
#8776=DIRECTION('',(-2.22044604925E-16,1.,-1.110223024625E-15));
#8777=DIRECTION('',(1.110223024625E-15,-4.930380657631E-31,-1.));
#8778=DIRECTION('center_axis',(-1.110223024625E-15,1.,-2.998017950772E-15));
#8779=DIRECTION('ref_axis',(-2.775557561563E-15,2.998017950772E-15,1.));
#8780=DIRECTION('center_axis',(-1.7763568394E-15,-1.,-2.22044604925E-16));
#8781=DIRECTION('ref_axis',(1.,-1.7763568394E-15,-4.440892098501E-16));
#8782=DIRECTION('center_axis',(-2.22044604925E-15,-1.,-3.330669073875E-16));
#8783=DIRECTION('ref_axis',(1.,-2.22044604925E-15,-5.551115123126E-16));
#8784=DIRECTION('',(1.,-2.22044604925E-15,-5.551115123126E-16));
#8785=DIRECTION('center_axis',(-2.886579864025E-15,-2.22044604925E-16,1.));
#8786=DIRECTION('ref_axis',(-1.110223024625E-15,1.,2.22044604924997E-16));
#8787=DIRECTION('',(1.,-2.442490654175E-15,-4.440892098501E-16));
#8788=DIRECTION('',(8.881784197001E-16,-1.,2.775557561563E-15));
#8789=DIRECTION('center_axis',(-2.886579864025E-15,-2.22044604925E-16,1.));
#8790=DIRECTION('ref_axis',(-1.110223024625E-15,1.,2.22044604924997E-16));
#8791=DIRECTION('',(1.,-2.442490654175E-15,-4.440892098501E-16));
#8792=DIRECTION('center_axis',(-8.881784197001E-16,1.,-2.886579864025E-15));
#8793=DIRECTION('ref_axis',(3.10862446895E-15,-2.886579864025E-15,-1.));
#8794=DIRECTION('',(1.,-2.442490654175E-15,-4.440892098501E-16));
#8795=DIRECTION('center_axis',(1.998401444325E-15,1.,1.110223024625E-16));
#8796=DIRECTION('ref_axis',(1.,-1.998401444325E-15,-3.330669073875E-16));
#8797=DIRECTION('center_axis',(1.7763568394E-15,-2.22044604925E-16,-1.));
#8798=DIRECTION('ref_axis',(1.,-1.554312234475E-15,1.7763568394E-15));
#8799=DIRECTION('',(-6.661338147751E-16,1.,-2.22044604925E-15));
#8800=DIRECTION('',(1.,-1.7763568394E-15,-4.440892098501E-16));
#8801=DIRECTION('',(9.860761315263E-32,1.,-5.551115123126E-16));
#8802=DIRECTION('center_axis',(-2.22044604925E-16,1.,-5.551115123126E-16));
#8803=DIRECTION('ref_axis',(-5.551115123126E-16,5.551115123126E-16,1.));
#8804=DIRECTION('',(-5.551115123126E-16,1.110223024625E-16,1.));
#8805=DIRECTION('',(1.,-4.440892098501E-16,-1.110223024625E-16));
#8806=DIRECTION('',(5.551115123126E-16,-1.110223024625E-16,-1.));
#8807=DIRECTION('center_axis',(2.22044604925E-16,-1.,1.443289932013E-15));
#8808=DIRECTION('ref_axis',(1.,2.22044604925E-16,-1.110223024625E-16));
#8809=DIRECTION('center_axis',(-1.33226762955E-15,-1.,-1.110223024625E-16));
#8810=DIRECTION('ref_axis',(1.,-1.33226762955E-15,-3.330669073875E-16));
#8811=DIRECTION('center_axis',(1.32565583871878E-16,0.0995037190225237,
-0.995037190209837));
#8812=DIRECTION('ref_axis',(2.36408624571161E-16,-0.995037190209837,-0.0995037190225237));
#8813=DIRECTION('center_axis',(2.42649822842985E-16,0.968720536563541,-0.248154230348882));
#8814=DIRECTION('ref_axis',(1.84201764710313E-15,-0.248154230348882,-0.968720536563541));
#8815=DIRECTION('center_axis',(1.32565583871878E-16,0.0995037190225237,
-0.995037190209837));
#8816=DIRECTION('ref_axis',(2.36408624571161E-16,-0.995037190209837,-0.0995037190225237));
#8817=DIRECTION('center_axis',(-1.33226762955E-15,-1.,-1.110223024625E-16));
#8818=DIRECTION('ref_axis',(1.,-1.33226762955E-15,-3.330669073875E-16));
#8819=DIRECTION('',(2.22044604925E-16,-1.,1.443289932013E-15));
#8820=DIRECTION('center_axis',(-1.7763568394E-15,2.22044604925E-16,1.));
#8821=DIRECTION('ref_axis',(-1.,1.554312234475E-15,-1.7763568394E-15));
#8822=DIRECTION('',(9.860761315263E-32,1.,-5.551115123126E-16));
#8823=DIRECTION('',(-1.,1.7763568394E-15,4.440892098501E-16));
#8824=DIRECTION('',(-6.661338147751E-16,1.,-2.22044604925E-15));
#8825=DIRECTION('center_axis',(1.,-1.33226762955E-15,1.084683744679E-30));
#8826=DIRECTION('ref_axis',(-1.084683744679E-30,-6.902532920672E-31,1.));
#8827=DIRECTION('',(-1.110223024625E-15,4.930380657631E-31,1.));
#8828=DIRECTION('',(-2.22044604925E-16,1.,-1.110223024625E-15));
#8829=DIRECTION('',(-2.22044604925E-15,-2.22044604925E-16,1.));
#8830=DIRECTION('',(-6.661338147751E-16,1.,-2.22044604925E-15));
#8831=DIRECTION('',(-2.22044604925E-15,-2.22044604925E-16,1.));
#8832=DIRECTION('',(1.33226762955E-15,1.,-2.22044604925E-16));
#8833=DIRECTION('',(-1.084683744679E-30,0.,1.));
#8834=DIRECTION('',(-1.33226762955E-15,-1.,2.22044604925E-16));
#8835=DIRECTION('center_axis',(-2.886579864025E-15,-2.22044604925E-16,1.));
#8836=DIRECTION('ref_axis',(-1.110223024625E-15,1.,2.22044604924997E-16));
#8837=DIRECTION('',(8.881784197001E-16,-1.,2.775557561563E-15));
#8838=DIRECTION('',(1.,-2.442490654175E-15,-4.440892098501E-16));
#8839=DIRECTION('center_axis',(-8.881784197001E-16,1.,-2.886579864025E-15));
#8840=DIRECTION('ref_axis',(3.10862446895E-15,-2.886579864025E-15,-1.));
#8841=DIRECTION('',(-1.,-8.881784197001E-16,1.972152263053E-31));
#8842=DIRECTION('center_axis',(0.,1.,-2.22044604925E-16));
#8843=DIRECTION('ref_axis',(1.,0.,0.));
#8844=DIRECTION('center_axis',(0.,1.,-2.22044604925E-16));
#8845=DIRECTION('ref_axis',(1.,0.,0.));
#8846=DIRECTION('',(0.,-1.,2.22044604925E-16));
#8847=DIRECTION('center_axis',(0.,-1.,2.22044604925E-16));
#8848=DIRECTION('ref_axis',(1.,0.,0.));
#8849=DIRECTION('',(0.,-1.,2.22044604925E-16));
#8850=DIRECTION('center_axis',(0.,-1.,2.22044604925E-16));
#8851=DIRECTION('ref_axis',(1.,0.,0.));
#8852=DIRECTION('center_axis',(0.,1.,0.));
#8853=DIRECTION('ref_axis',(0.,0.,1.));
#8854=DIRECTION('',(1.,0.,0.));
#8855=DIRECTION('',(0.,2.22044604925E-16,1.));
#8856=DIRECTION('center_axis',(0.,-1.,2.22044604925E-16));
#8857=DIRECTION('ref_axis',(1.,0.,0.));
#8858=DIRECTION('',(0.,2.22044604925E-16,1.));
#8859=DIRECTION('center_axis',(0.,1.,-2.22044604925E-16));
#8860=DIRECTION('ref_axis',(1.,0.,0.));
#8861=DIRECTION('',(0.,-1.,2.22044604925E-16));
#8862=DIRECTION('center_axis',(0.,-1.,2.22044604925E-16));
#8863=DIRECTION('ref_axis',(1.,0.,0.));
#8864=DIRECTION('',(0.,-1.,2.22044604925E-16));
#8865=DIRECTION('center_axis',(0.,2.22044604925E-16,1.));
#8866=DIRECTION('ref_axis',(1.,0.,0.));
#8867=DIRECTION('',(1.,0.,0.));
#8868=DIRECTION('center_axis',(1.,0.,0.));
#8869=DIRECTION('ref_axis',(0.,1.,0.));
#8870=DIRECTION('',(1.,0.,0.));
#8871=DIRECTION('center_axis',(-1.,0.,0.));
#8872=DIRECTION('ref_axis',(0.,1.,0.));
#8873=DIRECTION('center_axis',(-1.,0.,0.));
#8874=DIRECTION('ref_axis',(0.,1.,0.));
#8875=DIRECTION('center_axis',(1.,0.,0.));
#8876=DIRECTION('ref_axis',(0.,-0.217243167867096,0.976117516498433));
#8877=DIRECTION('center_axis',(-1.,0.,0.));
#8878=DIRECTION('ref_axis',(0.,1.,0.));
#8879=DIRECTION('',(0.,-0.905610812030253,-0.424109722989118));
#8880=DIRECTION('center_axis',(-1.,0.,0.));
#8881=DIRECTION('ref_axis',(0.,1.,0.));
#8882=DIRECTION('center_axis',(-1.,0.,0.));
#8883=DIRECTION('ref_axis',(0.,1.,0.));
#8884=DIRECTION('',(-1.,0.,0.));
#8885=DIRECTION('center_axis',(-1.,0.,0.));
#8886=DIRECTION('ref_axis',(0.,-0.217243167867096,0.976117516498433));
#8887=DIRECTION('',(0.,0.905610812030253,0.424109722989118));
#8888=DIRECTION('center_axis',(-1.,1.33226762955E-15,-1.084683744679E-30));
#8889=DIRECTION('ref_axis',(1.084683744679E-30,6.902532920672E-31,-1.));
#8890=DIRECTION('',(2.22044604925E-15,2.22044604925E-16,-1.));
#8891=DIRECTION('center_axis',(-8.881784197001E-16,1.,-2.442691177777E-15));
#8892=DIRECTION('ref_axis',(-2.22044604925E-15,2.442691177777E-15,1.));
#8893=DIRECTION('',(1.,-4.440892098501E-16,1.109335647967E-31));
#8894=DIRECTION('',(-3.330669073875E-16,1.554512758077E-15,1.));
#8895=DIRECTION('',(0.,0.,1.));
#8896=DIRECTION('center_axis',(0.,-1.,2.22044604925E-16));
#8897=DIRECTION('ref_axis',(1.,0.,0.));
#8898=DIRECTION('',(0.,0.,1.));
#8899=DIRECTION('',(3.330669073875E-16,-1.554512758077E-15,-1.));
#8900=DIRECTION('',(1.,-4.440892098501E-16,1.109335647967E-31));
#8901=DIRECTION('center_axis',(-1.7763568394E-15,-1.,-2.22044604925E-16));
#8902=DIRECTION('ref_axis',(1.,-1.7763568394E-15,-4.440892098501E-16));
#8903=DIRECTION('center_axis',(4.440892098501E-16,-1.,1.998401444325E-15));
#8904=DIRECTION('ref_axis',(1.,4.440892098501E-16,-2.22044604925E-16));
#8905=DIRECTION('center_axis',(-6.661338147751E-16,1.,-2.553512956638E-15));
#8906=DIRECTION('ref_axis',(1.,6.66133814775099E-16,-3.330669073875E-16));
#8907=DIRECTION('center_axis',(1.,8.628166150855E-32,3.330669073875E-16));
#8908=DIRECTION('ref_axis',(-3.330669073875E-16,3.330669073875E-16,1.));
#8909=DIRECTION('',(0.,0.,1.));
#8910=DIRECTION('',(9.860761315263E-32,1.,-5.551115123126E-16));
#8911=DIRECTION('center_axis',(6.661338147751E-16,-4.440892098501E-16,-1.));
#8912=DIRECTION('ref_axis',(1.,-6.661338147751E-16,6.661338147751E-16));
#8913=DIRECTION('',(-2.22044604925E-16,1.,-1.110223024625E-15));
#8914=DIRECTION('',(1.,-8.881784197001E-16,-2.22044604925E-16));
#8915=DIRECTION('',(9.860761315263E-32,1.,-5.551115123126E-16));
#8916=DIRECTION('',(9.860761315263E-32,1.,-5.551115123126E-16));
#8917=DIRECTION('center_axis',(1.110223024625E-16,-5.551115123126E-16,-1.));
#8918=DIRECTION('ref_axis',(1.,-2.22044604925E-16,1.110223024625E-16));
#8919=DIRECTION('',(-1.,8.877134068855E-31,-1.110223024625E-16));
#8920=DIRECTION('',(-1.,8.877134068855E-31,-1.110223024625E-16));
#8921=DIRECTION('',(-1.,8.877134068855E-31,-1.110223024625E-16));
#8922=DIRECTION('',(9.860761315263E-32,1.,-5.551115123126E-16));
#8923=DIRECTION('center_axis',(-1.,-8.628166150855E-32,-3.330669073875E-16));
#8924=DIRECTION('ref_axis',(3.330669073875E-16,-3.330669073875E-16,-1.));
#8925=DIRECTION('',(0.,0.,1.));
#8926=DIRECTION('center_axis',(-6.661338147751E-16,1.,-1.990915520876E-15));
#8927=DIRECTION('ref_axis',(-1.665334536938E-15,1.990915520876E-15,1.));
#8928=DIRECTION('',(1.,-2.22044604925E-16,1.110223024625E-16));
#8929=DIRECTION('center_axis',(0.,-1.,2.22044604925E-16));
#8930=DIRECTION('ref_axis',(1.,0.,0.));
#8931=DIRECTION('center_axis',(1.32565583871878E-16,0.0995037190225237,
-0.995037190209837));
#8932=DIRECTION('ref_axis',(3.31413959683846E-17,-0.995037190209837,-0.0995037190225237));
#8933=DIRECTION('',(1.,-2.22044604925E-16,1.110223024625E-16));
#8934=DIRECTION('center_axis',(-1.,-8.628166150855E-32,-3.330669073875E-16));
#8935=DIRECTION('ref_axis',(2.46519032881235E-32,1.,-3.330669073875E-16));
#8936=DIRECTION('',(1.,-2.22044604925E-16,1.110223024625E-16));
#8937=DIRECTION('center_axis',(2.42649822842985E-16,0.968720536563541,-0.248154230348882));
#8938=DIRECTION('ref_axis',(3.22648753235647E-16,-0.248154230348882,-0.968720536563541));
#8939=DIRECTION('center_axis',(6.661338147751E-16,-4.440892098501E-16,-1.));
#8940=DIRECTION('ref_axis',(1.,-6.661338147751E-16,6.661338147751E-16));
#8941=DIRECTION('',(9.860761315263E-32,1.,-5.551115123126E-16));
#8942=DIRECTION('',(9.860761315263E-32,1.,-5.551115123126E-16));
#8943=DIRECTION('',(1.,-8.881784197001E-16,-2.22044604925E-16));
#8944=DIRECTION('',(-2.22044604925E-16,1.,-1.110223024625E-15));
#8945=DIRECTION('center_axis',(1.,-1.33226762955E-15,1.084683744679E-30));
#8946=DIRECTION('ref_axis',(-1.084683744679E-30,-6.902532920672E-31,1.));
#8947=DIRECTION('',(-2.22044604925E-15,-2.22044604925E-16,1.));
#8948=DIRECTION('center_axis',(0.,1.,0.));
#8949=DIRECTION('ref_axis',(0.,0.,1.));
#8950=DIRECTION('',(1.,0.,0.));
#8951=DIRECTION('',(0.,2.22044604925E-16,1.));
#8952=DIRECTION('',(-1.,0.,0.));
#8953=DIRECTION('',(0.,2.22044604925E-16,1.));
#8954=DIRECTION('center_axis',(0.,-2.22044604925E-16,-1.));
#8955=DIRECTION('ref_axis',(-1.,0.,0.));
#8956=DIRECTION('center_axis',(-1.,0.,0.));
#8957=DIRECTION('ref_axis',(0.,2.22044604925E-16,1.));
#8958=DIRECTION('center_axis',(-1.,0.,0.));
#8959=DIRECTION('ref_axis',(0.,1.,0.));
#8960=DIRECTION('center_axis',(-1.,0.,0.));
#8961=DIRECTION('ref_axis',(0.,1.,0.));
#8962=DIRECTION('center_axis',(-1.,0.,0.));
#8963=DIRECTION('ref_axis',(0.,1.,0.));
#8964=DIRECTION('center_axis',(-1.,0.,0.));
#8965=DIRECTION('ref_axis',(0.,1.,0.));
#8966=DIRECTION('center_axis',(-1.,0.,0.));
#8967=DIRECTION('ref_axis',(0.,2.22044604925E-16,1.));
#8968=DIRECTION('center_axis',(-1.,0.,0.));
#8969=DIRECTION('ref_axis',(0.,1.,0.));
#8970=DIRECTION('center_axis',(0.,-0.905610812030253,-0.424109722989118));
#8971=DIRECTION('ref_axis',(1.,0.,0.));
#8972=DIRECTION('',(0.,-0.424109722989118,0.905610812030253));
#8973=DIRECTION('',(0.,-0.424109722989118,0.905610812030253));
#8974=DIRECTION('',(1.,0.,0.));
#8975=DIRECTION('center_axis',(-1.,0.,0.));
#8976=DIRECTION('ref_axis',(0.,-0.905610812030253,-0.424109722989118));
#8977=DIRECTION('',(0.,-0.424109722989118,0.905610812030253));
#8978=DIRECTION('',(0.,-0.905610812030253,-0.424109722989118));
#8979=DIRECTION('center_axis',(0.,0.905610812030253,0.424109722989118));
#8980=DIRECTION('ref_axis',(-1.,0.,0.));
#8981=DIRECTION('',(0.,-0.424109722989118,0.905610812030253));
#8982=DIRECTION('',(-1.,0.,0.));
#8983=DIRECTION('center_axis',(1.,0.,0.));
#8984=DIRECTION('ref_axis',(0.,0.905610812030253,0.424109722989118));
#8985=DIRECTION('',(0.,0.905610812030253,0.424109722989118));
#8986=DIRECTION('center_axis',(-1.,4.440892098501E-16,-2.22044604925E-16));
#8987=DIRECTION('ref_axis',(2.22044604925E-16,-2.22044604925E-16,-1.));
#8988=DIRECTION('',(-2.22044604925E-16,1.,-1.110223024625E-15));
#8989=DIRECTION('',(1.110223024625E-15,-4.930380657631E-31,-1.));
#8990=DIRECTION('center_axis',(-6.661338147751E-16,4.440892098501E-16,1.));
#8991=DIRECTION('ref_axis',(-1.,6.661338147751E-16,-6.661338147751E-16));
#8992=DIRECTION('',(1.355854680849E-31,1.,-6.661338147751E-16));
#8993=DIRECTION('',(1.355854680849E-31,1.,-6.661338147751E-16));
#8994=DIRECTION('',(-1.,8.881784197001E-16,2.22044604925E-16));
#8995=DIRECTION('center_axis',(1.,0.,0.));
#8996=DIRECTION('ref_axis',(0.,1.,0.));
#8997=DIRECTION('',(3.330669073875E-16,-1.554512758077E-15,-1.));
#8998=DIRECTION('',(0.,1.,-2.22044604925E-16));
#8999=DIRECTION('',(0.,0.,1.));
#9000=DIRECTION('center_axis',(0.,1.,-2.22044604925E-16));
#9001=DIRECTION('ref_axis',(-1.83697019872103E-16,2.22044604925E-16,1.));
#9002=DIRECTION('',(0.,1.,-2.22044604925E-16));
#9003=DIRECTION('center_axis',(0.,-1.,2.22044604925E-16));
#9004=DIRECTION('ref_axis',(1.,0.,0.));
#9005=DIRECTION('center_axis',(-1.,0.,0.));
#9006=DIRECTION('ref_axis',(0.,-1.,0.));
#9007=DIRECTION('',(0.,0.,1.));
#9008=DIRECTION('',(-3.330669073875E-16,1.554512758077E-15,1.));
#9009=DIRECTION('',(-1.355854680849E-31,-1.,6.661338147751E-16));
#9010=DIRECTION('center_axis',(-6.661338147751E-16,4.440892098501E-16,1.));
#9011=DIRECTION('ref_axis',(-1.,6.661338147751E-16,-6.661338147751E-16));
#9012=DIRECTION('',(-1.355854680849E-31,-1.,6.661338147751E-16));
#9013=DIRECTION('',(-2.22044604925E-16,1.,-1.110223024625E-15));
#9014=DIRECTION('',(-1.,8.881784197001E-16,2.22044604925E-16));
#9015=DIRECTION('center_axis',(0.,1.,0.));
#9016=DIRECTION('ref_axis',(-1.,0.,0.));
#9017=DIRECTION('',(0.,0.,1.));
#9018=DIRECTION('center_axis',(0.,-1.,2.22044604925E-16));
#9019=DIRECTION('ref_axis',(1.,0.,0.));
#9020=DIRECTION('',(0.,0.,1.));
#9021=DIRECTION('',(-1.,0.,0.));
#9022=DIRECTION('center_axis',(1.,0.,0.));
#9023=DIRECTION('ref_axis',(0.,1.,0.));
#9024=DIRECTION('',(0.,0.,1.));
#9025=DIRECTION('',(0.,1.,-3.451266460342E-31));
#9026=DIRECTION('center_axis',(1.,8.628166150855E-32,3.330669073875E-16));
#9027=DIRECTION('ref_axis',(-3.330669073875E-16,3.330669073875E-16,1.));
#9028=DIRECTION('',(0.,0.,1.));
#9029=DIRECTION('',(3.330669073875E-16,-6.661338147751E-16,-1.));
#9030=DIRECTION('center_axis',(-4.440892098501E-16,1.,-1.110223024625E-15));
#9031=DIRECTION('ref_axis',(-1.110223024625E-15,1.110223024625E-15,1.));
#9032=DIRECTION('center_axis',(0.,1.,0.));
#9033=DIRECTION('ref_axis',(-1.,0.,0.));
#9034=DIRECTION('center_axis',(0.,1.,-2.22044604925E-16));
#9035=DIRECTION('ref_axis',(1.,0.,0.));
#9036=DIRECTION('',(0.,-1.,2.22044604925E-16));
#9037=DIRECTION('center_axis',(0.,-1.,0.));
#9038=DIRECTION('ref_axis',(1.,0.,1.554312234475E-15));
#9039=DIRECTION('center_axis',(1.,-4.440892098501E-16,2.22044604925E-16));
#9040=DIRECTION('ref_axis',(-2.22044604925E-16,2.22044604925E-16,1.));
#9041=DIRECTION('',(-1.110223024625E-15,4.930380657631E-31,1.));
#9042=DIRECTION('center_axis',(-4.440892098501E-16,1.,-1.110223024625E-15));
#9043=DIRECTION('ref_axis',(-1.110223024625E-15,1.110223024625E-15,1.));
#9044=DIRECTION('',(-3.330669073875E-16,6.661338147751E-16,1.));
#9045=DIRECTION('center_axis',(-1.,0.,0.));
#9046=DIRECTION('ref_axis',(0.,-1.,0.));
#9047=DIRECTION('',(0.,0.,1.));
#9048=DIRECTION('',(0.,-1.,3.451266460342E-31));
#9049=DIRECTION('center_axis',(-1.,-8.628166150855E-32,-3.330669073875E-16));
#9050=DIRECTION('ref_axis',(3.330669073875E-16,-3.330669073875E-16,-1.));
#9051=DIRECTION('',(0.,0.,1.));
#9052=DIRECTION('center_axis',(-1.,0.,0.));
#9053=DIRECTION('ref_axis',(0.,1.,0.));
#9054=DIRECTION('',(-1.,0.,0.));
#9055=DIRECTION('center_axis',(1.,0.,0.));
#9056=DIRECTION('ref_axis',(0.,1.,3.917207593292E-16));
#9057=DIRECTION('center_axis',(1.,0.,0.));
#9058=DIRECTION('ref_axis',(0.,1.,3.917207593292E-16));
#9059=DIRECTION('center_axis',(1.,0.,0.));
#9060=DIRECTION('ref_axis',(0.,1.,3.917207593292E-16));
#9061=DIRECTION('',(1.,0.,0.));
#9062=DIRECTION('center_axis',(1.,0.,0.));
#9063=DIRECTION('ref_axis',(0.,-0.0191304835055621,0.999816995555108));
#9064=DIRECTION('center_axis',(1.,0.,0.));
#9065=DIRECTION('ref_axis',(0.,1.,-1.065360406729E-15));
#9066=DIRECTION('',(0.,-0.921171828008778,0.389156091154906));
#9067=DIRECTION('center_axis',(-1.,0.,0.));
#9068=DIRECTION('ref_axis',(0.,1.,-5.326802033643E-16));
#9069=DIRECTION('',(-1.,0.,0.));
#9070=DIRECTION('center_axis',(1.,0.,0.));
#9071=DIRECTION('ref_axis',(0.,1.,-5.326802033643E-16));
#9072=DIRECTION('center_axis',(-1.,0.,0.));
#9073=DIRECTION('ref_axis',(0.,-0.0191304835055621,0.999816995555108));
#9074=DIRECTION('',(0.,0.921171828008778,-0.389156091154906));
#9075=DIRECTION('center_axis',(0.,-1.,0.));
#9076=DIRECTION('ref_axis',(1.,0.,0.));
#9077=DIRECTION('center_axis',(0.,-1.,2.22044604925E-16));
#9078=DIRECTION('ref_axis',(1.,0.,0.));
#9079=DIRECTION('',(1.,0.,0.));
#9080=DIRECTION('center_axis',(0.,1.,0.));
#9081=DIRECTION('ref_axis',(0.,0.,1.));
#9082=DIRECTION('',(0.,0.,1.));
#9083=DIRECTION('',(1.,0.,0.));
#9084=DIRECTION('',(0.,0.,1.));
#9085=DIRECTION('center_axis',(-1.,0.,0.));
#9086=DIRECTION('ref_axis',(0.,1.,-1.253268321274E-16));
#9087=DIRECTION('',(-1.,0.,0.));
#9088=DIRECTION('center_axis',(1.,0.,0.));
#9089=DIRECTION('ref_axis',(0.,1.,0.));
#9090=DIRECTION('center_axis',(1.,0.,0.));
#9091=DIRECTION('ref_axis',(0.,1.,-1.253268321274E-16));
#9092=DIRECTION('center_axis',(-1.,0.,0.));
#9093=DIRECTION('ref_axis',(0.,0.22593962558097,0.974141306788872));
#9094=DIRECTION('center_axis',(1.,0.,0.));
#9095=DIRECTION('ref_axis',(0.,1.,8.011063650587E-17));
#9096=DIRECTION('',(0.,0.897902571184992,-0.440194244236996));
#9097=DIRECTION('center_axis',(6.12323399573677E-17,-1.,0.));
#9098=DIRECTION('ref_axis',(1.,0.,1.77635683940025E-15));
#9099=DIRECTION('center_axis',(2.22044604925031E-15,0.,-1.));
#9100=DIRECTION('ref_axis',(-1.,0.,-2.22044604925031E-15));
#9101=DIRECTION('center_axis',(1.,0.,0.));
#9102=DIRECTION('ref_axis',(0.,0.22593962558097,0.974141306788872));
#9103=DIRECTION('center_axis',(1.,0.,0.));
#9104=DIRECTION('ref_axis',(0.,1.,8.011063650587E-17));
#9105=DIRECTION('',(0.,-0.897902571184992,0.440194244236996));
#9106=DIRECTION('center_axis',(0.,-0.921171828008778,0.389156091154906));
#9107=DIRECTION('ref_axis',(1.,0.,0.));
#9108=DIRECTION('',(0.,0.389156091154906,0.921171828008778));
#9109=DIRECTION('',(0.,0.389156091154906,0.921171828008778));
#9110=DIRECTION('center_axis',(0.,-0.921171828008778,0.389156091154906));
#9111=DIRECTION('ref_axis',(0.,-0.389156091154906,-0.921171828008778));
#9112=DIRECTION('',(1.,0.,0.));
#9113=DIRECTION('center_axis',(0.,0.921171828008778,-0.389156091154906));
#9114=DIRECTION('ref_axis',(0.,0.389156091154906,0.921171828008778));
#9115=DIRECTION('center_axis',(-1.,0.,0.));
#9116=DIRECTION('ref_axis',(0.,-0.921171828008778,0.389156091154906));
#9117=DIRECTION('',(0.,0.389156091154906,0.921171828008778));
#9118=DIRECTION('',(0.,-0.921171828008778,0.389156091154906));
#9119=DIRECTION('center_axis',(0.,0.921171828008778,-0.389156091154906));
#9120=DIRECTION('ref_axis',(-1.,0.,0.));
#9121=DIRECTION('',(0.,0.389156091154906,0.921171828008778));
#9122=DIRECTION('center_axis',(0.,0.921171828008778,-0.389156091154906));
#9123=DIRECTION('ref_axis',(0.,0.389156091154906,0.921171828008778));
#9124=DIRECTION('',(-1.,0.,0.));
#9125=DIRECTION('center_axis',(0.,-0.921171828008778,0.389156091154906));
#9126=DIRECTION('ref_axis',(0.,-0.389156091154906,-0.921171828008778));
#9127=DIRECTION('center_axis',(1.,0.,0.));
#9128=DIRECTION('ref_axis',(0.,0.921171828008778,-0.389156091154906));
#9129=DIRECTION('',(0.,0.921171828008778,-0.389156091154906));
#9130=DIRECTION('center_axis',(0.,-1.,0.));
#9131=DIRECTION('ref_axis',(1.,0.,0.));
#9132=DIRECTION('center_axis',(1.,0.,0.));
#9133=DIRECTION('ref_axis',(0.,1.,8.011063650587E-17));
#9134=DIRECTION('',(1.,0.,0.));
#9135=DIRECTION('center_axis',(0.,0.897902571184992,-0.440194244236996));
#9136=DIRECTION('ref_axis',(-1.,0.,0.));
#9137=DIRECTION('',(0.,0.440194244236996,0.897902571184992));
#9138=DIRECTION('',(0.,0.440194244236996,0.897902571184992));
#9139=DIRECTION('',(-1.,0.,0.));
#9140=DIRECTION('center_axis',(1.,0.,0.));
#9141=DIRECTION('ref_axis',(0.,0.897902571184992,-0.440194244236996));
#9142=DIRECTION('',(0.,0.440194244236996,0.897902571184992));
#9143=DIRECTION('',(0.,0.897902571184992,-0.440194244236996));
#9144=DIRECTION('center_axis',(-1.,0.,0.));
#9145=DIRECTION('ref_axis',(0.,-0.897902571184992,0.440194244236996));
#9146=DIRECTION('',(0.,0.440194244236996,0.897902571184992));
#9147=DIRECTION('',(0.,-0.897902571184992,0.440194244236996));
#9148=DIRECTION('center_axis',(0.,0.921171828008778,-0.389156091154906));
#9149=DIRECTION('ref_axis',(0.,-0.389156091154906,-0.921171828008778));
#9150=DIRECTION('',(0.,0.921171828008778,-0.389156091154906));
#9151=DIRECTION('center_axis',(0.,-0.389156091154906,-0.921171828008778));
#9152=DIRECTION('ref_axis',(0.,-0.921171828008778,0.389156091154906));
#9153=DIRECTION('',(0.,-0.921171828008778,0.389156091154906));
#9154=DIRECTION('center_axis',(0.,-0.921171828008778,0.389156091154906));
#9155=DIRECTION('ref_axis',(0.,-0.389156091154906,-0.921171828008778));
#9156=DIRECTION('center_axis',(0.,-0.897902571184992,0.440194244236996));
#9157=DIRECTION('ref_axis',(1.,0.,0.));
#9158=DIRECTION('',(1.,0.,0.));
#9159=DIRECTION('center_axis',(-1.,0.,0.));
#9160=DIRECTION('ref_axis',(0.,-0.999125891355215,0.0418025504442881));
#9161=DIRECTION('center_axis',(-1.,0.,0.));
#9162=DIRECTION('ref_axis',(0.,1.,1.307527902177E-14));
#9163=DIRECTION('center_axis',(-1.,0.,0.));
#9164=DIRECTION('ref_axis',(0.,1.,1.307527902177E-14));
#9165=DIRECTION('',(-1.,0.,0.));
#9166=DIRECTION('center_axis',(-1.,0.,0.));
#9167=DIRECTION('ref_axis',(0.,0.041802550444269,0.999125891355216));
#9168=DIRECTION('center_axis',(-1.,0.,0.));
#9169=DIRECTION('ref_axis',(0.,1.,-2.360604839877E-14));
#9170=DIRECTION('',(0.,0.931534800530299,0.363652190150117));
#9171=DIRECTION('center_axis',(1.,0.,0.));
#9172=DIRECTION('ref_axis',(0.,0.041802550444269,0.999125891355216));
#9173=DIRECTION('center_axis',(-1.,0.,0.));
#9174=DIRECTION('ref_axis',(0.,1.,-2.360604839877E-14));
#9175=DIRECTION('',(0.,-0.931534800530299,-0.363652190150117));
#9176=DIRECTION('center_axis',(1.,0.,0.));
#9177=DIRECTION('ref_axis',(0.,-0.999125891355206,0.041802550444508));
#9178=DIRECTION('',(1.,0.,0.));
#9179=DIRECTION('center_axis',(0.,0.931534800530299,0.363652190150117));
#9180=DIRECTION('ref_axis',(-1.,0.,0.));
#9181=DIRECTION('',(0.,-0.363652190150117,0.931534800530299));
#9182=DIRECTION('',(0.,-0.363652190150117,0.931534800530299));
#9183=DIRECTION('center_axis',(0.,0.931534800530299,0.363652190150117));
#9184=DIRECTION('ref_axis',(0.,-0.363652190150117,0.931534800530299));
#9185=DIRECTION('',(-1.,0.,0.));
#9186=DIRECTION('center_axis',(0.,-0.931534800530299,-0.363652190150117));
#9187=DIRECTION('ref_axis',(0.,0.363652190150117,-0.931534800530299));
#9188=DIRECTION('center_axis',(1.,0.,0.));
#9189=DIRECTION('ref_axis',(0.,0.931534800530299,0.363652190150117));
#9190=DIRECTION('',(0.,-0.363652190150117,0.931534800530299));
#9191=DIRECTION('',(0.,0.931534800530299,0.363652190150117));
#9192=DIRECTION('center_axis',(-1.,0.,0.));
#9193=DIRECTION('ref_axis',(0.,-0.931534800530299,-0.363652190150117));
#9194=DIRECTION('',(0.,-0.363652190150117,0.931534800530299));
#9195=DIRECTION('',(0.,-0.931534800530299,-0.363652190150117));
#9196=DIRECTION('center_axis',(0.,-0.931534800530299,-0.363652190150117));
#9197=DIRECTION('ref_axis',(1.,0.,0.));
#9198=DIRECTION('center_axis',(0.,-0.931534800530299,-0.363652190150117));
#9199=DIRECTION('ref_axis',(0.,0.363652190150117,-0.931534800530299));
#9200=DIRECTION('',(1.,0.,0.));
#9201=DIRECTION('center_axis',(0.,0.931534800530299,0.363652190150117));
#9202=DIRECTION('ref_axis',(0.,-0.363652190150117,0.931534800530299));
#9203=DIRECTION('center_axis',(0.,-0.931534800530299,-0.363652190150117));
#9204=DIRECTION('ref_axis',(0.,0.363652190150117,-0.931534800530299));
#9205=DIRECTION('',(0.,-0.931534800530299,-0.363652190150117));
#9206=DIRECTION('center_axis',(0.,0.363652190150117,-0.931534800530299));
#9207=DIRECTION('ref_axis',(0.,-0.931534800530299,-0.363652190150117));
#9208=DIRECTION('',(0.,0.931534800530299,0.363652190150117));
#9209=DIRECTION('center_axis',(0.,0.931534800530299,0.363652190150117));
#9210=DIRECTION('ref_axis',(0.,0.363652190150117,-0.931534800530299));
#9211=DIRECTION('',(0.,0.,1.));
#9212=DIRECTION('',(1.,0.,0.));
#9213=DIRECTION('axis',(0.,0.,1.));
#9214=DIRECTION('refdir',(1.,0.,0.));
#9215=DIRECTION('axis',(0.,0.,1.));
#9216=DIRECTION('refdir',(1.,0.,0.));
#9217=DIRECTION('center_axis',(0.,1.,0.));
#9218=DIRECTION('ref_axis',(1.,0.,0.));
#9219=DIRECTION('',(0.,0.,1.));
#9220=DIRECTION('',(1.,0.,0.));
#9221=DIRECTION('',(0.,0.,1.));
#9222=DIRECTION('',(1.,0.,0.));
#9223=DIRECTION('center_axis',(0.,0.,-1.));
#9224=DIRECTION('ref_axis',(-1.83697019872103E-16,1.,0.));
#9225=DIRECTION('center_axis',(0.,0.,1.));
#9226=DIRECTION('ref_axis',(1.,0.,0.));
#9227=DIRECTION('center_axis',(0.,0.,1.));
#9228=DIRECTION('ref_axis',(1.,0.,0.));
#9229=DIRECTION('center_axis',(0.,0.,-1.));
#9230=DIRECTION('ref_axis',(-1.,0.,0.));
#9231=DIRECTION('',(-1.,0.,0.));
#9232=DIRECTION('',(0.,-1.,0.));
#9233=DIRECTION('',(1.,0.,0.));
#9234=DIRECTION('',(0.,1.,0.));
#9235=DIRECTION('',(-1.,0.,0.));
#9236=DIRECTION('',(0.,-1.,0.));
#9237=DIRECTION('',(1.,0.,0.));
#9238=DIRECTION('',(0.,1.,0.));
#9239=DIRECTION('',(0.,-1.,0.));
#9240=DIRECTION('',(1.,0.,0.));
#9241=DIRECTION('',(0.,1.,0.));
#9242=DIRECTION('',(-1.,0.,0.));
#9243=DIRECTION('center_axis',(0.,0.,-1.));
#9244=DIRECTION('ref_axis',(-1.,0.,0.));
#9245=DIRECTION('center_axis',(0.,1.,0.));
#9246=DIRECTION('ref_axis',(-1.,0.,0.));
#9247=DIRECTION('',(0.,0.,-1.));
#9248=DIRECTION('',(0.,0.,-1.));
#9249=DIRECTION('',(-1.,0.,0.));
#9250=DIRECTION('center_axis',(1.,0.,0.));
#9251=DIRECTION('ref_axis',(0.,1.,0.));
#9252=DIRECTION('',(0.,0.,-1.));
#9253=DIRECTION('',(0.,1.,0.));
#9254=DIRECTION('center_axis',(0.,-1.,0.));
#9255=DIRECTION('ref_axis',(1.,0.,0.));
#9256=DIRECTION('',(0.,0.,-1.));
#9257=DIRECTION('',(1.,0.,0.));
#9258=DIRECTION('center_axis',(-1.,0.,0.));
#9259=DIRECTION('ref_axis',(0.,-1.,0.));
#9260=DIRECTION('',(0.,-1.,0.));
#9261=DIRECTION('center_axis',(0.,1.,0.));
#9262=DIRECTION('ref_axis',(-1.,0.,0.));
#9263=DIRECTION('',(0.,0.,-1.));
#9264=DIRECTION('',(0.,0.,-1.));
#9265=DIRECTION('',(-1.,0.,0.));
#9266=DIRECTION('center_axis',(1.,0.,0.));
#9267=DIRECTION('ref_axis',(0.,1.,0.));
#9268=DIRECTION('',(0.,0.,-1.));
#9269=DIRECTION('',(0.,1.,0.));
#9270=DIRECTION('center_axis',(0.,-1.,0.));
#9271=DIRECTION('ref_axis',(1.,0.,0.));
#9272=DIRECTION('',(0.,0.,-1.));
#9273=DIRECTION('',(1.,0.,0.));
#9274=DIRECTION('center_axis',(-1.,0.,0.));
#9275=DIRECTION('ref_axis',(0.,-1.,0.));
#9276=DIRECTION('',(0.,-1.,0.));
#9277=DIRECTION('center_axis',(-1.,0.,0.));
#9278=DIRECTION('ref_axis',(0.,-1.,0.));
#9279=DIRECTION('',(0.,0.,-1.));
#9280=DIRECTION('',(0.,0.,-1.));
#9281=DIRECTION('',(0.,-1.,0.));
#9282=DIRECTION('center_axis',(0.,1.,0.));
#9283=DIRECTION('ref_axis',(-1.,0.,0.));
#9284=DIRECTION('',(0.,0.,-1.));
#9285=DIRECTION('',(-1.,0.,0.));
#9286=DIRECTION('center_axis',(1.,0.,0.));
#9287=DIRECTION('ref_axis',(0.,1.,0.));
#9288=DIRECTION('',(0.,0.,-1.));
#9289=DIRECTION('',(0.,1.,0.));
#9290=DIRECTION('center_axis',(0.,-1.,0.));
#9291=DIRECTION('ref_axis',(1.,0.,0.));
#9292=DIRECTION('',(1.,0.,0.));
#9293=DIRECTION('center_axis',(0.,0.,1.));
#9294=DIRECTION('ref_axis',(1.,0.,0.));
#9295=DIRECTION('center_axis',(0.,0.,1.));
#9296=DIRECTION('ref_axis',(1.,0.,0.));
#9297=DIRECTION('center_axis',(0.,0.,1.));
#9298=DIRECTION('ref_axis',(1.,0.,0.));
#9299=DIRECTION('',(0.,0.,1.));
#9300=DIRECTION('',(1.,0.,0.));
#9301=DIRECTION('axis',(0.,0.,1.));
#9302=DIRECTION('refdir',(1.,0.,0.));
#9303=DIRECTION('axis',(0.,0.,1.));
#9304=DIRECTION('refdir',(1.,0.,0.));
#9305=DIRECTION('center_axis',(0.,-1.,0.));
#9306=DIRECTION('ref_axis',(1.,0.,0.));
#9307=DIRECTION('center_axis',(0.,1.,0.));
#9308=DIRECTION('ref_axis',(1.,0.,0.));
#9309=DIRECTION('',(0.,1.,0.));
#9310=DIRECTION('center_axis',(0.,1.,0.));
#9311=DIRECTION('ref_axis',(1.,0.,0.));
#9312=DIRECTION('center_axis',(0.,-1.,0.));
#9313=DIRECTION('ref_axis',(1.,0.,0.));
#9314=DIRECTION('center_axis',(0.,-1.,0.));
#9315=DIRECTION('ref_axis',(1.,0.,0.));
#9316=DIRECTION('',(0.,-1.,0.));
#9317=DIRECTION('center_axis',(0.,1.,0.));
#9318=DIRECTION('ref_axis',(1.,0.,0.));
#9319=DIRECTION('center_axis',(0.,-1.,0.));
#9320=DIRECTION('ref_axis',(1.,0.,0.));
#9321=DIRECTION('center_axis',(0.,-1.,0.));
#9322=DIRECTION('ref_axis',(1.,0.,0.));
#9323=DIRECTION('',(0.,-1.,0.));
#9324=DIRECTION('center_axis',(0.,1.,0.));
#9325=DIRECTION('ref_axis',(1.,0.,0.));
#9326=DIRECTION('center_axis',(0.,1.,0.));
#9327=DIRECTION('ref_axis',(-1.,0.,0.));
#9328=DIRECTION('center_axis',(0.,-1.,0.));
#9329=DIRECTION('ref_axis',(-1.,0.,0.));
#9330=DIRECTION('',(0.,1.,0.));
#9331=DIRECTION('center_axis',(0.,-1.,0.));
#9332=DIRECTION('ref_axis',(-1.,0.,0.));
#9333=DIRECTION('center_axis',(0.,1.,0.));
#9334=DIRECTION('ref_axis',(0.,0.,1.));
#9335=DIRECTION('center_axis',(0.,1.,0.));
#9336=DIRECTION('ref_axis',(-1.,0.,0.));
#9337=DIRECTION('center_axis',(0.,1.,0.));
#9338=DIRECTION('ref_axis',(-1.,0.,0.));
#9339=DIRECTION('center_axis',(0.,1.,0.));
#9340=DIRECTION('ref_axis',(-1.,0.,0.));
#9341=DIRECTION('center_axis',(0.,1.,0.));
#9342=DIRECTION('ref_axis',(-1.,0.,0.));
#9343=DIRECTION('center_axis',(0.,1.,0.));
#9344=DIRECTION('ref_axis',(-1.,0.,0.));
#9345=DIRECTION('center_axis',(0.,1.,0.));
#9346=DIRECTION('ref_axis',(-1.,0.,0.));
#9347=DIRECTION('center_axis',(0.,1.,0.));
#9348=DIRECTION('ref_axis',(-1.,0.,0.));
#9349=DIRECTION('center_axis',(1.,0.,-1.22464679914735E-16));
#9350=DIRECTION('ref_axis',(-1.22464679914735E-16,0.,-1.));
#9351=DIRECTION('center_axis',(0.,1.,0.));
#9352=DIRECTION('ref_axis',(-1.,0.,0.));
#9353=DIRECTION('center_axis',(0.,1.,0.));
#9354=DIRECTION('ref_axis',(-1.,0.,0.));
#9355=DIRECTION('center_axis',(0.,1.,0.));
#9356=DIRECTION('ref_axis',(-1.,0.,0.));
#9357=DIRECTION('',(0.,-1.,0.));
#9358=DIRECTION('center_axis',(0.,-1.,0.));
#9359=DIRECTION('ref_axis',(-1.,0.,0.));
#9360=DIRECTION('center_axis',(0.,1.,0.));
#9361=DIRECTION('ref_axis',(-1.,0.,0.));
#9362=DIRECTION('center_axis',(0.,1.,0.));
#9363=DIRECTION('ref_axis',(-1.,0.,0.));
#9364=DIRECTION('',(0.,-1.,0.));
#9365=DIRECTION('center_axis',(0.,-1.,0.));
#9366=DIRECTION('ref_axis',(-1.,0.,0.));
#9367=DIRECTION('center_axis',(0.,-1.,0.));
#9368=DIRECTION('ref_axis',(1.,0.,0.));
#9369=DIRECTION('center_axis',(0.,-1.,0.));
#9370=DIRECTION('ref_axis',(-0.996567724936265,0.,0.082781456953572));
#9371=DIRECTION('',(0.,-1.,0.));
#9372=DIRECTION('center_axis',(0.,-1.,0.));
#9373=DIRECTION('ref_axis',(-1.,0.,0.));
#9374=DIRECTION('',(0.,-1.,0.));
#9375=DIRECTION('center_axis',(0.,-1.,0.));
#9376=DIRECTION('ref_axis',(0.53065061979613,0.,0.847590655747208));
#9377=DIRECTION('',(0.,-1.,0.));
#9378=DIRECTION('center_axis',(0.,-1.,0.));
#9379=DIRECTION('ref_axis',(-1.,0.,0.));
#9380=DIRECTION('',(0.,-1.,0.));
#9381=DIRECTION('center_axis',(0.,-1.,0.));
#9382=DIRECTION('ref_axis',(1.,0.,0.));
#9383=DIRECTION('',(0.,-1.,0.));
#9384=DIRECTION('center_axis',(0.,-1.,0.));
#9385=DIRECTION('ref_axis',(-1.,0.,0.));
#9386=DIRECTION('',(0.,-1.,0.));
#9387=DIRECTION('center_axis',(0.,-1.,0.));
#9388=DIRECTION('ref_axis',(-0.996567724936265,0.,0.082781456953572));
#9389=DIRECTION('',(0.,1.,0.));
#9390=DIRECTION('center_axis',(0.,1.,0.));
#9391=DIRECTION('ref_axis',(1.,0.,0.));
#9392=DIRECTION('center_axis',(0.,1.,0.));
#9393=DIRECTION('ref_axis',(1.,0.,0.));
#9394=DIRECTION('center_axis',(0.,1.,0.));
#9395=DIRECTION('ref_axis',(0.,0.,1.));
#9396=DIRECTION('center_axis',(0.,-1.,0.));
#9397=DIRECTION('ref_axis',(1.,0.,0.));
#9398=DIRECTION('center_axis',(-1.,0.,1.22464679914735E-16));
#9399=DIRECTION('ref_axis',(-1.22464679914735E-16,0.,-1.));
#9400=DIRECTION('center_axis',(0.,1.,0.));
#9401=DIRECTION('ref_axis',(1.,0.,0.));
#9402=DIRECTION('center_axis',(-0.866025403782097,0.,-0.500000000004056));
#9403=DIRECTION('ref_axis',(-0.500000000004056,0.,0.866025403782097));
#9404=DIRECTION('',(-0.500000000004056,0.,0.866025403782097));
#9405=DIRECTION('',(0.500000000004056,0.,-0.866025403782097));
#9406=DIRECTION('',(0.,-1.,0.));
#9407=DIRECTION('center_axis',(0.,1.,0.));
#9408=DIRECTION('ref_axis',(-0.461120903690874,0.,0.887337315894757));
#9409=DIRECTION('',(0.,-1.,0.));
#9410=DIRECTION('center_axis',(0.,1.,0.));
#9411=DIRECTION('ref_axis',(-0.461120903690874,0.,0.887337315894757));
#9412=DIRECTION('center_axis',(0.866025403780298,0.,0.500000000007172));
#9413=DIRECTION('ref_axis',(0.,-1.,0.));
#9414=DIRECTION('',(0.500000000007172,0.,-0.866025403780298));
#9415=DIRECTION('',(-0.500000000007172,0.,0.866025403780298));
#9416=DIRECTION('center_axis',(0.,1.,0.));
#9417=DIRECTION('ref_axis',(1.,0.,0.));
#9418=DIRECTION('center_axis',(0.866025403779865,0.,-0.500000000007922));
#9419=DIRECTION('ref_axis',(0.,-1.,0.));
#9420=DIRECTION('',(-0.500000000007922,0.,-0.866025403779865));
#9421=DIRECTION('',(0.500000000007922,0.,0.866025403779865));
#9422=DIRECTION('',(0.,-1.,0.));
#9423=DIRECTION('center_axis',(0.,1.,0.));
#9424=DIRECTION('ref_axis',(-0.532800114046352,0.,-0.84624112312756));
#9425=DIRECTION('',(0.,-1.,0.));
#9426=DIRECTION('center_axis',(0.,1.,0.));
#9427=DIRECTION('ref_axis',(-0.532800114046352,0.,-0.84624112312756));
#9428=DIRECTION('center_axis',(-0.866025403778066,0.,0.500000000011038));
#9429=DIRECTION('ref_axis',(0.,1.,0.));
#9430=DIRECTION('',(0.500000000011038,0.,0.866025403778066));
#9431=DIRECTION('',(-0.500000000011038,0.,-0.866025403778066));
#9432=DIRECTION('center_axis',(0.,-1.,0.));
#9433=DIRECTION('ref_axis',(0.,0.,-1.));
#9434=DIRECTION('center_axis',(0.,1.,0.));
#9435=DIRECTION('ref_axis',(0.996062617202075,0.,-0.0886524822695467));
#9436=DIRECTION('',(0.,-1.,0.));
#9437=DIRECTION('',(0.,-1.,0.));
#9438=DIRECTION('center_axis',(0.,1.,0.));
#9439=DIRECTION('ref_axis',(0.996062617202075,0.,-0.0886524822695467));
#9440=DIRECTION('center_axis',(0.,0.,-1.));
#9441=DIRECTION('ref_axis',(0.,-1.,0.));
#9442=DIRECTION('',(-1.,0.,0.));
#9443=DIRECTION('',(1.,0.,0.));
#9444=DIRECTION('center_axis',(0.,0.,1.));
#9445=DIRECTION('ref_axis',(1.,0.,0.));
#9446=DIRECTION('',(1.,0.,0.));
#9447=DIRECTION('',(-1.,0.,0.));
#9448=DIRECTION('center_axis',(0.,-1.,0.));
#9449=DIRECTION('ref_axis',(0.,0.,-1.));
#9450=DIRECTION('center_axis',(0.,1.,0.));
#9451=DIRECTION('ref_axis',(1.,0.,0.));
#9452=DIRECTION('center_axis',(0.,1.,0.));
#9453=DIRECTION('ref_axis',(1.,0.,0.));
#9454=DIRECTION('center_axis',(0.,1.,0.));
#9455=DIRECTION('ref_axis',(1.,0.,0.));
#9456=DIRECTION('center_axis',(0.,1.,0.));
#9457=DIRECTION('ref_axis',(1.,0.,0.));
#9458=DIRECTION('center_axis',(0.,1.,0.));
#9459=DIRECTION('ref_axis',(1.,0.,0.));
#9460=DIRECTION('center_axis',(0.,1.,0.));
#9461=DIRECTION('ref_axis',(1.,0.,0.));
#9462=DIRECTION('center_axis',(0.,1.,0.));
#9463=DIRECTION('ref_axis',(1.,0.,0.));
#9464=DIRECTION('center_axis',(-1.,0.,0.));
#9465=DIRECTION('ref_axis',(0.,0.,1.));
#9466=DIRECTION('',(0.,0.,-1.));
#9467=DIRECTION('',(0.,1.,0.));
#9468=DIRECTION('',(0.,0.,1.));
#9469=DIRECTION('',(0.,1.,0.));
#9470=DIRECTION('center_axis',(0.,0.,1.));
#9471=DIRECTION('ref_axis',(1.,0.,0.));
#9472=DIRECTION('',(-1.,0.,0.));
#9473=DIRECTION('',(0.,1.,0.));
#9474=DIRECTION('',(1.,0.,1.040834085586E-16));
#9475=DIRECTION('center_axis',(0.,0.,-1.));
#9476=DIRECTION('ref_axis',(0.,-1.,0.));
#9477=DIRECTION('',(1.,0.,0.));
#9478=DIRECTION('',(-1.,0.,0.));
#9479=DIRECTION('',(0.,1.,0.));
#9480=DIRECTION('center_axis',(1.,0.,0.));
#9481=DIRECTION('ref_axis',(0.,1.,0.));
#9482=DIRECTION('',(0.,0.,1.));
#9483=DIRECTION('',(0.,0.,-1.));
#9484=DIRECTION('center_axis',(0.,1.,0.));
#9485=DIRECTION('ref_axis',(1.,0.,0.));
#9486=DIRECTION('center_axis',(0.,0.,-1.));
#9487=DIRECTION('ref_axis',(0.,-1.,0.));
#9488=DIRECTION('',(1.,0.,0.));
#9489=DIRECTION('',(0.,1.,0.));
#9490=DIRECTION('',(-1.,0.,0.));
#9491=DIRECTION('',(0.,1.,0.));
#9492=DIRECTION('center_axis',(1.,0.,-6.344131569287E-16));
#9493=DIRECTION('ref_axis',(-6.344131569287E-16,0.,-1.));
#9494=DIRECTION('',(6.344131569287E-16,0.,1.));
#9495=DIRECTION('',(0.,1.,0.));
#9496=DIRECTION('',(-6.344131569287E-16,0.,-1.));
#9497=DIRECTION('center_axis',(-5.551115123126E-16,0.,-1.));
#9498=DIRECTION('ref_axis',(-1.,0.,5.551115123126E-16));
#9499=DIRECTION('',(1.,0.,-5.551115123126E-16));
#9500=DIRECTION('',(0.,1.,0.));
#9501=DIRECTION('',(-1.,0.,5.551115123126E-16));
#9502=DIRECTION('center_axis',(-1.,0.,6.344131569287E-16));
#9503=DIRECTION('ref_axis',(0.,1.,0.));
#9504=DIRECTION('',(-6.344131569287E-16,0.,-1.));
#9505=DIRECTION('',(0.,1.,0.));
#9506=DIRECTION('',(6.344131569287E-16,0.,1.));
#9507=DIRECTION('center_axis',(-9.91270557701E-17,0.,-1.));
#9508=DIRECTION('ref_axis',(-1.,0.,9.91270557701E-17));
#9509=DIRECTION('',(1.,0.,-9.91270557701E-17));
#9510=DIRECTION('',(0.,1.,0.));
#9511=DIRECTION('',(-1.,0.,9.91270557701E-17));
#9512=DIRECTION('center_axis',(-1.,0.,0.));
#9513=DIRECTION('ref_axis',(0.,0.,1.));
#9514=DIRECTION('',(0.,0.,-1.));
#9515=DIRECTION('',(0.,1.,0.));
#9516=DIRECTION('',(0.,0.,1.));
#9517=DIRECTION('center_axis',(1.,0.,0.));
#9518=DIRECTION('ref_axis',(0.,1.,0.));
#9519=DIRECTION('',(0.,0.,1.));
#9520=DIRECTION('',(0.,0.,-1.));
#9521=DIRECTION('',(0.,1.,0.));
#9522=DIRECTION('center_axis',(-1.982541115402E-16,0.,1.));
#9523=DIRECTION('ref_axis',(1.,0.,1.982541115402E-16));
#9524=DIRECTION('',(-1.,0.,-1.982541115402E-16));
#9525=DIRECTION('',(1.,0.,1.982541115402E-16));
#9526=DIRECTION('',(0.,1.,0.));
#9527=DIRECTION('center_axis',(1.,0.,0.));
#9528=DIRECTION('ref_axis',(0.,1.,0.));
#9529=DIRECTION('',(0.,0.,1.));
#9530=DIRECTION('',(0.,0.,-1.));
#9531=DIRECTION('',(0.,1.,0.));
#9532=DIRECTION('center_axis',(5.551115123126E-16,0.,1.));
#9533=DIRECTION('ref_axis',(1.,0.,-5.551115123126E-16));
#9534=DIRECTION('',(-1.,0.,5.551115123126E-16));
#9535=DIRECTION('',(1.,0.,-5.551115123126E-16));
#9536=DIRECTION('',(0.,1.,0.));
#9537=DIRECTION('center_axis',(-1.,0.,0.));
#9538=DIRECTION('ref_axis',(0.,0.,1.));
#9539=DIRECTION('',(0.,0.,-1.));
#9540=DIRECTION('',(0.,0.,1.));
#9541=DIRECTION('',(0.,1.,0.));
#9542=DIRECTION('center_axis',(9.91270557701E-17,0.,1.));
#9543=DIRECTION('ref_axis',(1.,0.,-9.91270557701E-17));
#9544=DIRECTION('',(-1.,0.,9.91270557701E-17));
#9545=DIRECTION('',(1.,0.,-9.91270557701E-17));
#9546=DIRECTION('center_axis',(0.,1.,0.));
#9547=DIRECTION('ref_axis',(1.,0.,0.));
#9548=DIRECTION('center_axis',(0.,1.,0.));
#9549=DIRECTION('ref_axis',(1.,0.,0.));
#9550=DIRECTION('center_axis',(0.,1.,0.));
#9551=DIRECTION('ref_axis',(1.,0.,0.));
#9552=DIRECTION('',(0.,0.,1.));
#9553=DIRECTION('',(1.,0.,0.));
#9554=DIRECTION('axis',(0.,0.,1.));
#9555=DIRECTION('refdir',(1.,0.,0.));
#9556=DIRECTION('center_axis',(0.,0.,-1.));
#9557=DIRECTION('ref_axis',(3.9099536634337E-7,0.999999999999924,0.));
#9558=DIRECTION('',(0.,0.,1.));
#9559=DIRECTION('center_axis',(0.,0.,-1.));
#9560=DIRECTION('ref_axis',(3.9099536634337E-7,0.999999999999924,0.));
#9561=DIRECTION('',(0.,0.,1.));
#9562=DIRECTION('center_axis',(0.,0.,-1.));
#9563=DIRECTION('ref_axis',(3.9099536634337E-7,0.999999999999924,0.));
#9564=DIRECTION('center_axis',(0.,1.,0.));
#9565=DIRECTION('ref_axis',(1.,0.,0.));
#9566=DIRECTION('',(0.,0.,1.));
#9567=DIRECTION('',(1.,0.,0.));
#9568=DIRECTION('',(1.,0.,0.));
#9569=DIRECTION('center_axis',(1.,0.,0.));
#9570=DIRECTION('ref_axis',(0.,-1.,0.));
#9571=DIRECTION('',(0.,-1.,0.));
#9572=DIRECTION('',(0.,0.,1.));
#9573=DIRECTION('',(0.,-1.,0.));
#9574=DIRECTION('center_axis',(0.,0.,1.));
#9575=DIRECTION('ref_axis',(1.,0.,0.));
#9576=DIRECTION('center_axis',(0.,0.,-1.));
#9577=DIRECTION('ref_axis',(0.999999999999924,-3.9099536634337E-7,0.));
#9578=DIRECTION('',(-1.,0.,0.));
#9579=DIRECTION('center_axis',(0.,0.,-1.));
#9580=DIRECTION('ref_axis',(-3.9099536634337E-7,-0.999999999999924,0.));
#9581=DIRECTION('',(0.,1.,0.));
#9582=DIRECTION('center_axis',(0.,0.,-1.));
#9583=DIRECTION('ref_axis',(-0.999999999999924,3.9099536634337E-7,0.));
#9584=DIRECTION('center_axis',(0.,0.,-1.));
#9585=DIRECTION('ref_axis',(0.,-1.,0.));
#9586=DIRECTION('center_axis',(0.,0.,-1.));
#9587=DIRECTION('ref_axis',(0.,-1.,0.));
#9588=DIRECTION('center_axis',(0.,0.,-1.));
#9589=DIRECTION('ref_axis',(1.,0.,0.));
#9590=DIRECTION('',(0.,1.,0.));
#9591=DIRECTION('center_axis',(0.,0.,-1.));
#9592=DIRECTION('ref_axis',(-1.,0.,0.));
#9593=DIRECTION('',(0.,-1.,0.));
#9594=DIRECTION('center_axis',(0.,0.,-1.));
#9595=DIRECTION('ref_axis',(1.,0.,0.));
#9596=DIRECTION('',(0.,1.,0.));
#9597=DIRECTION('center_axis',(0.,0.,-1.));
#9598=DIRECTION('ref_axis',(-1.,0.,0.));
#9599=DIRECTION('',(0.,-1.,0.));
#9600=DIRECTION('center_axis',(0.,0.,-1.));
#9601=DIRECTION('ref_axis',(0.,-1.,0.));
#9602=DIRECTION('center_axis',(0.,0.,-1.));
#9603=DIRECTION('ref_axis',(-4.060244204344E-14,-1.,0.));
#9604=DIRECTION('center_axis',(0.,0.,-1.));
#9605=DIRECTION('ref_axis',(0.,-1.,0.));
#9606=DIRECTION('center_axis',(0.,0.,-1.));
#9607=DIRECTION('ref_axis',(0.,-1.,0.));
#9608=DIRECTION('center_axis',(0.,0.,-1.));
#9609=DIRECTION('ref_axis',(0.,-1.,0.));
#9610=DIRECTION('center_axis',(0.,0.,-1.));
#9611=DIRECTION('ref_axis',(0.,-1.,0.));
#9612=DIRECTION('center_axis',(0.,0.,-1.));
#9613=DIRECTION('ref_axis',(0.,-1.,0.));
#9614=DIRECTION('center_axis',(0.,0.,-1.));
#9615=DIRECTION('ref_axis',(0.,-1.,0.));
#9616=DIRECTION('center_axis',(0.,0.,-1.));
#9617=DIRECTION('ref_axis',(0.,-1.,0.));
#9618=DIRECTION('center_axis',(0.,0.,-1.));
#9619=DIRECTION('ref_axis',(0.,-1.,0.));
#9620=DIRECTION('center_axis',(0.,0.,-1.));
#9621=DIRECTION('ref_axis',(0.,-1.,0.));
#9622=DIRECTION('center_axis',(0.,0.,-1.));
#9623=DIRECTION('ref_axis',(0.,-1.,0.));
#9624=DIRECTION('center_axis',(0.,0.,-1.));
#9625=DIRECTION('ref_axis',(0.,-1.,0.));
#9626=DIRECTION('center_axis',(0.,0.,-1.));
#9627=DIRECTION('ref_axis',(0.,-1.,0.));
#9628=DIRECTION('center_axis',(0.,0.,-1.));
#9629=DIRECTION('ref_axis',(0.,-1.,0.));
#9630=DIRECTION('center_axis',(0.,0.,1.));
#9631=DIRECTION('ref_axis',(1.,0.,0.));
#9632=DIRECTION('center_axis',(0.,0.,-1.));
#9633=DIRECTION('ref_axis',(-0.999999999999924,3.9099536634337E-7,0.));
#9634=DIRECTION('',(0.,1.,0.));
#9635=DIRECTION('center_axis',(0.,0.,-1.));
#9636=DIRECTION('ref_axis',(-3.9099536634337E-7,-0.999999999999924,0.));
#9637=DIRECTION('',(-1.,0.,0.));
#9638=DIRECTION('center_axis',(0.,0.,-1.));
#9639=DIRECTION('ref_axis',(0.999999999999924,-3.9099536634337E-7,0.));
#9640=DIRECTION('center_axis',(0.,0.,-1.));
#9641=DIRECTION('ref_axis',(0.,-1.,0.));
#9642=DIRECTION('center_axis',(0.,0.,-1.));
#9643=DIRECTION('ref_axis',(0.,-1.,0.));
#9644=DIRECTION('center_axis',(0.,0.,-1.));
#9645=DIRECTION('ref_axis',(1.,0.,0.));
#9646=DIRECTION('',(0.,-1.,0.));
#9647=DIRECTION('center_axis',(0.,0.,-1.));
#9648=DIRECTION('ref_axis',(-1.,0.,0.));
#9649=DIRECTION('',(0.,1.,0.));
#9650=DIRECTION('center_axis',(0.,0.,-1.));
#9651=DIRECTION('ref_axis',(1.,0.,0.));
#9652=DIRECTION('',(0.,-1.,0.));
#9653=DIRECTION('center_axis',(0.,0.,-1.));
#9654=DIRECTION('ref_axis',(-1.,0.,0.));
#9655=DIRECTION('',(0.,1.,0.));
#9656=DIRECTION('center_axis',(0.,0.,-1.));
#9657=DIRECTION('ref_axis',(0.,-1.,0.));
#9658=DIRECTION('center_axis',(0.,0.,-1.));
#9659=DIRECTION('ref_axis',(-4.060244204344E-14,-1.,0.));
#9660=DIRECTION('center_axis',(0.,0.,-1.));
#9661=DIRECTION('ref_axis',(0.,-1.,0.));
#9662=DIRECTION('center_axis',(0.,0.,-1.));
#9663=DIRECTION('ref_axis',(0.,-1.,0.));
#9664=DIRECTION('center_axis',(0.,0.,-1.));
#9665=DIRECTION('ref_axis',(0.,-1.,0.));
#9666=DIRECTION('center_axis',(0.,0.,-1.));
#9667=DIRECTION('ref_axis',(0.,-1.,0.));
#9668=DIRECTION('center_axis',(0.,0.,-1.));
#9669=DIRECTION('ref_axis',(0.,-1.,0.));
#9670=DIRECTION('center_axis',(0.,0.,-1.));
#9671=DIRECTION('ref_axis',(0.,-1.,0.));
#9672=DIRECTION('center_axis',(0.,0.,-1.));
#9673=DIRECTION('ref_axis',(0.,-1.,0.));
#9674=DIRECTION('center_axis',(0.,0.,-1.));
#9675=DIRECTION('ref_axis',(0.,-1.,0.));
#9676=DIRECTION('center_axis',(0.,0.,-1.));
#9677=DIRECTION('ref_axis',(0.,-1.,0.));
#9678=DIRECTION('center_axis',(0.,0.,-1.));
#9679=DIRECTION('ref_axis',(0.,-1.,0.));
#9680=DIRECTION('center_axis',(0.,0.,-1.));
#9681=DIRECTION('ref_axis',(0.,-1.,0.));
#9682=DIRECTION('center_axis',(0.,0.,-1.));
#9683=DIRECTION('ref_axis',(0.,-1.,0.));
#9684=DIRECTION('center_axis',(0.,0.,-1.));
#9685=DIRECTION('ref_axis',(0.,-1.,0.));
#9686=DIRECTION('center_axis',(0.,0.,-1.));
#9687=DIRECTION('ref_axis',(-0.999999999999924,3.9099536634337E-7,0.));
#9688=DIRECTION('',(0.,0.,1.));
#9689=DIRECTION('center_axis',(0.,0.,-1.));
#9690=DIRECTION('ref_axis',(0.999999999999924,-3.9099536634337E-7,0.));
#9691=DIRECTION('',(0.,0.,1.));
#9692=DIRECTION('center_axis',(-1.,0.,0.));
#9693=DIRECTION('ref_axis',(0.,1.,0.));
#9694=DIRECTION('',(0.,0.,1.));
#9695=DIRECTION('center_axis',(0.,-1.,0.));
#9696=DIRECTION('ref_axis',(-1.,0.,0.));
#9697=DIRECTION('',(0.,0.,1.));
#9698=DIRECTION('center_axis',(0.,0.,-1.));
#9699=DIRECTION('ref_axis',(-3.9099536634337E-7,-0.999999999999924,0.));
#9700=DIRECTION('center_axis',(0.,0.,-1.));
#9701=DIRECTION('ref_axis',(0.,-1.,0.));
#9702=DIRECTION('',(0.,0.,-1.));
#9703=DIRECTION('center_axis',(0.,0.,-1.));
#9704=DIRECTION('ref_axis',(0.,-1.,0.));
#9705=DIRECTION('',(0.,0.,-1.));
#9706=DIRECTION('center_axis',(0.,0.,-1.));
#9707=DIRECTION('ref_axis',(1.,0.,0.));
#9708=DIRECTION('',(0.,0.,1.));
#9709=DIRECTION('',(0.,0.,1.));
#9710=DIRECTION('center_axis',(1.,0.,0.));
#9711=DIRECTION('ref_axis',(0.,-1.,0.));
#9712=DIRECTION('',(0.,0.,1.));
#9713=DIRECTION('center_axis',(0.,0.,-1.));
#9714=DIRECTION('ref_axis',(-1.,0.,0.));
#9715=DIRECTION('',(0.,0.,1.));
#9716=DIRECTION('center_axis',(-1.,0.,0.));
#9717=DIRECTION('ref_axis',(0.,1.,0.));
#9718=DIRECTION('center_axis',(0.,0.,-1.));
#9719=DIRECTION('ref_axis',(1.,0.,0.));
#9720=DIRECTION('',(0.,0.,1.));
#9721=DIRECTION('',(0.,0.,1.));
#9722=DIRECTION('center_axis',(1.,0.,0.));
#9723=DIRECTION('ref_axis',(0.,-1.,0.));
#9724=DIRECTION('',(0.,0.,1.));
#9725=DIRECTION('center_axis',(0.,0.,-1.));
#9726=DIRECTION('ref_axis',(-1.,0.,0.));
#9727=DIRECTION('',(0.,0.,1.));
#9728=DIRECTION('center_axis',(-1.,0.,0.));
#9729=DIRECTION('ref_axis',(0.,1.,0.));
#9730=DIRECTION('center_axis',(0.,0.,-1.));
#9731=DIRECTION('ref_axis',(0.,-1.,0.));
#9732=DIRECTION('',(0.,0.,-1.));
#9733=DIRECTION('center_axis',(0.,0.,-1.));
#9734=DIRECTION('ref_axis',(-4.060244204344E-14,-1.,0.));
#9735=DIRECTION('',(0.,0.,-1.));
#9736=DIRECTION('center_axis',(0.,0.,-1.));
#9737=DIRECTION('ref_axis',(0.,-1.,0.));
#9738=DIRECTION('',(0.,0.,-1.));
#9739=DIRECTION('center_axis',(0.,0.,-1.));
#9740=DIRECTION('ref_axis',(0.,-1.,0.));
#9741=DIRECTION('',(0.,0.,-1.));
#9742=DIRECTION('center_axis',(0.,0.,-1.));
#9743=DIRECTION('ref_axis',(0.,-1.,0.));
#9744=DIRECTION('',(0.,0.,-1.));
#9745=DIRECTION('center_axis',(0.,0.,-1.));
#9746=DIRECTION('ref_axis',(0.,-1.,0.));
#9747=DIRECTION('',(0.,0.,-1.));
#9748=DIRECTION('center_axis',(0.,0.,-1.));
#9749=DIRECTION('ref_axis',(0.,-1.,0.));
#9750=DIRECTION('',(0.,0.,-1.));
#9751=DIRECTION('center_axis',(0.,0.,-1.));
#9752=DIRECTION('ref_axis',(0.,-1.,0.));
#9753=DIRECTION('',(0.,0.,-1.));
#9754=DIRECTION('center_axis',(0.,0.,-1.));
#9755=DIRECTION('ref_axis',(0.,-1.,0.));
#9756=DIRECTION('',(0.,0.,-1.));
#9757=DIRECTION('center_axis',(0.,0.,-1.));
#9758=DIRECTION('ref_axis',(0.,-1.,0.));
#9759=DIRECTION('',(0.,0.,-1.));
#9760=DIRECTION('center_axis',(0.,0.,-1.));
#9761=DIRECTION('ref_axis',(0.,-1.,0.));
#9762=DIRECTION('',(0.,0.,-1.));
#9763=DIRECTION('center_axis',(0.,0.,-1.));
#9764=DIRECTION('ref_axis',(0.,-1.,0.));
#9765=DIRECTION('',(0.,0.,-1.));
#9766=DIRECTION('center_axis',(0.,0.,-1.));
#9767=DIRECTION('ref_axis',(0.,-1.,0.));
#9768=DIRECTION('',(0.,0.,-1.));
#9769=DIRECTION('center_axis',(0.,0.,-1.));
#9770=DIRECTION('ref_axis',(0.,-1.,0.));
#9771=DIRECTION('',(0.,0.,-1.));
#9772=DIRECTION('center_axis',(0.,0.,-1.));
#9773=DIRECTION('ref_axis',(0.,-1.,0.));
#9774=DIRECTION('',(0.,0.,-1.));
#9775=DIRECTION('',(0.,0.,1.));
#9776=DIRECTION('',(1.110223024625E-16,-1.,0.));
#9777=DIRECTION('',(0.,0.,1.));
#9778=DIRECTION('',(1.110223024625E-16,-1.,0.));
#9779=DIRECTION('',(0.,0.,1.));
#9780=DIRECTION('',(1.110223024625E-16,1.,0.));
#9781=DIRECTION('',(0.,0.,1.));
#9782=DIRECTION('',(1.,0.,0.));
#9783=DIRECTION('',(0.,0.,1.));
#9784=DIRECTION('',(0.50000000000019,-0.866025403784329,0.));
#9785=DIRECTION('',(0.,0.,1.));
#9786=DIRECTION('',(1.110223024625E-16,1.,0.));
#9787=DIRECTION('',(0.,0.,1.));
#9788=DIRECTION('',(1.110223024625E-16,-1.,0.));
#9789=DIRECTION('',(1.,-1.110223024625E-16,1.110223024625E-16));
#9790=DIRECTION('',(1.110223024625E-16,1.,0.));
#9791=DIRECTION('',(0.,0.,1.));
#9792=DIRECTION('',(1.,0.,0.));
#9793=CARTESIAN_POINT('',(0.,0.,0.));
#9794=CARTESIAN_POINT('',(0.,0.,0.));
#9795=CARTESIAN_POINT('',(0.,0.,0.));
#9796=CARTESIAN_POINT('Origin',(2.5,0.25,-2.));
#9797=CARTESIAN_POINT('',(2.5,-0.25,-2.));
#9798=CARTESIAN_POINT('Origin',(2.5,0.,-2.));
#9799=CARTESIAN_POINT('Origin',(2.5,0.,-2.));
#9800=CARTESIAN_POINT('',(2.5,-0.25,0.35));
#9801=CARTESIAN_POINT('',(2.5,-0.25,-2.));
#9802=CARTESIAN_POINT('',(2.25,5.7589034495859E-18,0.35));
#9803=CARTESIAN_POINT('Origin',(2.5,0.,0.35));
#9804=CARTESIAN_POINT('Origin',(2.5,0.,0.35));
#9805=CARTESIAN_POINT('Origin',(2.,4.28170513921962E-16,0.35));
#9806=CARTESIAN_POINT('',(2.217535334911,-0.02434486445591,0.475594084169));
#9807=CARTESIAN_POINT('',(2.217535334911,0.02434486445591,0.475594084169));
#9808=CARTESIAN_POINT('Origin',(2.433012701892,9.10220356247E-34,0.6));
#9809=CARTESIAN_POINT('',(2.224613052181,1.110223043626E-16,0.459767831308));
#9810=CARTESIAN_POINT('Origin',(2.24243806757209,-0.0433568966637445,0.55188404370309));
#9811=CARTESIAN_POINT('Origin',(2.,3.97554343943278E-16,0.35));
#9812=CARTESIAN_POINT('Origin',(2.24246005868435,0.0433877079914878,0.551958227880694));
#9813=CARTESIAN_POINT('Origin',(2.433012701892,0.,0.6));
#9814=CARTESIAN_POINT('',(2.563038205034,1.110223043626E-16,0.874789222279));
#9815=CARTESIAN_POINT('Ctrl Pts',(2.56303820503348,-1.43114686768087E-16,
0.874789222279171));
#9816=CARTESIAN_POINT('Ctrl Pts',(2.55176301255246,0.0287876266771661,0.894318428521413));
#9817=CARTESIAN_POINT('Ctrl Pts',(2.53548659814993,0.0606817692975097,0.912087843623798));
#9818=CARTESIAN_POINT('Ctrl Pts',(2.49428722903454,0.122250452021548,0.934959887902794));
#9819=CARTESIAN_POINT('Ctrl Pts',(2.46943435709603,0.151948136973542,0.940126349930201));
#9820=CARTESIAN_POINT('Ctrl Pts',(2.43092820767606,0.187877344401557,0.934962542273402));
#9821=CARTESIAN_POINT('Ctrl Pts',(2.41823410882922,0.198429534426671,0.931570924793866));
#9822=CARTESIAN_POINT('Ctrl Pts',(2.39241650089088,0.217013067274596,0.920784902248506));
#9823=CARTESIAN_POINT('Ctrl Pts',(2.37929363678704,0.22504523502425,0.913390374643939));
#9824=CARTESIAN_POINT('Ctrl Pts',(2.34108248969283,0.244155964509088,0.886062927737172));
#9825=CARTESIAN_POINT('Ctrl Pts',(2.31710171807669,0.25,0.860582567607711));
#9826=CARTESIAN_POINT('Ctrl Pts',(2.29780700749259,0.25,0.834183132172298));
#9827=CARTESIAN_POINT('Ctrl Pts',(2.27608766648516,0.25,0.804466265566503));
#9828=CARTESIAN_POINT('Ctrl Pts',(2.25741770262823,0.242994844866694,0.770190081012506));
#9829=CARTESIAN_POINT('Ctrl Pts',(2.22852663597977,0.218092939152966,0.701357912364905));
#9830=CARTESIAN_POINT('Ctrl Pts',(2.2183408171491,0.200135079593163,0.666809244573932));
#9831=CARTESIAN_POINT('Ctrl Pts',(2.20534542064097,0.158549340886728,0.602624094251682));
#9832=CARTESIAN_POINT('Ctrl Pts',(2.20226225357053,0.130725219487151,0.568040032449457));
#9833=CARTESIAN_POINT('Ctrl Pts',(2.20589716263175,0.075769563027345,0.514116944999898));
#9834=CARTESIAN_POINT('Ctrl Pts',(2.21037213780368,0.0501062488601108,0.493042324061506));
#9835=CARTESIAN_POINT('Ctrl Pts',(2.21753533491131,0.024344864455853,0.475594084169212));
#9836=CARTESIAN_POINT('Ctrl Pts',(2.21753533491129,-0.0243448644557612,
0.47559408416939));
#9837=CARTESIAN_POINT('Ctrl Pts',(2.21318992685954,-0.0399724857674296,
0.48617870522986));
#9838=CARTESIAN_POINT('Ctrl Pts',(2.20966280455087,-0.055324822749263,0.497604378176871));
#9839=CARTESIAN_POINT('Ctrl Pts',(2.20692409988256,-0.07038327486029,0.509832223023306));
#9840=CARTESIAN_POINT('Ctrl Pts',(2.20496258441167,-0.0851223138234932,
0.522837700891924));
#9841=CARTESIAN_POINT('Ctrl Pts',(2.20377895635354,-0.0995113294832364,
0.53660445986975));
#9842=CARTESIAN_POINT('Ctrl Pts',(2.20338610686624,-0.113514580416978,0.551124761429495));
#9843=CARTESIAN_POINT('Ctrl Pts',(2.204254998867,-0.140928135341,0.581985656724));
#9844=CARTESIAN_POINT('Ctrl Pts',(2.205548505784,-0.154305766098,0.598338259199));
#9845=CARTESIAN_POINT('Ctrl Pts',(2.207729000061,-0.167192596568,0.615486349101));
#9846=CARTESIAN_POINT('Ctrl Pts',(2.210851135582,-0.179526875515,0.633445336625));
#9847=CARTESIAN_POINT('Ctrl Pts',(2.215000036943,-0.191211054301,0.652227437914));
#9848=CARTESIAN_POINT('Ctrl Pts',(2.220274518154,-0.202124085331,0.671829736737));
#9849=CARTESIAN_POINT('Ctrl Pts',(2.232191561063,-0.220096486186,0.708777649859));
#9850=CARTESIAN_POINT('Ctrl Pts',(2.238344640014,-0.227457716484,0.725747951839));
#9851=CARTESIAN_POINT('Ctrl Pts',(2.245451289259,-0.234108222217,0.743292559277));
#9852=CARTESIAN_POINT('Ctrl Pts',(2.253647188569,-0.239898814233,0.761410939433));
#9853=CARTESIAN_POINT('Ctrl Pts',(2.263092325563,-0.244584673987,0.780007457723));
#9854=CARTESIAN_POINT('Ctrl Pts',(2.273931298944,-0.247877755572,0.798887083523));
#9855=CARTESIAN_POINT('Ctrl Pts',(2.297869809077,-0.250694124013,0.83512509939));
#9856=CARTESIAN_POINT('Ctrl Pts',(2.310785492055,-0.250510713344,0.852591124346));
#9857=CARTESIAN_POINT('Ctrl Pts',(2.325194605256,-0.248401704424,0.869680553312));
#9858=CARTESIAN_POINT('Ctrl Pts',(2.340979423245,-0.243979178124,0.885668119252));
#9859=CARTESIAN_POINT('Ctrl Pts',(2.357836777286,-0.237035215676,0.899751005813));
#9860=CARTESIAN_POINT('Ctrl Pts',(2.375162171004,-0.22768479064,0.911213500246));
#9861=CARTESIAN_POINT('Ctrl Pts',(2.401024610665,-0.2109972239,0.924625599734));
#9862=CARTESIAN_POINT('Ctrl Pts',(2.409677940904,-0.204873769318,0.928381064273));
#9863=CARTESIAN_POINT('Ctrl Pts',(2.417889407216,-0.198597354641,0.931316374485));
#9864=CARTESIAN_POINT('Ctrl Pts',(2.425685144792,-0.192232548213,0.933558642697));
#9865=CARTESIAN_POINT('Ctrl Pts',(2.433098981537,-0.185818505507,0.935211437445));
#9866=CARTESIAN_POINT('Ctrl Pts',(2.440172438068,-0.179368969124,0.936354783482));
#9867=CARTESIAN_POINT('Ctrl Pts',(2.45823795796,-0.162064153923,0.938193696802));
#9868=CARTESIAN_POINT('Ctrl Pts',(2.469137241682,-0.150723610791,0.938134026272));
#9869=CARTESIAN_POINT('Ctrl Pts',(2.479569689403,-0.138980127102,0.936946794498));
#9870=CARTESIAN_POINT('Ctrl Pts',(2.489485838459,-0.126944958883,0.934735683323));
#9871=CARTESIAN_POINT('Ctrl Pts',(2.498858141554,-0.114709472051,0.931604725417));
#9872=CARTESIAN_POINT('Ctrl Pts',(2.507673904206,-0.102343832394,0.927645573594));
#9873=CARTESIAN_POINT('Ctrl Pts',(2.524534570896,-0.0769310783417,0.918028153748));
#9874=CARTESIAN_POINT('Ctrl Pts',(2.532453128043,-0.06399620686478,0.91235122172));
#9875=CARTESIAN_POINT('Ctrl Pts',(2.539740997549,-0.05109732238613,0.90599668038));
#9876=CARTESIAN_POINT('Ctrl Pts',(2.54642822325,-0.03824167332937,0.899025545386));
#9877=CARTESIAN_POINT('Ctrl Pts',(2.552533512005,-0.02543632968902,0.891481326393));
#9878=CARTESIAN_POINT('Ctrl Pts',(2.558068956271,-0.01268740010332,0.883396213612));
#9879=CARTESIAN_POINT('Ctrl Pts',(2.563038205034,2.22044604925E-16,0.874789222279));
#9880=CARTESIAN_POINT('Origin',(1.25,1.00625,1.6));
#9881=CARTESIAN_POINT('',(2.75,1.38777878078145E-16,1.6));
#9882=CARTESIAN_POINT('Origin',(1.25,1.110223043626E-16,1.6));
#9883=CARTESIAN_POINT('',(1.25,-0.8,1.6));
#9884=CARTESIAN_POINT('Origin',(1.25,1.00625,1.6));
#9885=CARTESIAN_POINT('',(-0.06303820503361,1.110223043626E-16,0.874789222279));
#9886=CARTESIAN_POINT('Origin',(1.25,1.110223043626E-16,1.6));
#9887=CARTESIAN_POINT('',(0.282464665089,-0.02434486445591,0.475594084169));
#9888=CARTESIAN_POINT('Ctrl Pts',(-0.0630382050335895,-6.93889390390723E-17,
0.874789222279365));
#9889=CARTESIAN_POINT('Ctrl Pts',(-0.05126650022798,-0.0300553133676415,
0.895178413094374));
#9890=CARTESIAN_POINT('Ctrl Pts',(-0.0341026226874154,-0.0633383751824354,
0.913542666488558));
#9891=CARTESIAN_POINT('Ctrl Pts',(0.00946036343920898,-0.127192699792725,
0.936274480633794));
#9892=CARTESIAN_POINT('Ctrl Pts',(0.0357682796335611,-0.157794926944399,
0.940729635271905));
#9893=CARTESIAN_POINT('Ctrl Pts',(0.086945599417366,-0.203498905783686,
0.931181535593374));
#9894=CARTESIAN_POINT('Ctrl Pts',(0.112706861695547,-0.221509985512362,
0.919739902928789));
#9895=CARTESIAN_POINT('Ctrl Pts',(0.161137894429061,-0.244728965933687,
0.883749341382401));
#9896=CARTESIAN_POINT('Ctrl Pts',(0.183843442591998,-0.25,0.859289378578509));
#9897=CARTESIAN_POINT('Ctrl Pts',(0.202192992507292,-0.25,0.834183132172466));
#9898=CARTESIAN_POINT('Ctrl Pts',(0.224563878335516,-0.25,0.803574808016421));
#9899=CARTESIAN_POINT('Ctrl Pts',(0.243617394241062,-0.242589496314213,
0.768272041957138));
#9900=CARTESIAN_POINT('Ctrl Pts',(0.272846584831573,-0.216377740354467,
0.697486817459686));
#9901=CARTESIAN_POINT('Ctrl Pts',(0.282979109570085,-0.197505433535368,
0.662012877355668));
#9902=CARTESIAN_POINT('Ctrl Pts',(0.295116821504429,-0.155085521855397,
0.598196187753667));
#9903=CARTESIAN_POINT('Ctrl Pts',(0.297763596288822,-0.127696823631397,
0.564736543010855));
#9904=CARTESIAN_POINT('Ctrl Pts',(0.293805248588637,-0.0740652619417348,
0.512717062929354));
#9905=CARTESIAN_POINT('Ctrl Pts',(0.289385159098119,-0.0492334028793008,
0.492451143641231));
#9906=CARTESIAN_POINT('Ctrl Pts',(0.282464665088531,-0.0243448644558236,
0.475594084169319));
#9907=CARTESIAN_POINT('',(0.275386947819,1.110223043626E-16,0.459767831308));
#9908=CARTESIAN_POINT('Origin',(0.257539941278326,-0.0433877080399162,0.551958228020172));
#9909=CARTESIAN_POINT('Origin',(1.25,1.110223043626E-16,1.6));
#9910=CARTESIAN_POINT('Origin',(1.25,-1.00625,1.6));
#9911=CARTESIAN_POINT('',(0.282464665089,0.02434486445591,0.475594084169));
#9912=CARTESIAN_POINT('Origin',(0.257561935765442,0.0433568916720954,0.551884030465374));
#9913=CARTESIAN_POINT('Ctrl Pts',(0.282464665088715,0.0243448644557612,
0.47559408416939));
#9914=CARTESIAN_POINT('Ctrl Pts',(0.286810073140457,0.0399724857677696,
0.48617870522986));
#9915=CARTESIAN_POINT('Ctrl Pts',(0.290337195449129,0.055324822749933,0.49760437817787));
#9916=CARTESIAN_POINT('Ctrl Pts',(0.293075900117442,0.07038327486126,0.509832223023306));
#9917=CARTESIAN_POINT('Ctrl Pts',(0.295037415588332,0.0851223138247632,
0.522837700892924));
#9918=CARTESIAN_POINT('Ctrl Pts',(0.29622104364646,0.0995113294847764,0.53660445987075));
#9919=CARTESIAN_POINT('Ctrl Pts',(0.296613893133761,0.113514580418978,0.551124761431495));
#9920=CARTESIAN_POINT('Ctrl Pts',(0.295745001133,0.140928135343,0.581985656726));
#9921=CARTESIAN_POINT('Ctrl Pts',(0.294451494215,0.154305766099,0.5983382592));
#9922=CARTESIAN_POINT('Ctrl Pts',(0.292270999938,0.167192596569,0.615486349103));
#9923=CARTESIAN_POINT('Ctrl Pts',(0.289148864418,0.179526875516,0.633445336626));
#9924=CARTESIAN_POINT('Ctrl Pts',(0.284999963057,0.191211054302,0.652227437915));
#9925=CARTESIAN_POINT('Ctrl Pts',(0.279725481846,0.202124085331,0.671829736737));
#9926=CARTESIAN_POINT('Ctrl Pts',(0.267808438937,0.220096486187,0.70877764986));
#9927=CARTESIAN_POINT('Ctrl Pts',(0.261655359985,0.227457716485,0.72574795184));
#9928=CARTESIAN_POINT('Ctrl Pts',(0.25454871074,0.234108222218,0.743292559279));
#9929=CARTESIAN_POINT('Ctrl Pts',(0.24635281143,0.239898814233,0.761410939435));
#9930=CARTESIAN_POINT('Ctrl Pts',(0.236907674436,0.244584673988,0.780007457726));
#9931=CARTESIAN_POINT('Ctrl Pts',(0.226068701054,0.247877755572,0.798887083527));
#9932=CARTESIAN_POINT('Ctrl Pts',(0.20213019092,0.250694124014,0.835125099394));
#9933=CARTESIAN_POINT('Ctrl Pts',(0.189214507942,0.250510713344,0.85259112435));
#9934=CARTESIAN_POINT('Ctrl Pts',(0.17480539474,0.248401704424,0.869680553317));
#9935=CARTESIAN_POINT('Ctrl Pts',(0.15902057675,0.243979178122,0.885668119256));
#9936=CARTESIAN_POINT('Ctrl Pts',(0.142163222708,0.237035215674,0.899751005817));
#9937=CARTESIAN_POINT('Ctrl Pts',(0.12483782899,0.227684790637,0.91121350025));
#9938=CARTESIAN_POINT('Ctrl Pts',(0.09897538932885,0.210997223896,0.924625599737));
#9939=CARTESIAN_POINT('Ctrl Pts',(0.09032205908896,0.204873769313,0.928381064275));
#9940=CARTESIAN_POINT('Ctrl Pts',(0.08211059277688,0.198597354636,0.931316374488));
#9941=CARTESIAN_POINT('Ctrl Pts',(0.07431485520061,0.192232548208,0.933558642699));
#9942=CARTESIAN_POINT('Ctrl Pts',(0.06690101845565,0.185818505501,0.935211437447));
#9943=CARTESIAN_POINT('Ctrl Pts',(0.05982756192504,0.179368969118,0.936354783484));
#9944=CARTESIAN_POINT('Ctrl Pts',(0.04176204203262,0.162064153915,0.938193696802));
#9945=CARTESIAN_POINT('Ctrl Pts',(0.03086275831101,0.150723610784,0.938134026271));
#9946=CARTESIAN_POINT('Ctrl Pts',(0.0204303105909,0.138980127095,0.936946794497));
#9947=CARTESIAN_POINT('Ctrl Pts',(0.01051416153433,0.126944958875,0.934735683321));
#9948=CARTESIAN_POINT('Ctrl Pts',(0.001141858438483,0.114709472041,0.931604725414));
#9949=CARTESIAN_POINT('Ctrl Pts',(-0.007673904213815,0.102343832383,0.927645573591));
#9950=CARTESIAN_POINT('Ctrl Pts',(-0.02453457090134,0.0769310783329,0.918028153744));
#9951=CARTESIAN_POINT('Ctrl Pts',(-0.03245312804689,0.06399620685747,0.912351221716));
#9952=CARTESIAN_POINT('Ctrl Pts',(-0.03974099755234,0.0510973223803,0.905996680377));
#9953=CARTESIAN_POINT('Ctrl Pts',(-0.04642822325171,0.03824167332501,0.899025545383));
#9954=CARTESIAN_POINT('Ctrl Pts',(-0.05253351200581,0.02543632968614,0.891481326391));
#9955=CARTESIAN_POINT('Ctrl Pts',(-0.0580689562714,0.01268740010188,0.883396213611));
#9956=CARTESIAN_POINT('Ctrl Pts',(-0.06303820503361,2.22044604925E-16,0.874789222279));
#9957=CARTESIAN_POINT('',(1.25,0.8,1.6));
#9958=CARTESIAN_POINT('Origin',(1.25,-1.00625,1.6));
#9959=CARTESIAN_POINT('Origin',(0.5,-1.95654230153792E-16,0.35));
#9960=CARTESIAN_POINT('Origin',(0.06698729810778,8.831622634437E-33,0.6));
#9961=CARTESIAN_POINT('',(0.25,-2.44674583048064E-17,0.35));
#9962=CARTESIAN_POINT('Origin',(0.5,-1.65038060175108E-16,0.35));
#9963=CARTESIAN_POINT('',(8.61273212099488E-17,0.25,0.35));
#9964=CARTESIAN_POINT('Origin',(8.326672684689E-17,0.,0.35));
#9965=CARTESIAN_POINT('Origin',(8.326672684689E-17,0.,0.35));
#9966=CARTESIAN_POINT('Origin',(0.06698729810778,0.,0.6));
#9967=CARTESIAN_POINT('Origin',(8.326672684689E-17,0.,-2.));
#9968=CARTESIAN_POINT('',(8.61273212099488E-17,0.25,-2.));
#9969=CARTESIAN_POINT('Origin',(8.326672684689E-17,0.,-2.));
#9970=CARTESIAN_POINT('',(8.61273212099488E-17,0.25,-2.));
#9971=CARTESIAN_POINT('Origin',(1.110223024625E-16,-0.25,-2.));
#9972=CARTESIAN_POINT('',(0.,0.,0.));
#9973=CARTESIAN_POINT('',(0.,0.,0.));
#9974=CARTESIAN_POINT('',(0.,0.,0.));
#9975=CARTESIAN_POINT('Origin',(-2.5,-4.25,0.));
#9976=CARTESIAN_POINT('',(-2.5,-4.25,0.));
#9977=CARTESIAN_POINT('',(-2.5,4.,0.));
#9978=CARTESIAN_POINT('',(-2.5,-4.25,0.));
#9979=CARTESIAN_POINT('',(7.5,4.,0.));
#9980=CARTESIAN_POINT('',(-2.5,4.,0.));
#9981=CARTESIAN_POINT('',(7.5,-4.25,0.));
#9982=CARTESIAN_POINT('',(7.5,-4.25,0.));
#9983=CARTESIAN_POINT('',(6.1,-4.25,0.));
#9984=CARTESIAN_POINT('',(7.5,-4.25,0.));
#9985=CARTESIAN_POINT('',(6.1,0.11,0.));
#9986=CARTESIAN_POINT('',(6.1,-4.25,0.));
#9987=CARTESIAN_POINT('',(5.11,1.1,0.));
#9988=CARTESIAN_POINT('Origin',(5.11,0.11,0.));
#9989=CARTESIAN_POINT('',(4.89,1.1,0.));
#9990=CARTESIAN_POINT('',(3.9,1.1,0.));
#9991=CARTESIAN_POINT('',(3.9,0.11,0.));
#9992=CARTESIAN_POINT('Origin',(4.89,0.11,0.));
#9993=CARTESIAN_POINT('',(3.9,-4.25,0.));
#9994=CARTESIAN_POINT('',(3.9,-4.25,0.));
#9995=CARTESIAN_POINT('',(1.1,-4.25,0.));
#9996=CARTESIAN_POINT('',(3.9,-4.25,0.));
#9997=CARTESIAN_POINT('',(1.1,0.11,0.));
#9998=CARTESIAN_POINT('',(1.1,-4.25,0.));
#9999=CARTESIAN_POINT('',(0.11,1.1,0.));
#10000=CARTESIAN_POINT('Origin',(0.11,0.11,0.));
#10001=CARTESIAN_POINT('',(-0.11,1.1,0.));
#10002=CARTESIAN_POINT('',(-1.1,1.1,0.));
#10003=CARTESIAN_POINT('',(-1.1,0.11,0.));
#10004=CARTESIAN_POINT('Origin',(-0.11,0.11,0.));
#10005=CARTESIAN_POINT('',(-1.1,-4.25,0.));
#10006=CARTESIAN_POINT('',(-1.1,-4.25,0.));
#10007=CARTESIAN_POINT('',(-1.1,-4.25,0.));
#10008=CARTESIAN_POINT('Origin',(-2.5,-0.125,5.7));
#10009=CARTESIAN_POINT('',(-2.5,-4.4,3.6));
#10010=CARTESIAN_POINT('',(-2.5,-5.,4.2));
#10011=CARTESIAN_POINT('Origin',(-2.5,-4.4,4.2));
#10012=CARTESIAN_POINT('',(-2.5,-5.,6.5));
#10013=CARTESIAN_POINT('',(-2.5,-5.,7.1));
#10014=CARTESIAN_POINT('',(-2.5,-4.4,7.1));
#10015=CARTESIAN_POINT('Origin',(-2.5,-4.4,6.5));
#10016=CARTESIAN_POINT('',(-2.5,-3.506,7.1));
#10017=CARTESIAN_POINT('',(-2.5,-4.4,7.1));
#10018=CARTESIAN_POINT('',(-2.5,-2.976,11.4));
#10019=CARTESIAN_POINT('',(-2.5,-2.976,11.4));
#10020=CARTESIAN_POINT('',(-2.5,-1.9775,11.4));
#10021=CARTESIAN_POINT('',(-2.5,4.,11.4));
#10022=CARTESIAN_POINT('',(-2.5,-1.9775,7.1));
#10023=CARTESIAN_POINT('',(-2.5,-1.9775,7.1));
#10024=CARTESIAN_POINT('',(-2.5,-1.6225,7.1));
#10025=CARTESIAN_POINT('',(-2.5,-1.9775,7.1));
#10026=CARTESIAN_POINT('',(-2.5,-1.6225,11.4));
#10027=CARTESIAN_POINT('',(-2.5,-1.6225,7.1));
#10028=CARTESIAN_POINT('',(-2.5,1.6225,11.4));
#10029=CARTESIAN_POINT('',(-2.5,4.,11.4));
#10030=CARTESIAN_POINT('',(-2.5,1.6225,7.1));
#10031=CARTESIAN_POINT('',(-2.5,1.6225,7.1));
#10032=CARTESIAN_POINT('',(-2.5,1.9775,7.1));
#10033=CARTESIAN_POINT('',(-2.5,1.6225,7.1));
#10034=CARTESIAN_POINT('',(-2.5,1.9775,11.4));
#10035=CARTESIAN_POINT('',(-2.5,1.9775,7.1));
#10036=CARTESIAN_POINT('',(-2.5,2.97,11.4));
#10037=CARTESIAN_POINT('',(-2.5,4.,11.4));
#10038=CARTESIAN_POINT('',(-2.5,4.,3.));
#10039=CARTESIAN_POINT('',(-2.5,2.97,11.4));
#10040=CARTESIAN_POINT('',(-2.5,4.,0.));
#10041=CARTESIAN_POINT('',(-2.5,-4.25,3.6));
#10042=CARTESIAN_POINT('',(-2.5,-4.25,11.4));
#10043=CARTESIAN_POINT('',(-2.5,-5.,3.6));
#10044=CARTESIAN_POINT('Origin',(-2.5,-4.25,11.4));
#10045=CARTESIAN_POINT('',(-1.1,-4.25,0.8));
#10046=CARTESIAN_POINT('',(-1.1,-4.25,0.8));
#10047=CARTESIAN_POINT('',(-2.05,-4.25,0.8));
#10048=CARTESIAN_POINT('',(-2.275,-4.25,0.8));
#10049=CARTESIAN_POINT('',(-2.05,-4.25,3.6));
#10050=CARTESIAN_POINT('',(-2.05,-4.25,8.95));
#10051=CARTESIAN_POINT('',(-2.5,-4.25,3.6));
#10052=CARTESIAN_POINT('Origin',(-1.1,-4.25,0.8));
#10053=CARTESIAN_POINT('',(-1.1,-2.3,0.8));
#10054=CARTESIAN_POINT('',(-1.1,-4.25,0.8));
#10055=CARTESIAN_POINT('',(-1.1,0.11,0.8));
#10056=CARTESIAN_POINT('',(-1.1,0.11,0.8));
#10057=CARTESIAN_POINT('',(-1.1,-4.25,0.8));
#10058=CARTESIAN_POINT('Origin',(-0.11,0.11,0.8));
#10059=CARTESIAN_POINT('',(-0.11,1.1,0.8));
#10060=CARTESIAN_POINT('Origin',(-0.11,0.11,0.8));
#10061=CARTESIAN_POINT('',(-0.11,1.1,0.8));
#10062=CARTESIAN_POINT('Origin',(4.440892098501E-16,1.1,0.4));
#10063=CARTESIAN_POINT('',(0.11,1.1,0.8));
#10064=CARTESIAN_POINT('',(0.11,1.1,0.));
#10065=CARTESIAN_POINT('',(1.1,1.1,0.8));
#10066=CARTESIAN_POINT('Origin',(0.11,0.11,0.));
#10067=CARTESIAN_POINT('',(1.1,0.11,0.8));
#10068=CARTESIAN_POINT('',(1.1,0.11,0.));
#10069=CARTESIAN_POINT('Origin',(0.11,0.11,0.8));
#10070=CARTESIAN_POINT('Origin',(1.1,-4.25,0.));
#10071=CARTESIAN_POINT('',(1.1,-4.25,0.8));
#10072=CARTESIAN_POINT('',(1.1,-4.25,0.));
#10073=CARTESIAN_POINT('',(1.1,-2.3,0.8));
#10074=CARTESIAN_POINT('',(1.1,-4.25,0.8));
#10075=CARTESIAN_POINT('',(1.1,-4.25,0.8));
#10076=CARTESIAN_POINT('Origin',(-2.5,-4.25,11.4));
#10077=CARTESIAN_POINT('',(3.9,-4.25,0.8));
#10078=CARTESIAN_POINT('',(2.95,-4.25,0.8));
#10079=CARTESIAN_POINT('',(0.225,-4.25,0.8));
#10080=CARTESIAN_POINT('',(2.95,-4.25,3.6));
#10081=CARTESIAN_POINT('',(2.95,-4.25,8.95));
#10082=CARTESIAN_POINT('',(2.05,-4.25,3.6));
#10083=CARTESIAN_POINT('',(-2.5,-4.25,3.6));
#10084=CARTESIAN_POINT('',(2.05,-4.25,0.8));
#10085=CARTESIAN_POINT('',(2.05,-4.25,6.1));
#10086=CARTESIAN_POINT('',(-2.275,-4.25,0.8));
#10087=CARTESIAN_POINT('',(3.9,-4.25,0.8));
#10088=CARTESIAN_POINT('Origin',(3.9,-4.25,0.8));
#10089=CARTESIAN_POINT('',(3.9,-2.3,0.8));
#10090=CARTESIAN_POINT('',(3.9,-4.25,0.8));
#10091=CARTESIAN_POINT('',(3.9,0.11,0.8));
#10092=CARTESIAN_POINT('',(3.9,0.11,0.8));
#10093=CARTESIAN_POINT('',(3.9,-4.25,0.8));
#10094=CARTESIAN_POINT('Origin',(4.89,0.11,0.8));
#10095=CARTESIAN_POINT('',(4.89,1.1,0.8));
#10096=CARTESIAN_POINT('Origin',(4.89,0.11,0.8));
#10097=CARTESIAN_POINT('',(4.89,1.1,0.8));
#10098=CARTESIAN_POINT('Origin',(5.,1.1,0.4));
#10099=CARTESIAN_POINT('',(5.11,1.1,0.8));
#10100=CARTESIAN_POINT('',(5.11,1.1,0.));
#10101=CARTESIAN_POINT('',(6.1,1.1,0.8));
#10102=CARTESIAN_POINT('Origin',(5.11,0.11,0.));
#10103=CARTESIAN_POINT('',(6.1,0.11,0.8));
#10104=CARTESIAN_POINT('',(6.1,0.11,0.));
#10105=CARTESIAN_POINT('Origin',(5.11,0.11,0.8));
#10106=CARTESIAN_POINT('Origin',(6.1,-4.25,0.));
#10107=CARTESIAN_POINT('',(6.1,-4.25,0.8));
#10108=CARTESIAN_POINT('',(6.1,-4.25,0.));
#10109=CARTESIAN_POINT('',(6.1,-2.3,0.8));
#10110=CARTESIAN_POINT('',(6.1,-4.25,0.8));
#10111=CARTESIAN_POINT('',(6.1,-4.25,0.8));
#10112=CARTESIAN_POINT('Origin',(-2.5,-4.25,11.4));
#10113=CARTESIAN_POINT('',(7.05,-4.25,3.6));
#10114=CARTESIAN_POINT('',(7.5,-4.25,3.6));
#10115=CARTESIAN_POINT('',(-2.5,-4.25,3.6));
#10116=CARTESIAN_POINT('',(7.05,-4.25,0.8));
#10117=CARTESIAN_POINT('',(7.05,-4.25,6.1));
#10118=CARTESIAN_POINT('',(0.225,-4.25,0.8));
#10119=CARTESIAN_POINT('',(7.5,-4.25,11.4));
#10120=CARTESIAN_POINT('Origin',(7.5,-0.125,5.7));
#10121=CARTESIAN_POINT('',(7.5,-4.4,3.6));
#10122=CARTESIAN_POINT('',(7.5,-5.,4.2));
#10123=CARTESIAN_POINT('Origin',(7.5,-4.4,4.2));
#10124=CARTESIAN_POINT('',(7.5,-5.,3.6));
#10125=CARTESIAN_POINT('',(7.5,4.,3.));
#10126=CARTESIAN_POINT('',(7.5,4.,0.));
#10127=CARTESIAN_POINT('',(7.5,2.97,11.4));
#10128=CARTESIAN_POINT('',(7.5,2.97,11.4));
#10129=CARTESIAN_POINT('',(7.5,1.9775,11.4));
#10130=CARTESIAN_POINT('',(7.5,4.,11.4));
#10131=CARTESIAN_POINT('',(7.5,1.9775,7.1));
#10132=CARTESIAN_POINT('',(7.5,1.9775,7.1));
#10133=CARTESIAN_POINT('',(7.5,1.6225,7.1));
#10134=CARTESIAN_POINT('',(7.5,1.6225,7.1));
#10135=CARTESIAN_POINT('',(7.5,1.6225,11.4));
#10136=CARTESIAN_POINT('',(7.5,1.6225,7.1));
#10137=CARTESIAN_POINT('',(7.5,-1.6225,11.4));
#10138=CARTESIAN_POINT('',(7.5,4.,11.4));
#10139=CARTESIAN_POINT('',(7.5,-1.6225,7.1));
#10140=CARTESIAN_POINT('',(7.5,-1.6225,7.1));
#10141=CARTESIAN_POINT('',(7.5,-1.9775,7.1));
#10142=CARTESIAN_POINT('',(7.5,-1.9775,7.1));
#10143=CARTESIAN_POINT('',(7.5,-1.9775,11.4));
#10144=CARTESIAN_POINT('',(7.5,-1.9775,7.1));
#10145=CARTESIAN_POINT('',(7.5,-2.976,11.4));
#10146=CARTESIAN_POINT('',(7.5,4.,11.4));
#10147=CARTESIAN_POINT('',(7.5,-3.506,7.1));
#10148=CARTESIAN_POINT('',(7.5,-2.976,11.4));
#10149=CARTESIAN_POINT('',(7.5,-4.4,7.1));
#10150=CARTESIAN_POINT('',(7.5,-3.506,7.1));
#10151=CARTESIAN_POINT('',(7.5,-5.,6.5));
#10152=CARTESIAN_POINT('Origin',(7.5,-4.4,6.5));
#10153=CARTESIAN_POINT('',(7.5,-5.,7.1));
#10154=CARTESIAN_POINT('Origin',(-2.5,4.,0.));
#10155=CARTESIAN_POINT('',(2.1,4.,3.));
#10156=CARTESIAN_POINT('',(-2.5,4.,3.));
#10157=CARTESIAN_POINT('',(2.1,4.,9.36));
#10158=CARTESIAN_POINT('',(2.1,4.,9.36));
#10159=CARTESIAN_POINT('',(2.9,4.,9.36));
#10160=CARTESIAN_POINT('',(2.9,4.,9.36));
#10161=CARTESIAN_POINT('',(2.9,4.,3.));
#10162=CARTESIAN_POINT('',(2.9,4.,0.));
#10163=CARTESIAN_POINT('',(-2.5,4.,3.));
#10164=CARTESIAN_POINT('Origin',(-2.5,-4.4,4.2));
#10165=CARTESIAN_POINT('',(-2.05,-5.,4.2));
#10166=CARTESIAN_POINT('',(-2.05,-4.4,3.6));
#10167=CARTESIAN_POINT('Origin',(-2.05,-4.4,4.2));
#10168=CARTESIAN_POINT('',(-2.5,-5.,4.2));
#10169=CARTESIAN_POINT('',(-2.5,-4.4,3.6));
#10170=CARTESIAN_POINT('Origin',(-2.5,-5.,7.1));
#10171=CARTESIAN_POINT('',(-2.05,-5.,6.5));
#10172=CARTESIAN_POINT('',(-2.05,-5.,6.8));
#10173=CARTESIAN_POINT('',(-2.5,-5.,6.5));
#10174=CARTESIAN_POINT('Origin',(-2.5,-4.4,6.5));
#10175=CARTESIAN_POINT('',(-2.05,-4.4,7.1));
#10176=CARTESIAN_POINT('',(-2.5,-4.4,7.1));
#10177=CARTESIAN_POINT('Origin',(-2.05,-4.4,6.5));
#10178=CARTESIAN_POINT('Origin',(-2.5,-4.25,7.1));
#10179=CARTESIAN_POINT('',(-2.05,-4.25,7.1));
#10180=CARTESIAN_POINT('',(-2.05,-4.25,7.1));
#10181=CARTESIAN_POINT('',(2.05,-4.25,7.1));
#10182=CARTESIAN_POINT('',(-2.5,-4.25,7.1));
#10183=CARTESIAN_POINT('',(2.05,-4.4,7.1));
#10184=CARTESIAN_POINT('',(2.05,-54.25,7.1));
#10185=CARTESIAN_POINT('',(2.95,-4.4,7.1));
#10186=CARTESIAN_POINT('',(-2.5,-4.4,7.1));
#10187=CARTESIAN_POINT('',(2.95,-4.25,7.1));
#10188=CARTESIAN_POINT('',(2.95,-4.25,7.1));
#10189=CARTESIAN_POINT('',(7.05,-4.25,7.1));
#10190=CARTESIAN_POINT('',(-2.5,-4.25,7.1));
#10191=CARTESIAN_POINT('',(7.05,-4.4,7.1));
#10192=CARTESIAN_POINT('',(7.05,-54.25,7.1));
#10193=CARTESIAN_POINT('',(-2.5,-4.4,7.1));
#10194=CARTESIAN_POINT('',(-2.5,-3.506,7.1));
#10195=CARTESIAN_POINT('Origin',(-2.5,-2.976,11.4));
#10196=CARTESIAN_POINT('',(-2.5,-2.976,11.4));
#10197=CARTESIAN_POINT('Origin',(-2.5,4.,11.4));
#10198=CARTESIAN_POINT('',(-1.93,2.155,11.4));
#10199=CARTESIAN_POINT('',(-2.5,1.9775,11.4));
#10200=CARTESIAN_POINT('',(-1.93,1.445,11.4));
#10201=CARTESIAN_POINT('',(-1.93,2.155,11.4));
#10202=CARTESIAN_POINT('',(-1.93,1.445,11.4));
#10203=CARTESIAN_POINT('',(-1.93,-1.445,11.4));
#10204=CARTESIAN_POINT('',(-2.5,-1.6225,11.4));
#10205=CARTESIAN_POINT('',(-1.93,-2.155,11.4));
#10206=CARTESIAN_POINT('',(-1.93,-1.445,11.4));
#10207=CARTESIAN_POINT('',(-1.93,-2.155,11.4));
#10208=CARTESIAN_POINT('',(8.07,-2.155,11.4));
#10209=CARTESIAN_POINT('',(8.07,-2.155,11.4));
#10210=CARTESIAN_POINT('',(8.07,-1.445,11.4));
#10211=CARTESIAN_POINT('',(8.07,-1.445,11.4));
#10212=CARTESIAN_POINT('',(7.5,-1.6225,11.4));
#10213=CARTESIAN_POINT('',(8.07,1.445,11.4));
#10214=CARTESIAN_POINT('',(8.07,1.445,11.4));
#10215=CARTESIAN_POINT('',(8.07,2.155,11.4));
#10216=CARTESIAN_POINT('',(8.07,2.155,11.4));
#10217=CARTESIAN_POINT('',(7.5,1.9775,11.4));
#10218=CARTESIAN_POINT('',(-2.5,2.97,11.4));
#10219=CARTESIAN_POINT('',(3.,-2.44929359829471E-16,11.4));
#10220=CARTESIAN_POINT('Origin',(5.,0.,11.4));
#10221=CARTESIAN_POINT('',(-2.,-2.44929359829471E-16,11.4));
#10222=CARTESIAN_POINT('Origin',(0.,0.,11.4));
#10223=CARTESIAN_POINT('Origin',(-1.93,-2.155,7.1));
#10224=CARTESIAN_POINT('',(-1.93,-2.155,7.1));
#10225=CARTESIAN_POINT('',(-1.93,-2.155,7.1));
#10226=CARTESIAN_POINT('',(-1.93,-2.155,7.1));
#10227=CARTESIAN_POINT('Origin',(-2.170212392072,-1.8,7.1));
#10228=CARTESIAN_POINT('',(-1.93,-1.445,7.1));
#10229=CARTESIAN_POINT('',(-2.5,-1.6225,7.1));
#10230=CARTESIAN_POINT('',(-1.93,-1.445,7.1));
#10231=CARTESIAN_POINT('Origin',(-2.5,-1.6225,7.1));
#10232=CARTESIAN_POINT('',(-1.93,-1.445,7.1));
#10233=CARTESIAN_POINT('Origin',(-1.93,1.445,7.1));
#10234=CARTESIAN_POINT('',(-1.93,1.445,7.1));
#10235=CARTESIAN_POINT('',(-1.93,1.445,7.1));
#10236=CARTESIAN_POINT('',(-1.93,1.445,7.1));
#10237=CARTESIAN_POINT('Origin',(-2.170212392072,1.8,7.1));
#10238=CARTESIAN_POINT('',(-1.93,2.155,7.1));
#10239=CARTESIAN_POINT('',(-2.5,1.9775,7.1));
#10240=CARTESIAN_POINT('',(-1.93,2.155,7.1));
#10241=CARTESIAN_POINT('Origin',(-2.5,1.9775,7.1));
#10242=CARTESIAN_POINT('',(-1.93,2.155,7.1));
#10243=CARTESIAN_POINT('Origin',(-2.5,2.97,11.4));
#10244=CARTESIAN_POINT('',(2.9,3.220142857143,9.36));
#10245=CARTESIAN_POINT('',(2.9,3.666204089868,5.722219072924));
#10246=CARTESIAN_POINT('',(2.1,3.220142857143,9.36));
#10247=CARTESIAN_POINT('',(0.2,3.220142857143,9.36));
#10248=CARTESIAN_POINT('',(2.1,3.100847329481,10.332895565401));
#10249=CARTESIAN_POINT('',(3.9,3.711845238095,5.35));
#10250=CARTESIAN_POINT('Origin',(5.,3.711845238095,5.35));
#10251=CARTESIAN_POINT('',(-1.1,3.711845238095,5.35));
#10252=CARTESIAN_POINT('Origin',(0.,3.711845238095,5.35));
#10253=CARTESIAN_POINT('Origin',(-2.5,-5.,3.6));
#10254=CARTESIAN_POINT('',(-2.05,-54.625,3.6));
#10255=CARTESIAN_POINT('Origin',(-2.05,-104.25,6.5));
#10256=CARTESIAN_POINT('',(-2.05,-2.3,0.8));
#10257=CARTESIAN_POINT('',(-2.05,-104.25,0.8));
#10258=CARTESIAN_POINT('',(-2.05,-2.3,6.5));
#10259=CARTESIAN_POINT('',(-2.05,-2.3,0.8));
#10260=CARTESIAN_POINT('',(-2.05,-4.25,6.5));
#10261=CARTESIAN_POINT('',(-2.05,-104.25,6.5));
#10262=CARTESIAN_POINT('',(-2.05,-4.25,0.));
#10263=CARTESIAN_POINT('Origin',(-2.05,-104.25,0.8));
#10264=CARTESIAN_POINT('',(-2.05,-2.3,0.8));
#10265=CARTESIAN_POINT('Origin',(-1.020894735288E-16,0.,0.8));
#10266=CARTESIAN_POINT('',(-2.05,-2.3,0.8));
#10267=CARTESIAN_POINT('',(-0.5,-6.12323399573677E-17,0.8));
#10268=CARTESIAN_POINT('Origin',(0.,0.,0.8));
#10269=CARTESIAN_POINT('Origin',(-2.05,-104.25,0.8));
#10270=CARTESIAN_POINT('',(2.05,-2.3,0.8));
#10271=CARTESIAN_POINT('',(2.05,-104.25,0.8));
#10272=CARTESIAN_POINT('',(-2.05,-2.3,0.8));
#10273=CARTESIAN_POINT('Origin',(2.95,-104.25,0.8));
#10274=CARTESIAN_POINT('',(2.95,-2.3,0.8));
#10275=CARTESIAN_POINT('',(2.95,-104.25,0.8));
#10276=CARTESIAN_POINT('',(2.95,-2.3,0.8));
#10277=CARTESIAN_POINT('Origin',(2.05,-104.25,0.8));
#10278=CARTESIAN_POINT('',(2.05,-4.25,6.5));
#10279=CARTESIAN_POINT('',(2.05,-2.3,6.5));
#10280=CARTESIAN_POINT('',(2.05,-104.25,6.5));
#10281=CARTESIAN_POINT('',(2.05,-2.3,0.8));
#10282=CARTESIAN_POINT('',(2.05,-4.4,3.6));
#10283=CARTESIAN_POINT('',(2.05,-54.625,3.6));
#10284=CARTESIAN_POINT('',(2.05,-5.,4.2));
#10285=CARTESIAN_POINT('Origin',(2.05,-4.4,4.2));
#10286=CARTESIAN_POINT('',(2.05,-5.,6.5));
#10287=CARTESIAN_POINT('',(2.05,-5.,3.95));
#10288=CARTESIAN_POINT('Origin',(2.05,-4.4,6.5));
#10289=CARTESIAN_POINT('',(2.05,-4.25,0.));
#10290=CARTESIAN_POINT('Origin',(-2.5,-5.,3.6));
#10291=CARTESIAN_POINT('',(2.95,-4.4,3.6));
#10292=CARTESIAN_POINT('',(2.95,-54.625,3.6));
#10293=CARTESIAN_POINT('',(-2.5,-4.4,3.6));
#10294=CARTESIAN_POINT('Origin',(2.95,-104.25,6.5));
#10295=CARTESIAN_POINT('',(2.95,-2.3,6.5));
#10296=CARTESIAN_POINT('',(2.95,-2.3,0.8));
#10297=CARTESIAN_POINT('',(2.95,-4.25,6.5));
#10298=CARTESIAN_POINT('',(2.95,-104.25,6.5));
#10299=CARTESIAN_POINT('',(2.95,-4.25,0.));
#10300=CARTESIAN_POINT('',(2.95,-5.,6.5));
#10301=CARTESIAN_POINT('Origin',(2.95,-4.4,6.5));
#10302=CARTESIAN_POINT('',(2.95,-5.,4.2));
#10303=CARTESIAN_POINT('',(2.95,-5.,6.8));
#10304=CARTESIAN_POINT('Origin',(2.95,-4.4,4.2));
#10305=CARTESIAN_POINT('Origin',(5.,0.,0.8));
#10306=CARTESIAN_POINT('',(2.95,-2.3,0.8));
#10307=CARTESIAN_POINT('',(4.5,-6.12323399573677E-17,0.8));
#10308=CARTESIAN_POINT('Origin',(5.,0.,0.8));
#10309=CARTESIAN_POINT('Origin',(2.95,-104.25,0.8));
#10310=CARTESIAN_POINT('',(7.05,-2.3,0.8));
#10311=CARTESIAN_POINT('',(7.05,-104.25,0.8));
#10312=CARTESIAN_POINT('',(2.95,-2.3,0.8));
#10313=CARTESIAN_POINT('Origin',(-2.5,-5.,3.6));
#10314=CARTESIAN_POINT('',(7.05,-4.4,3.6));
#10315=CARTESIAN_POINT('',(7.05,-54.625,3.6));
#10316=CARTESIAN_POINT('',(-2.5,-4.4,3.6));
#10317=CARTESIAN_POINT('Origin',(7.05,-104.25,0.8));
#10318=CARTESIAN_POINT('',(7.05,-4.25,6.5));
#10319=CARTESIAN_POINT('',(7.05,-2.3,6.5));
#10320=CARTESIAN_POINT('',(7.05,-104.25,6.5));
#10321=CARTESIAN_POINT('',(7.05,-2.3,0.8));
#10322=CARTESIAN_POINT('',(7.05,-5.,4.2));
#10323=CARTESIAN_POINT('Origin',(7.05,-4.4,4.2));
#10324=CARTESIAN_POINT('',(7.05,-5.,6.5));
#10325=CARTESIAN_POINT('',(7.05,-5.,3.95));
#10326=CARTESIAN_POINT('Origin',(7.05,-4.4,6.5));
#10327=CARTESIAN_POINT('',(7.05,-4.25,0.));
#10328=CARTESIAN_POINT('Origin',(-2.5,-4.4,4.2));
#10329=CARTESIAN_POINT('',(-2.5,-5.,4.2));
#10330=CARTESIAN_POINT('Origin',(-2.5,-5.,7.1));
#10331=CARTESIAN_POINT('',(-2.5,-5.,6.5));
#10332=CARTESIAN_POINT('Origin',(-2.5,-4.4,6.5));
#10333=CARTESIAN_POINT('Origin',(8.07,-2.155,7.1));
#10334=CARTESIAN_POINT('',(8.07,-2.155,7.1));
#10335=CARTESIAN_POINT('',(8.07,-2.155,7.1));
#10336=CARTESIAN_POINT('',(8.07,-2.155,7.1));
#10337=CARTESIAN_POINT('Origin',(7.829787607928,-1.8,7.1));
#10338=CARTESIAN_POINT('',(8.07,-1.445,7.1));
#10339=CARTESIAN_POINT('',(7.5,-1.6225,7.1));
#10340=CARTESIAN_POINT('',(8.07,-1.445,7.1));
#10341=CARTESIAN_POINT('Origin',(7.5,-1.6225,7.1));
#10342=CARTESIAN_POINT('',(8.07,-1.445,7.1));
#10343=CARTESIAN_POINT('Origin',(8.07,1.445,7.1));
#10344=CARTESIAN_POINT('',(8.07,1.445,7.1));
#10345=CARTESIAN_POINT('',(8.07,1.445,7.1));
#10346=CARTESIAN_POINT('',(8.07,1.445,7.1));
#10347=CARTESIAN_POINT('Origin',(7.829787607928,1.8,7.1));
#10348=CARTESIAN_POINT('',(8.07,2.155,7.1));
#10349=CARTESIAN_POINT('',(7.5,1.9775,7.1));
#10350=CARTESIAN_POINT('',(8.07,2.155,7.1));
#10351=CARTESIAN_POINT('Origin',(7.5,1.9775,7.1));
#10352=CARTESIAN_POINT('',(8.07,2.155,7.1));
#10353=CARTESIAN_POINT('Origin',(2.9,4.,0.));
#10354=CARTESIAN_POINT('',(2.9,4.,9.36));
#10355=CARTESIAN_POINT('Origin',(2.9,4.,9.36));
#10356=CARTESIAN_POINT('',(2.1,4.,9.36));
#10357=CARTESIAN_POINT('Origin',(2.1,4.,9.36));
#10358=CARTESIAN_POINT('Origin',(-2.5,-4.25,11.4));
#10359=CARTESIAN_POINT('',(7.05,-4.25,6.5));
#10360=CARTESIAN_POINT('Origin',(-2.5,-4.4,6.5));
#10361=CARTESIAN_POINT('',(-2.5,-5.,6.5));
#10362=CARTESIAN_POINT('Origin',(-2.5,-4.25,11.4));
#10363=CARTESIAN_POINT('',(2.05,-4.25,6.5));
#10364=CARTESIAN_POINT('Origin',(8.07,2.155,7.1));
#10365=CARTESIAN_POINT('Origin',(8.07,-1.445,7.1));
#10366=CARTESIAN_POINT('Origin',(-1.93,-1.445,7.1));
#10367=CARTESIAN_POINT('Origin',(-1.93,2.155,7.1));
#10368=CARTESIAN_POINT('Origin',(5.,0.,11.4));
#10369=CARTESIAN_POINT('',(3.,-2.44929359829471E-16,6.5));
#10370=CARTESIAN_POINT('Origin',(5.,0.,6.5));
#10371=CARTESIAN_POINT('',(3.,-2.44929359829471E-16,11.4));
#10372=CARTESIAN_POINT('Origin',(0.,0.,11.4));
#10373=CARTESIAN_POINT('',(-2.,-2.44929359829471E-16,6.5));
#10374=CARTESIAN_POINT('Origin',(0.,0.,6.5));
#10375=CARTESIAN_POINT('',(-2.,-2.44929359829471E-16,11.4));
#10376=CARTESIAN_POINT('Origin',(5.,4.,5.35));
#10377=CARTESIAN_POINT('',(5.,2.3,4.25));
#10378=CARTESIAN_POINT('',(3.9,2.3,5.35));
#10379=CARTESIAN_POINT('Origin',(5.,2.3,5.35));
#10380=CARTESIAN_POINT('Origin',(5.,2.3,5.35));
#10381=CARTESIAN_POINT('',(3.9,4.,5.35));
#10382=CARTESIAN_POINT('Origin',(0.,4.,5.35));
#10383=CARTESIAN_POINT('',(7.421873560547E-9,2.3,4.25));
#10384=CARTESIAN_POINT('',(-1.1,2.3,5.35));
#10385=CARTESIAN_POINT('Origin',(0.,2.3,5.35));
#10386=CARTESIAN_POINT('Origin',(0.,2.3,5.35));
#10387=CARTESIAN_POINT('',(-1.1,4.,5.35));
#10388=CARTESIAN_POINT('Origin',(-2.05,-2.3,0.8));
#10389=CARTESIAN_POINT('',(-2.05,-2.3,6.5));
#10390=CARTESIAN_POINT('',(-1.,-2.3,1.75));
#10391=CARTESIAN_POINT('',(-1.3,-2.3,2.05));
#10392=CARTESIAN_POINT('Origin',(-1.,-2.3,2.05));
#10393=CARTESIAN_POINT('',(-1.3,-2.3,3.95));
#10394=CARTESIAN_POINT('',(-1.3,-2.3,4.25));
#10395=CARTESIAN_POINT('',(-1.,-2.3,4.25));
#10396=CARTESIAN_POINT('Origin',(-1.,-2.3,3.95));
#10397=CARTESIAN_POINT('',(1.,-2.3,4.25));
#10398=CARTESIAN_POINT('',(1.3,-2.3,4.25));
#10399=CARTESIAN_POINT('',(1.3,-2.3,3.95));
#10400=CARTESIAN_POINT('Origin',(1.,-2.3,3.95));
#10401=CARTESIAN_POINT('',(1.3,-2.3,2.05));
#10402=CARTESIAN_POINT('',(1.3,-2.3,1.75));
#10403=CARTESIAN_POINT('',(1.,-2.3,1.75));
#10404=CARTESIAN_POINT('Origin',(1.,-2.3,2.05));
#10405=CARTESIAN_POINT('',(-1.3,-2.3,1.75));
#10406=CARTESIAN_POINT('Origin',(2.05,-104.25,6.5));
#10407=CARTESIAN_POINT('Origin',(0.,0.,0.8));
#10408=CARTESIAN_POINT('',(-0.5,-6.12323399573677E-17,-3.6));
#10409=CARTESIAN_POINT('',(-0.5,-6.12323399573677E-17,0.8));
#10410=CARTESIAN_POINT('Origin',(0.,0.,-3.6));
#10411=CARTESIAN_POINT('Origin',(2.95,-2.3,0.8));
#10412=CARTESIAN_POINT('',(2.95,-2.3,6.5));
#10413=CARTESIAN_POINT('',(4.,-2.3,1.75));
#10414=CARTESIAN_POINT('',(3.7,-2.3,2.05));
#10415=CARTESIAN_POINT('Origin',(4.,-2.3,2.05));
#10416=CARTESIAN_POINT('',(3.7,-2.3,3.95));
#10417=CARTESIAN_POINT('',(3.7,-2.3,4.25));
#10418=CARTESIAN_POINT('',(4.,-2.3,4.25));
#10419=CARTESIAN_POINT('Origin',(4.,-2.3,3.95));
#10420=CARTESIAN_POINT('',(6.,-2.3,4.25));
#10421=CARTESIAN_POINT('',(6.3,-2.3,4.25));
#10422=CARTESIAN_POINT('',(6.3,-2.3,3.95));
#10423=CARTESIAN_POINT('Origin',(6.,-2.3,3.95));
#10424=CARTESIAN_POINT('',(6.3,-2.3,2.05));
#10425=CARTESIAN_POINT('',(6.3,-2.3,1.75));
#10426=CARTESIAN_POINT('',(6.,-2.3,1.75));
#10427=CARTESIAN_POINT('Origin',(6.,-2.3,2.05));
#10428=CARTESIAN_POINT('',(3.7,-2.3,1.75));
#10429=CARTESIAN_POINT('Origin',(-2.5,-4.4,4.2));
#10430=CARTESIAN_POINT('',(-2.5,-5.,4.2));
#10431=CARTESIAN_POINT('Origin',(-2.5,-5.,7.1));
#10432=CARTESIAN_POINT('Origin',(7.05,-104.25,6.5));
#10433=CARTESIAN_POINT('Origin',(5.,0.,0.8));
#10434=CARTESIAN_POINT('',(4.5,-6.12323399573677E-17,-3.6));
#10435=CARTESIAN_POINT('',(4.5,-6.12323399573677E-17,0.8));
#10436=CARTESIAN_POINT('Origin',(5.,0.,-3.6));
#10437=CARTESIAN_POINT('Origin',(5.,0.,6.5));
#10438=CARTESIAN_POINT('',(3.1,2.32682891837997E-16,6.5));
#10439=CARTESIAN_POINT('Origin',(5.,0.,6.5));
#10440=CARTESIAN_POINT('Origin',(-1.020894735288E-16,0.,6.5));
#10441=CARTESIAN_POINT('',(-1.9,2.32682891837997E-16,6.5));
#10442=CARTESIAN_POINT('Origin',(0.,0.,6.5));
#10443=CARTESIAN_POINT('Origin',(7.05,2.3,0.8));
#10444=CARTESIAN_POINT('Origin',(2.05,2.3,0.8));
#10445=CARTESIAN_POINT('Origin',(-1.,2.3,2.05));
#10446=CARTESIAN_POINT('',(-1.,2.3,1.75));
#10447=CARTESIAN_POINT('',(-1.,2.3,1.75));
#10448=CARTESIAN_POINT('',(-1.3,2.3,2.05));
#10449=CARTESIAN_POINT('Origin',(-1.,2.3,2.05));
#10450=CARTESIAN_POINT('',(-1.3,2.3,2.05));
#10451=CARTESIAN_POINT('Origin',(-1.3,2.3,4.25));
#10452=CARTESIAN_POINT('',(-1.3,2.3,3.95));
#10453=CARTESIAN_POINT('',(-1.3,2.3,4.25));
#10454=CARTESIAN_POINT('',(-1.3,2.3,3.95));
#10455=CARTESIAN_POINT('Origin',(-1.,2.3,3.95));
#10456=CARTESIAN_POINT('',(-1.,2.3,4.25));
#10457=CARTESIAN_POINT('Origin',(-1.,2.3,3.95));
#10458=CARTESIAN_POINT('',(-1.,2.3,4.25));
#10459=CARTESIAN_POINT('Origin',(1.3,2.3,4.25));
#10460=CARTESIAN_POINT('',(1.,2.3,4.25));
#10461=CARTESIAN_POINT('',(1.3,2.3,4.25));
#10462=CARTESIAN_POINT('',(1.,2.3,4.25));
#10463=CARTESIAN_POINT('',(1.3,2.3,4.25));
#10464=CARTESIAN_POINT('Origin',(1.,2.3,3.95));
#10465=CARTESIAN_POINT('',(1.3,2.3,3.95));
#10466=CARTESIAN_POINT('Origin',(1.,2.3,3.95));
#10467=CARTESIAN_POINT('',(1.3,2.3,3.95));
#10468=CARTESIAN_POINT('Origin',(1.3,2.3,1.75));
#10469=CARTESIAN_POINT('',(1.3,2.3,2.05));
#10470=CARTESIAN_POINT('',(1.3,2.3,1.75));
#10471=CARTESIAN_POINT('',(1.3,2.3,2.05));
#10472=CARTESIAN_POINT('Origin',(1.,2.3,2.05));
#10473=CARTESIAN_POINT('',(1.,2.3,1.75));
#10474=CARTESIAN_POINT('Origin',(1.,2.3,2.05));
#10475=CARTESIAN_POINT('',(1.,2.3,1.75));
#10476=CARTESIAN_POINT('Origin',(-1.3,2.3,1.75));
#10477=CARTESIAN_POINT('',(-1.3,2.3,1.75));
#10478=CARTESIAN_POINT('Origin',(-3.204937810639E-17,4.3687976227E-17,-3.6));
#10479=CARTESIAN_POINT('Origin',(4.,2.3,2.05));
#10480=CARTESIAN_POINT('',(4.,2.3,1.75));
#10481=CARTESIAN_POINT('',(4.,2.3,1.75));
#10482=CARTESIAN_POINT('',(3.7,2.3,2.05));
#10483=CARTESIAN_POINT('Origin',(4.,2.3,2.05));
#10484=CARTESIAN_POINT('',(3.7,2.3,2.05));
#10485=CARTESIAN_POINT('Origin',(3.7,2.3,4.25));
#10486=CARTESIAN_POINT('',(3.7,2.3,3.95));
#10487=CARTESIAN_POINT('',(3.7,2.3,4.25));
#10488=CARTESIAN_POINT('',(3.7,2.3,3.95));
#10489=CARTESIAN_POINT('Origin',(4.,2.3,3.95));
#10490=CARTESIAN_POINT('',(4.,2.3,4.25));
#10491=CARTESIAN_POINT('Origin',(4.,2.3,3.95));
#10492=CARTESIAN_POINT('',(4.,2.3,4.25));
#10493=CARTESIAN_POINT('Origin',(6.3,2.3,4.25));
#10494=CARTESIAN_POINT('',(6.,2.3,4.25));
#10495=CARTESIAN_POINT('',(6.3,2.3,4.25));
#10496=CARTESIAN_POINT('',(6.,2.3,4.25));
#10497=CARTESIAN_POINT('',(6.3,2.3,4.25));
#10498=CARTESIAN_POINT('Origin',(6.,2.3,3.95));
#10499=CARTESIAN_POINT('',(6.3,2.3,3.95));
#10500=CARTESIAN_POINT('Origin',(6.,2.3,3.95));
#10501=CARTESIAN_POINT('',(6.3,2.3,3.95));
#10502=CARTESIAN_POINT('Origin',(6.3,2.3,1.75));
#10503=CARTESIAN_POINT('',(6.3,2.3,2.05));
#10504=CARTESIAN_POINT('',(6.3,2.3,1.75));
#10505=CARTESIAN_POINT('',(6.3,2.3,2.05));
#10506=CARTESIAN_POINT('Origin',(6.,2.3,2.05));
#10507=CARTESIAN_POINT('',(6.,2.3,1.75));
#10508=CARTESIAN_POINT('Origin',(6.,2.3,2.05));
#10509=CARTESIAN_POINT('',(6.,2.3,1.75));
#10510=CARTESIAN_POINT('Origin',(3.7,2.3,1.75));
#10511=CARTESIAN_POINT('',(3.7,2.3,1.75));
#10512=CARTESIAN_POINT('Origin',(5.,4.3687976227E-17,-3.6));
#10513=CARTESIAN_POINT('Origin',(5.,0.,6.5));
#10514=CARTESIAN_POINT('',(3.1,2.32682891837997E-16,11.2));
#10515=CARTESIAN_POINT('',(3.1,2.32682891837997E-16,6.5));
#10516=CARTESIAN_POINT('',(4.65,1.867484939698,11.2));
#10517=CARTESIAN_POINT('Origin',(5.,0.,11.2));
#10518=CARTESIAN_POINT('',(4.65,1.867484939698,10.5));
#10519=CARTESIAN_POINT('',(4.65,1.867484939698,6.5));
#10520=CARTESIAN_POINT('',(5.35,1.867484939698,10.5));
#10521=CARTESIAN_POINT('Origin',(5.,0.,10.5));
#10522=CARTESIAN_POINT('',(5.35,1.867484939698,11.2));
#10523=CARTESIAN_POINT('',(5.35,1.867484939698,6.5));
#10524=CARTESIAN_POINT('',(5.35,-1.867484939698,11.2));
#10525=CARTESIAN_POINT('Origin',(5.,0.,11.2));
#10526=CARTESIAN_POINT('',(5.35,-1.867484939698,10.5));
#10527=CARTESIAN_POINT('',(5.35,-1.867484939698,6.5));
#10528=CARTESIAN_POINT('',(4.65,-1.867484939698,10.5));
#10529=CARTESIAN_POINT('Origin',(5.,0.,10.5));
#10530=CARTESIAN_POINT('',(4.65,-1.867484939698,11.2));
#10531=CARTESIAN_POINT('',(4.65,-1.867484939698,6.5));
#10532=CARTESIAN_POINT('Origin',(5.,0.,11.2));
#10533=CARTESIAN_POINT('Origin',(0.,0.,6.5));
#10534=CARTESIAN_POINT('',(-1.9,2.32682891837997E-16,11.2));
#10535=CARTESIAN_POINT('',(-1.9,2.32682891837997E-16,6.5));
#10536=CARTESIAN_POINT('',(-0.35,1.867484939698,11.2));
#10537=CARTESIAN_POINT('Origin',(0.,0.,11.2));
#10538=CARTESIAN_POINT('',(-0.35,1.867484939698,10.5));
#10539=CARTESIAN_POINT('',(-0.35,1.867484939698,6.5));
#10540=CARTESIAN_POINT('',(0.35,1.867484939698,10.5));
#10541=CARTESIAN_POINT('Origin',(0.,0.,10.5));
#10542=CARTESIAN_POINT('',(0.35,1.867484939698,11.2));
#10543=CARTESIAN_POINT('',(0.35,1.867484939698,6.5));
#10544=CARTESIAN_POINT('',(0.35,-1.867484939698,11.2));
#10545=CARTESIAN_POINT('Origin',(0.,0.,11.2));
#10546=CARTESIAN_POINT('',(0.35,-1.867484939698,10.5));
#10547=CARTESIAN_POINT('',(0.35,-1.867484939698,6.5));
#10548=CARTESIAN_POINT('',(-0.35,-1.867484939698,10.5));
#10549=CARTESIAN_POINT('Origin',(0.,0.,10.5));
#10550=CARTESIAN_POINT('',(-0.35,-1.867484939698,11.2));
#10551=CARTESIAN_POINT('',(-0.35,-1.867484939698,6.5));
#10552=CARTESIAN_POINT('Origin',(0.,0.,11.2));
#10553=CARTESIAN_POINT('Origin',(-4.440892098501E-16,2.3,3.65));
#10554=CARTESIAN_POINT('Origin',(5.,2.3,3.65));
#10555=CARTESIAN_POINT('Origin',(5.,1.023653692829E-16,11.2));
#10556=CARTESIAN_POINT('',(5.35,-0.35,11.2));
#10557=CARTESIAN_POINT('',(5.35,-2.,11.2));
#10558=CARTESIAN_POINT('',(5.35,0.35,11.2));
#10559=CARTESIAN_POINT('',(5.35,-2.,11.2));
#10560=CARTESIAN_POINT('',(6.,0.35,11.2));
#10561=CARTESIAN_POINT('',(6.,0.35,11.2));
#10562=CARTESIAN_POINT('',(6.,-0.35,11.2));
#10563=CARTESIAN_POINT('',(6.,-0.35,11.2));
#10564=CARTESIAN_POINT('',(4.,-0.35,11.2));
#10565=CARTESIAN_POINT('Origin',(5.35,-2.,11.2));
#10566=CARTESIAN_POINT('',(5.35,-0.35,10.5));
#10567=CARTESIAN_POINT('',(5.35,-0.35,11.2));
#10568=CARTESIAN_POINT('',(5.35,-2.,10.5));
#10569=CARTESIAN_POINT('Origin',(5.,-4.724353296277E-17,10.5));
#10570=CARTESIAN_POINT('',(6.,-0.35,10.5));
#10571=CARTESIAN_POINT('',(4.,-0.35,10.5));
#10572=CARTESIAN_POINT('',(6.,0.35,10.5));
#10573=CARTESIAN_POINT('',(6.,-0.35,10.5));
#10574=CARTESIAN_POINT('',(5.35,0.35,10.5));
#10575=CARTESIAN_POINT('',(6.,0.35,10.5));
#10576=CARTESIAN_POINT('',(5.35,-2.,10.5));
#10577=CARTESIAN_POINT('',(4.65,0.35,10.5));
#10578=CARTESIAN_POINT('',(4.65,2.,10.5));
#10579=CARTESIAN_POINT('',(4.,0.35,10.5));
#10580=CARTESIAN_POINT('',(6.,0.35,10.5));
#10581=CARTESIAN_POINT('',(4.,-0.35,10.5));
#10582=CARTESIAN_POINT('',(4.,0.35,10.5));
#10583=CARTESIAN_POINT('',(4.65,-0.35,10.5));
#10584=CARTESIAN_POINT('',(4.,-0.35,10.5));
#10585=CARTESIAN_POINT('',(4.65,2.,10.5));
#10586=CARTESIAN_POINT('Origin',(4.65,2.,11.2));
#10587=CARTESIAN_POINT('',(4.65,-0.35,11.2));
#10588=CARTESIAN_POINT('',(4.65,2.,11.2));
#10589=CARTESIAN_POINT('',(4.65,-0.35,11.2));
#10590=CARTESIAN_POINT('Origin',(5.,1.023653692829E-16,11.2));
#10591=CARTESIAN_POINT('',(4.65,0.35,11.2));
#10592=CARTESIAN_POINT('',(4.65,2.,11.2));
#10593=CARTESIAN_POINT('',(4.,-0.35,11.2));
#10594=CARTESIAN_POINT('',(4.,-0.35,11.2));
#10595=CARTESIAN_POINT('',(4.,0.35,11.2));
#10596=CARTESIAN_POINT('',(4.,0.35,11.2));
#10597=CARTESIAN_POINT('',(6.,0.35,11.2));
#10598=CARTESIAN_POINT('Origin',(4.65,2.,11.2));
#10599=CARTESIAN_POINT('',(4.65,0.35,11.2));
#10600=CARTESIAN_POINT('Origin',(5.35,-2.,11.2));
#10601=CARTESIAN_POINT('',(5.35,0.35,11.2));
#10602=CARTESIAN_POINT('Origin',(-1.799263332289E-16,1.023653692829E-16,
11.2));
#10603=CARTESIAN_POINT('',(0.35,-0.35,11.2));
#10604=CARTESIAN_POINT('',(0.35,-2.,11.2));
#10605=CARTESIAN_POINT('',(0.35,0.35,11.2));
#10606=CARTESIAN_POINT('',(0.35,-2.,11.2));
#10607=CARTESIAN_POINT('',(1.,0.35,11.2));
#10608=CARTESIAN_POINT('',(1.,0.35,11.2));
#10609=CARTESIAN_POINT('',(1.,-0.35,11.2));
#10610=CARTESIAN_POINT('',(1.,-0.35,11.2));
#10611=CARTESIAN_POINT('',(-1.,-0.35,11.2));
#10612=CARTESIAN_POINT('Origin',(0.35,-2.,11.2));
#10613=CARTESIAN_POINT('',(0.35,-0.35,10.5));
#10614=CARTESIAN_POINT('',(0.35,-0.35,11.2));
#10615=CARTESIAN_POINT('',(0.35,-2.,10.5));
#10616=CARTESIAN_POINT('Origin',(0.,-4.724353296277E-17,10.5));
#10617=CARTESIAN_POINT('',(1.,-0.35,10.5));
#10618=CARTESIAN_POINT('',(-1.,-0.35,10.5));
#10619=CARTESIAN_POINT('',(1.,0.35,10.5));
#10620=CARTESIAN_POINT('',(1.,-0.35,10.5));
#10621=CARTESIAN_POINT('',(0.35,0.35,10.5));
#10622=CARTESIAN_POINT('',(1.,0.35,10.5));
#10623=CARTESIAN_POINT('',(0.35,-2.,10.5));
#10624=CARTESIAN_POINT('',(-0.35,0.35,10.5));
#10625=CARTESIAN_POINT('',(-0.35,2.,10.5));
#10626=CARTESIAN_POINT('',(-1.,0.35,10.5));
#10627=CARTESIAN_POINT('',(1.,0.35,10.5));
#10628=CARTESIAN_POINT('',(-1.,-0.35,10.5));
#10629=CARTESIAN_POINT('',(-1.,0.35,10.5));
#10630=CARTESIAN_POINT('',(-0.35,-0.35,10.5));
#10631=CARTESIAN_POINT('',(-1.,-0.35,10.5));
#10632=CARTESIAN_POINT('',(-0.35,2.,10.5));
#10633=CARTESIAN_POINT('Origin',(-0.35,2.,11.2));
#10634=CARTESIAN_POINT('',(-0.35,-0.35,11.2));
#10635=CARTESIAN_POINT('',(-0.35,2.,11.2));
#10636=CARTESIAN_POINT('',(-0.35,-0.35,11.2));
#10637=CARTESIAN_POINT('Origin',(-1.799263332289E-16,1.023653692829E-16,
11.2));
#10638=CARTESIAN_POINT('',(-0.35,0.35,11.2));
#10639=CARTESIAN_POINT('',(-0.35,2.,11.2));
#10640=CARTESIAN_POINT('',(-1.,-0.35,11.2));
#10641=CARTESIAN_POINT('',(-1.,-0.35,11.2));
#10642=CARTESIAN_POINT('',(-1.,0.35,11.2));
#10643=CARTESIAN_POINT('',(-1.,0.35,11.2));
#10644=CARTESIAN_POINT('',(1.,0.35,11.2));
#10645=CARTESIAN_POINT('Origin',(-0.35,2.,11.2));
#10646=CARTESIAN_POINT('',(-0.35,0.35,11.2));
#10647=CARTESIAN_POINT('Origin',(0.35,-2.,11.2));
#10648=CARTESIAN_POINT('',(0.35,0.35,11.2));
#10649=CARTESIAN_POINT('Origin',(4.,-0.35,11.2));
#10650=CARTESIAN_POINT('',(6.,-0.35,11.2));
#10651=CARTESIAN_POINT('Origin',(6.,-0.35,11.2));
#10652=CARTESIAN_POINT('',(6.,0.35,11.2));
#10653=CARTESIAN_POINT('Origin',(6.,0.35,11.2));
#10654=CARTESIAN_POINT('Origin',(6.,0.35,11.2));
#10655=CARTESIAN_POINT('',(4.,0.35,11.2));
#10656=CARTESIAN_POINT('Origin',(4.,0.35,11.2));
#10657=CARTESIAN_POINT('',(4.,-0.35,11.2));
#10658=CARTESIAN_POINT('Origin',(4.,-0.35,11.2));
#10659=CARTESIAN_POINT('Origin',(-1.,-0.35,11.2));
#10660=CARTESIAN_POINT('',(1.,-0.35,11.2));
#10661=CARTESIAN_POINT('Origin',(1.,-0.35,11.2));
#10662=CARTESIAN_POINT('',(1.,0.35,11.2));
#10663=CARTESIAN_POINT('Origin',(1.,0.35,11.2));
#10664=CARTESIAN_POINT('Origin',(1.,0.35,11.2));
#10665=CARTESIAN_POINT('',(-1.,0.35,11.2));
#10666=CARTESIAN_POINT('Origin',(-1.,0.35,11.2));
#10667=CARTESIAN_POINT('',(-1.,-0.35,11.2));
#10668=CARTESIAN_POINT('Origin',(-1.,-0.35,11.2));
#10669=CARTESIAN_POINT('',(0.,0.,0.));
#10670=CARTESIAN_POINT('',(0.,0.,0.));
#10671=CARTESIAN_POINT('',(0.,0.,0.));
#10672=CARTESIAN_POINT('Origin',(1.27,-1.50990331349E-15,6.8));
#10673=CARTESIAN_POINT('',(-0.23,-1.6936003333621E-15,6.8));
#10674=CARTESIAN_POINT('Origin',(1.27,-1.50990331349E-15,6.8));
#10675=CARTESIAN_POINT('',(1.27,-1.8429702208775E-15,8.3));
#10676=CARTESIAN_POINT('Origin',(1.27,-1.50990331349E-15,6.8));
#10677=CARTESIAN_POINT('Origin',(1.27,-1.50990331349E-15,6.8));
#10678=CARTESIAN_POINT('',(-0.23,-1.091049232099E-15,4.));
#10679=CARTESIAN_POINT('Origin',(1.27,-8.881784197001E-16,4.));
#10680=CARTESIAN_POINT('',(-0.23,-1.3262062936179E-15,6.8));
#10681=CARTESIAN_POINT('Origin',(-0.23,-1.166190378969,4.));
#10682=CARTESIAN_POINT('',(-0.23,-1.16619037897,4.));
#10683=CARTESIAN_POINT('',(-0.23,-1.16619037897,4.));
#10684=CARTESIAN_POINT('',(-0.23,1.16619037897,4.));
#10685=CARTESIAN_POINT('Origin',(1.27,0.,4.));
#10686=CARTESIAN_POINT('',(-0.23,-1.16619037897,4.));
#10687=CARTESIAN_POINT('Origin',(1.27,0.,3.));
#10688=CARTESIAN_POINT('',(-0.23,-1.16619037897,3.));
#10689=CARTESIAN_POINT('',(-0.23,1.16619037897,3.));
#10690=CARTESIAN_POINT('Origin',(1.27,0.,3.));
#10691=CARTESIAN_POINT('',(-0.23,1.16619037897,3.));
#10692=CARTESIAN_POINT('',(-0.23,-1.16619037897,3.));
#10693=CARTESIAN_POINT('Origin',(-0.23,-1.16619037897,3.));
#10694=CARTESIAN_POINT('',(-0.23,-1.16619037897,3.));
#10695=CARTESIAN_POINT('Origin',(-0.23,-1.166190378969,3.));
#10696=CARTESIAN_POINT('',(0.2,-0.2,3.));
#10697=CARTESIAN_POINT('',(0.2,0.2,3.));
#10698=CARTESIAN_POINT('',(0.2,-0.483095189485,3.));
#10699=CARTESIAN_POINT('',(-0.2,0.2,3.));
#10700=CARTESIAN_POINT('',(-0.215,0.2,3.));
#10701=CARTESIAN_POINT('',(-0.2,-0.2,3.));
#10702=CARTESIAN_POINT('',(-0.2,-0.683095189485,3.));
#10703=CARTESIAN_POINT('',(-0.01499999999986,-0.2,3.));
#10704=CARTESIAN_POINT('',(2.74,0.2,3.));
#10705=CARTESIAN_POINT('',(2.34,0.2,3.));
#10706=CARTESIAN_POINT('',(1.055,0.2,3.));
#10707=CARTESIAN_POINT('',(2.34,-0.2,3.));
#10708=CARTESIAN_POINT('',(2.34,-0.683095189485,3.));
#10709=CARTESIAN_POINT('',(2.74,-0.2,3.));
#10710=CARTESIAN_POINT('',(1.255,-0.2,3.));
#10711=CARTESIAN_POINT('',(2.74,-0.483095189485,3.));
#10712=CARTESIAN_POINT('Origin',(0.2,0.2,3.5));
#10713=CARTESIAN_POINT('',(0.2,-0.2,-2.5));
#10714=CARTESIAN_POINT('',(0.2,-0.2,3.5));
#10715=CARTESIAN_POINT('',(0.2,0.2,-2.5));
#10716=CARTESIAN_POINT('',(0.2,0.2,-2.5));
#10717=CARTESIAN_POINT('',(0.2,0.2,3.5));
#10718=CARTESIAN_POINT('Origin',(0.2,-0.2,3.5));
#10719=CARTESIAN_POINT('',(-0.2,-0.2,-2.5));
#10720=CARTESIAN_POINT('',(-0.2,-0.2,3.5));
#10721=CARTESIAN_POINT('',(0.2,-0.2,-2.5));
#10722=CARTESIAN_POINT('Origin',(-0.2,-0.2,3.5));
#10723=CARTESIAN_POINT('',(-0.2,0.2,-2.5));
#10724=CARTESIAN_POINT('',(-0.2,0.2,3.5));
#10725=CARTESIAN_POINT('',(-0.2,-0.2,-2.5));
#10726=CARTESIAN_POINT('Origin',(-0.2,0.2,3.5));
#10727=CARTESIAN_POINT('',(-0.2,0.2,-2.5));
#10728=CARTESIAN_POINT('Origin',(2.34,0.2,3.5));
#10729=CARTESIAN_POINT('',(2.74,0.2,-2.5));
#10730=CARTESIAN_POINT('',(2.74,0.2,3.5));
#10731=CARTESIAN_POINT('',(2.34,0.2,-2.5));
#10732=CARTESIAN_POINT('',(2.34,0.2,-2.5));
#10733=CARTESIAN_POINT('',(2.34,0.2,3.5));
#10734=CARTESIAN_POINT('Origin',(2.74,0.2,3.5));
#10735=CARTESIAN_POINT('',(2.74,-0.2,-2.5));
#10736=CARTESIAN_POINT('',(2.74,-0.2,3.5));
#10737=CARTESIAN_POINT('',(2.74,0.2,-2.5));
#10738=CARTESIAN_POINT('Origin',(2.74,-0.2,3.5));
#10739=CARTESIAN_POINT('',(2.34,-0.2,-2.5));
#10740=CARTESIAN_POINT('',(2.34,-0.2,3.5));
#10741=CARTESIAN_POINT('',(2.74,-0.2,-2.5));
#10742=CARTESIAN_POINT('Origin',(2.34,-0.2,3.5));
#10743=CARTESIAN_POINT('',(2.34,-0.2,-2.5));
#10744=CARTESIAN_POINT('Origin',(-0.2,0.2,-2.5));
#10745=CARTESIAN_POINT('Origin',(2.34,0.2,-2.5));
#10746=CARTESIAN_POINT('',(0.,0.,0.));
#10747=CARTESIAN_POINT('',(0.,0.,0.));
#10748=CARTESIAN_POINT('',(0.,0.,0.));
#10749=CARTESIAN_POINT('Origin',(0.74,0.,0.8));
#10750=CARTESIAN_POINT('',(1.14,-0.8,0.8));
#10751=CARTESIAN_POINT('Origin',(1.14,0.,0.8));
#10752=CARTESIAN_POINT('',(1.64,-0.8,0.8));
#10753=CARTESIAN_POINT('',(0.74,-0.8,0.8));
#10754=CARTESIAN_POINT('Origin',(1.64,0.,0.8));
#10755=CARTESIAN_POINT('Ctrl Pts',(1.14,-0.8,0.8));
#10756=CARTESIAN_POINT('Ctrl Pts',(1.14,-0.8,1.6));
#10757=CARTESIAN_POINT('Ctrl Pts',(1.14,0.,1.6));
#10758=CARTESIAN_POINT('Ctrl Pts',(1.14,0.8,1.6));
#10759=CARTESIAN_POINT('Ctrl Pts',(1.14,0.8,0.8));
#10760=CARTESIAN_POINT('Ctrl Pts',(1.14,0.8,1.38777878078145E-16));
#10761=CARTESIAN_POINT('Ctrl Pts',(1.14,0.,0.));
#10762=CARTESIAN_POINT('Ctrl Pts',(1.14,-0.8,1.38777878078145E-16));
#10763=CARTESIAN_POINT('Ctrl Pts',(1.14,-0.8,0.8));
#10764=CARTESIAN_POINT('Ctrl Pts',(0.74,-0.8,0.8));
#10765=CARTESIAN_POINT('Ctrl Pts',(0.74,-0.8,1.6));
#10766=CARTESIAN_POINT('Ctrl Pts',(0.74,0.,1.6));
#10767=CARTESIAN_POINT('Ctrl Pts',(0.74,0.8,1.6));
#10768=CARTESIAN_POINT('Ctrl Pts',(0.74,0.8,0.8));
#10769=CARTESIAN_POINT('Ctrl Pts',(0.74,0.8,1.38777878078145E-16));
#10770=CARTESIAN_POINT('Ctrl Pts',(0.74,0.,0.));
#10771=CARTESIAN_POINT('Ctrl Pts',(0.74,-0.8,1.38777878078145E-16));
#10772=CARTESIAN_POINT('Ctrl Pts',(0.74,-0.8,0.8));
#10773=CARTESIAN_POINT('Ctrl Pts',(0.74,-0.4,0.8));
#10774=CARTESIAN_POINT('Ctrl Pts',(0.74,-0.4,1.2));
#10775=CARTESIAN_POINT('Ctrl Pts',(0.74,0.,1.2));
#10776=CARTESIAN_POINT('Ctrl Pts',(0.74,0.4,1.2));
#10777=CARTESIAN_POINT('Ctrl Pts',(0.74,0.4,0.8));
#10778=CARTESIAN_POINT('Ctrl Pts',(0.74,0.4,0.4));
#10779=CARTESIAN_POINT('Ctrl Pts',(0.74,0.,0.4));
#10780=CARTESIAN_POINT('Ctrl Pts',(0.74,-0.4,0.4));
#10781=CARTESIAN_POINT('Ctrl Pts',(0.74,-0.4,0.8));
#10782=CARTESIAN_POINT('',(0.74,-0.4,0.8));
#10783=CARTESIAN_POINT('Origin',(0.74,0.,0.8));
#10784=CARTESIAN_POINT('Origin',(1.14,-0.4,0.8));
#10785=CARTESIAN_POINT('Origin',(1.64,0.8,0.8));
#10786=CARTESIAN_POINT('',(1.64,-0.72,0.8));
#10787=CARTESIAN_POINT('Origin',(1.64,0.,0.8));
#10788=CARTESIAN_POINT('Origin',(0.74,0.8,0.8));
#10789=CARTESIAN_POINT('',(0.74,9.184850993605E-17,0.549899989998));
#10790=CARTESIAN_POINT('Ctrl Pts',(0.74,0.,1.04994999874994));
#10791=CARTESIAN_POINT('Ctrl Pts',(0.74,0.0308527917449632,1.04994999874994));
#10792=CARTESIAN_POINT('Ctrl Pts',(0.74,0.0671647027779979,1.0427268713588));
#10793=CARTESIAN_POINT('Ctrl Pts',(0.74,0.124173729607139,1.01911231257071));
#10794=CARTESIAN_POINT('Ctrl Pts',(0.74,0.154957953703477,0.998542183880682));
#10795=CARTESIAN_POINT('Ctrl Pts',(0.74,0.19859170541788,0.954907034366485));
#10796=CARTESIAN_POINT('Ctrl Pts',(0.74,0.21916149458293,0.924120752814111));
#10797=CARTESIAN_POINT('Ctrl Pts',(0.74,0.242776705878708,0.867106490308886));
#10798=CARTESIAN_POINT('Ctrl Pts',(0.74,0.25,0.830789940551047));
#10799=CARTESIAN_POINT('Ctrl Pts',(0.74,0.25,0.769075841121877));
#10800=CARTESIAN_POINT('Ctrl Pts',(0.74,0.24277637858601,0.732758280918002));
#10801=CARTESIAN_POINT('Ctrl Pts',(0.74,0.219160756586717,0.675740813075595));
#10802=CARTESIAN_POINT('Ctrl Pts',(0.74,0.198590234773541,0.644951789042883));
#10803=CARTESIAN_POINT('Ctrl Pts',(0.74,0.154955476089834,0.601312674266038));
#10804=CARTESIAN_POINT('Ctrl Pts',(0.74,0.124170929764849,0.580740270774983));
#10805=CARTESIAN_POINT('Ctrl Pts',(0.74,0.0671623801376635,0.557123795477023));
#10806=CARTESIAN_POINT('Ctrl Pts',(0.74,0.0308518078307599,0.549899989998));
#10807=CARTESIAN_POINT('Ctrl Pts',(0.74,-0.03085180783076,0.549899989998));
#10808=CARTESIAN_POINT('Ctrl Pts',(0.74,-0.0671623801376636,0.557123795477023));
#10809=CARTESIAN_POINT('Ctrl Pts',(0.74,-0.124170929764849,0.580740270774983));
#10810=CARTESIAN_POINT('Ctrl Pts',(0.74,-0.154955476089834,0.601312674266038));
#10811=CARTESIAN_POINT('Ctrl Pts',(0.74,-0.198590234773541,0.644951789042883));
#10812=CARTESIAN_POINT('Ctrl Pts',(0.74,-0.219160756586717,0.675740813075595));
#10813=CARTESIAN_POINT('Ctrl Pts',(0.74,-0.24277637858601,0.732758280918002));
#10814=CARTESIAN_POINT('Ctrl Pts',(0.74,-0.25,0.769075841121877));
#10815=CARTESIAN_POINT('Ctrl Pts',(0.74,-0.25,0.830789940551047));
#10816=CARTESIAN_POINT('Ctrl Pts',(0.74,-0.242776705878708,0.867106490308886));
#10817=CARTESIAN_POINT('Ctrl Pts',(0.74,-0.21916149458293,0.924120752814111));
#10818=CARTESIAN_POINT('Ctrl Pts',(0.74,-0.19859170541788,0.954907034366485));
#10819=CARTESIAN_POINT('Ctrl Pts',(0.74,-0.154957953703477,0.998542183880682));
#10820=CARTESIAN_POINT('Ctrl Pts',(0.74,-0.124173729607139,1.01911231257072));
#10821=CARTESIAN_POINT('Ctrl Pts',(0.74,-0.0671647027779977,1.0427268713588));
#10822=CARTESIAN_POINT('Ctrl Pts',(0.74,-0.0308527917449632,1.04994999874994));
#10823=CARTESIAN_POINT('Ctrl Pts',(0.74,0.,1.04994999874994));
#10824=CARTESIAN_POINT('Origin',(0.74,0.,0.8));
#10825=CARTESIAN_POINT('',(3.44,-0.72,0.8));
#10826=CARTESIAN_POINT('',(0.74,-0.72,0.8));
#10827=CARTESIAN_POINT('Origin',(3.44,0.,0.8));
#10828=CARTESIAN_POINT('Origin',(0.75,0.,0.05));
#10829=CARTESIAN_POINT('',(0.25,0.,0.05));
#10830=CARTESIAN_POINT('Origin',(0.75,-3.06161699786838E-17,0.05));
#10831=CARTESIAN_POINT('',(-0.25,-3.06161699786838E-17,0.05));
#10832=CARTESIAN_POINT('Origin',(0.,0.,0.05));
#10833=CARTESIAN_POINT('Origin',(0.,0.,0.05));
#10834=CARTESIAN_POINT('Origin',(3.44,0.8,0.8));
#10835=CARTESIAN_POINT('',(3.44,-0.8,0.8));
#10836=CARTESIAN_POINT('Origin',(3.44,0.,0.8));
#10837=CARTESIAN_POINT('Origin',(0.,0.,-3.));
#10838=CARTESIAN_POINT('',(-0.25,-3.06161699786838E-17,-3.));
#10839=CARTESIAN_POINT('',(-0.25,-3.06161699786838E-17,-3.));
#10840=CARTESIAN_POINT('Origin',(0.,0.,-3.));
#10841=CARTESIAN_POINT('Origin',(3.44,0.,0.8));
#10842=CARTESIAN_POINT('',(3.94,-0.8,0.8));
#10843=CARTESIAN_POINT('',(3.44,-0.8,0.8));
#10844=CARTESIAN_POINT('Origin',(3.94,0.,0.8));
#10845=CARTESIAN_POINT('Origin',(0.25,0.,-3.));
#10846=CARTESIAN_POINT('Ctrl Pts',(3.94,-0.8,0.8));
#10847=CARTESIAN_POINT('Ctrl Pts',(3.94,-0.8,1.38777878078145E-16));
#10848=CARTESIAN_POINT('Ctrl Pts',(3.94,0.,0.));
#10849=CARTESIAN_POINT('Ctrl Pts',(3.94,0.8,1.38777878078145E-16));
#10850=CARTESIAN_POINT('Ctrl Pts',(3.94,0.8,0.8));
#10851=CARTESIAN_POINT('Ctrl Pts',(3.94,0.8,1.6));
#10852=CARTESIAN_POINT('Ctrl Pts',(3.94,0.,1.6));
#10853=CARTESIAN_POINT('Ctrl Pts',(3.94,-0.8,1.6));
#10854=CARTESIAN_POINT('Ctrl Pts',(3.94,-0.8,0.8));
#10855=CARTESIAN_POINT('Ctrl Pts',(4.34,-0.8,0.8));
#10856=CARTESIAN_POINT('Ctrl Pts',(4.34,-0.8,1.38777878078145E-16));
#10857=CARTESIAN_POINT('Ctrl Pts',(4.34,0.,0.));
#10858=CARTESIAN_POINT('Ctrl Pts',(4.34,0.8,1.38777878078145E-16));
#10859=CARTESIAN_POINT('Ctrl Pts',(4.34,0.8,0.8));
#10860=CARTESIAN_POINT('Ctrl Pts',(4.34,0.8,1.6));
#10861=CARTESIAN_POINT('Ctrl Pts',(4.34,0.,1.6));
#10862=CARTESIAN_POINT('Ctrl Pts',(4.34,-0.8,1.6));
#10863=CARTESIAN_POINT('Ctrl Pts',(4.34,-0.8,0.8));
#10864=CARTESIAN_POINT('Ctrl Pts',(4.34,-0.4,0.8));
#10865=CARTESIAN_POINT('Ctrl Pts',(4.34,-0.4,0.4));
#10866=CARTESIAN_POINT('Ctrl Pts',(4.34,0.,0.4));
#10867=CARTESIAN_POINT('Ctrl Pts',(4.34,0.4,0.4));
#10868=CARTESIAN_POINT('Ctrl Pts',(4.34,0.4,0.8));
#10869=CARTESIAN_POINT('Ctrl Pts',(4.34,0.4,1.2));
#10870=CARTESIAN_POINT('Ctrl Pts',(4.34,0.,1.2));
#10871=CARTESIAN_POINT('Ctrl Pts',(4.34,-0.4,1.2));
#10872=CARTESIAN_POINT('Ctrl Pts',(4.34,-0.4,0.8));
#10873=CARTESIAN_POINT('',(4.34,-0.4,0.8));
#10874=CARTESIAN_POINT('Origin',(4.34,0.,0.8));
#10875=CARTESIAN_POINT('Origin',(3.94,-0.4,0.8));
#10876=CARTESIAN_POINT('Origin',(4.34,0.8,0.8));
#10877=CARTESIAN_POINT('',(4.34,9.184850993605E-17,0.549899989998));
#10878=CARTESIAN_POINT('Ctrl Pts',(4.34,0.,1.04994999874994));
#10879=CARTESIAN_POINT('Ctrl Pts',(4.34,0.0308527917449632,1.04994999874994));
#10880=CARTESIAN_POINT('Ctrl Pts',(4.34,0.0671647027779979,1.0427268713588));
#10881=CARTESIAN_POINT('Ctrl Pts',(4.34,0.124173729607139,1.01911231257071));
#10882=CARTESIAN_POINT('Ctrl Pts',(4.34,0.154957953703477,0.998542183880682));
#10883=CARTESIAN_POINT('Ctrl Pts',(4.34,0.19859170541788,0.954907034366485));
#10884=CARTESIAN_POINT('Ctrl Pts',(4.34,0.21916149458293,0.924120752814111));
#10885=CARTESIAN_POINT('Ctrl Pts',(4.34,0.242776705878708,0.867106490308886));
#10886=CARTESIAN_POINT('Ctrl Pts',(4.34,0.25,0.830789940551047));
#10887=CARTESIAN_POINT('Ctrl Pts',(4.34,0.25,0.769075841121877));
#10888=CARTESIAN_POINT('Ctrl Pts',(4.34,0.24277637858601,0.732758280918002));
#10889=CARTESIAN_POINT('Ctrl Pts',(4.34,0.219160756586717,0.675740813075595));
#10890=CARTESIAN_POINT('Ctrl Pts',(4.34,0.198590234773541,0.644951789042883));
#10891=CARTESIAN_POINT('Ctrl Pts',(4.34,0.154955476089834,0.601312674266038));
#10892=CARTESIAN_POINT('Ctrl Pts',(4.34,0.124170929764849,0.580740270774983));
#10893=CARTESIAN_POINT('Ctrl Pts',(4.34,0.0671623801376635,0.557123795477023));
#10894=CARTESIAN_POINT('Ctrl Pts',(4.34,0.0308518078307599,0.549899989998));
#10895=CARTESIAN_POINT('Ctrl Pts',(4.34,-0.03085180783076,0.549899989998));
#10896=CARTESIAN_POINT('Ctrl Pts',(4.34,-0.0671623801376636,0.557123795477023));
#10897=CARTESIAN_POINT('Ctrl Pts',(4.34,-0.124170929764849,0.580740270774983));
#10898=CARTESIAN_POINT('Ctrl Pts',(4.34,-0.154955476089834,0.601312674266038));
#10899=CARTESIAN_POINT('Ctrl Pts',(4.34,-0.198590234773541,0.644951789042883));
#10900=CARTESIAN_POINT('Ctrl Pts',(4.34,-0.219160756586717,0.675740813075595));
#10901=CARTESIAN_POINT('Ctrl Pts',(4.34,-0.24277637858601,0.732758280918002));
#10902=CARTESIAN_POINT('Ctrl Pts',(4.34,-0.25,0.769075841121877));
#10903=CARTESIAN_POINT('Ctrl Pts',(4.34,-0.25,0.830789940551047));
#10904=CARTESIAN_POINT('Ctrl Pts',(4.34,-0.242776705878708,0.867106490308886));
#10905=CARTESIAN_POINT('Ctrl Pts',(4.34,-0.21916149458293,0.924120752814111));
#10906=CARTESIAN_POINT('Ctrl Pts',(4.34,-0.19859170541788,0.954907034366485));
#10907=CARTESIAN_POINT('Ctrl Pts',(4.34,-0.154957953703477,0.998542183880682));
#10908=CARTESIAN_POINT('Ctrl Pts',(4.34,-0.124173729607139,1.01911231257072));
#10909=CARTESIAN_POINT('Ctrl Pts',(4.34,-0.0671647027779977,1.0427268713588));
#10910=CARTESIAN_POINT('Ctrl Pts',(4.34,-0.0308527917449632,1.04994999874994));
#10911=CARTESIAN_POINT('Ctrl Pts',(4.34,0.,1.04994999874994));
#10912=CARTESIAN_POINT('Origin',(4.33,0.,0.05));
#10913=CARTESIAN_POINT('',(4.83,0.,0.05));
#10914=CARTESIAN_POINT('',(5.33,-3.06161699786838E-17,0.0500000000000001));
#10915=CARTESIAN_POINT('Origin',(5.08,0.,0.05));
#10916=CARTESIAN_POINT('Origin',(5.08,0.,0.05));
#10917=CARTESIAN_POINT('Origin',(4.33,-3.06161699786838E-17,0.05));
#10918=CARTESIAN_POINT('Origin',(5.08,0.,0.05));
#10919=CARTESIAN_POINT('',(5.33,-3.06161699786838E-17,-3.));
#10920=CARTESIAN_POINT('Origin',(5.08,0.,-3.));
#10921=CARTESIAN_POINT('',(5.33,-3.06161699786838E-17,0.05));
#10922=CARTESIAN_POINT('Origin',(4.83,0.,-3.));
#10923=CARTESIAN_POINT('',(0.,0.,0.));
#10924=CARTESIAN_POINT('',(0.,0.,0.));
#10925=CARTESIAN_POINT('',(0.,0.,0.));
#10926=CARTESIAN_POINT('Origin',(-4.5,-1.75,2.30926389122E-15));
#10927=CARTESIAN_POINT('',(-4.5,-1.75,-2.797762022055E-15));
#10928=CARTESIAN_POINT('',(-4.1,-1.75,-1.665334536938E-15));
#10929=CARTESIAN_POINT('',(-4.5,-1.75,2.30926389122E-15));
#10930=CARTESIAN_POINT('',(-1.063113329302E-31,-1.75,1.554312234475E-16));
#10931=CARTESIAN_POINT('',(-4.1,-1.75,1.976196983833E-15));
#10932=CARTESIAN_POINT('',(4.1,-1.75,1.976196983833E-15));
#10933=CARTESIAN_POINT('',(4.1,-1.75,-1.665334536938E-15));
#10934=CARTESIAN_POINT('',(4.5,-1.75,3.19744231092E-15));
#10935=CARTESIAN_POINT('',(-4.5,-1.75,2.30926389122E-15));
#10936=CARTESIAN_POINT('',(4.5,-13.7,2.707833957061E-14));
#10937=CARTESIAN_POINT('',(4.5,-1.75,-1.50990331349E-14));
#10938=CARTESIAN_POINT('',(-4.5,-13.7,2.108313523763E-14));
#10939=CARTESIAN_POINT('',(-4.5,-13.7,3.945732629518E-14));
#10940=CARTESIAN_POINT('',(-4.5,-1.75,1.50990331349E-14));
#10941=CARTESIAN_POINT('',(-1.25,-6.15,0.));
#10942=CARTESIAN_POINT('',(1.25,-6.15,0.));
#10943=CARTESIAN_POINT('',(-1.25,-6.15,9.244463733059E-33));
#10944=CARTESIAN_POINT('',(-1.25,-6.45,0.));
#10945=CARTESIAN_POINT('',(-1.25,-6.45,-9.244463733059E-33));
#10946=CARTESIAN_POINT('',(1.25,-6.45,0.));
#10947=CARTESIAN_POINT('',(1.25,-6.45,-9.244463733059E-33));
#10948=CARTESIAN_POINT('',(1.25,-6.15,9.244463733059E-33));
#10949=CARTESIAN_POINT('Origin',(-4.5,-1.75,6.5));
#10950=CARTESIAN_POINT('',(-4.5,-1.75,6.5));
#10951=CARTESIAN_POINT('',(-4.5,-1.75,6.5));
#10952=CARTESIAN_POINT('',(-4.25,-1.75,6.5));
#10953=CARTESIAN_POINT('',(-4.5,-1.75,6.5));
#10954=CARTESIAN_POINT('',(-4.1,-1.75,6.5));
#10955=CARTESIAN_POINT('',(-1.770805724277E-14,-1.75,6.5));
#10956=CARTESIAN_POINT('',(-4.1,-1.75,6.5));
#10957=CARTESIAN_POINT('Origin',(-4.5,-8.573039215686,4.651960784314));
#10958=CARTESIAN_POINT('',(-4.5,-13.7,11.));
#10959=CARTESIAN_POINT('',(-4.5,-13.7,5.595524044111E-14));
#10960=CARTESIAN_POINT('',(-4.5,-10.4,11.));
#10961=CARTESIAN_POINT('',(-4.5,-13.7,11.));
#10962=CARTESIAN_POINT('',(-4.5,-10.4,6.5));
#10963=CARTESIAN_POINT('',(-4.5,-10.4,11.));
#10964=CARTESIAN_POINT('',(-4.5,-10.4,6.5));
#10965=CARTESIAN_POINT('Origin',(-4.1,-1.75,1.132427485118E-15));
#10966=CARTESIAN_POINT('',(-4.1,-1.65,-9.103828801926E-16));
#10967=CARTESIAN_POINT('',(-4.1,-1.75,1.132427485118E-15));
#10968=CARTESIAN_POINT('',(-1.5,-1.65,-1.665334536938E-16));
#10969=CARTESIAN_POINT('',(-4.1,-1.65,9.103828801926E-16));
#10970=CARTESIAN_POINT('',(-1.094764425254E-47,-1.65,-2.430865342915E-63));
#10971=CARTESIAN_POINT('',(-4.1,-1.65,9.103828801926E-16));
#10972=CARTESIAN_POINT('',(6.661338147751E-17,-1.75,2.22044604925E-16));
#10973=CARTESIAN_POINT('Origin',(-4.5,-13.7,3.945732629518E-14));
#10974=CARTESIAN_POINT('',(4.5,-13.7,11.));
#10975=CARTESIAN_POINT('',(4.5,-13.7,2.57571741713E-14));
#10976=CARTESIAN_POINT('',(-4.5,-13.7,11.));
#10977=CARTESIAN_POINT('',(-3.15,-13.7,6.5));
#10978=CARTESIAN_POINT('Origin',(1.59872115546E-14,-13.7,6.5));
#10979=CARTESIAN_POINT('Origin',(4.1,-1.75,-6.883382752676E-16));
#10980=CARTESIAN_POINT('',(1.5,-1.65,1.665334536938E-16));
#10981=CARTESIAN_POINT('',(-4.1,-1.65,9.103828801926E-16));
#10982=CARTESIAN_POINT('',(4.1,-1.65,9.103828801926E-16));
#10983=CARTESIAN_POINT('',(-4.1,-1.65,9.103828801926E-16));
#10984=CARTESIAN_POINT('',(4.1,-1.75,-6.883382752676E-16));
#10985=CARTESIAN_POINT('Origin',(4.5,-8.573039215686,4.651960784314));
#10986=CARTESIAN_POINT('',(4.5,-1.75,4.486602540379));
#10987=CARTESIAN_POINT('',(4.5,-1.75,6.5));
#10988=CARTESIAN_POINT('',(4.5,-4.15,4.486602540378));
#10989=CARTESIAN_POINT('',(4.5,-1.65,4.486602540378));
#10990=CARTESIAN_POINT('',(4.5,-4.15,4.997913037155));
#10991=CARTESIAN_POINT('',(4.5,-4.15,2.88854195288));
#10992=CARTESIAN_POINT('',(4.5,-1.75,4.997913037155));
#10993=CARTESIAN_POINT('',(4.5,-1.65,4.997913037155));
#10994=CARTESIAN_POINT('',(4.5,-1.75,6.5));
#10995=CARTESIAN_POINT('',(4.5,-1.75,6.5));
#10996=CARTESIAN_POINT('',(4.5,-10.4,6.5));
#10997=CARTESIAN_POINT('',(4.5,-10.4,6.5));
#10998=CARTESIAN_POINT('',(4.5,-10.4,11.));
#10999=CARTESIAN_POINT('',(4.5,-10.4,11.));
#11000=CARTESIAN_POINT('',(4.5,-13.7,11.));
#11001=CARTESIAN_POINT('Origin',(-4.5,-1.75,6.5));
#11002=CARTESIAN_POINT('',(4.1,-1.75,4.5));
#11003=CARTESIAN_POINT('',(4.1,-1.75,-1.665334536938E-15));
#11004=CARTESIAN_POINT('',(4.45,-1.75,4.5));
#11005=CARTESIAN_POINT('',(-0.525,-1.75,4.5));
#11006=CARTESIAN_POINT('Origin',(4.45,-1.75,4.4));
#11007=CARTESIAN_POINT('Origin',(-1.25,-6.15,-0.5));
#11008=CARTESIAN_POINT('',(-1.25,-6.15,-0.5));
#11009=CARTESIAN_POINT('',(-1.25,-6.15,-0.5));
#11010=CARTESIAN_POINT('',(1.25,-6.15,-0.5));
#11011=CARTESIAN_POINT('',(1.25,-6.15,-0.5));
#11012=CARTESIAN_POINT('',(-1.25,-6.15,-0.5));
#11013=CARTESIAN_POINT('Origin',(1.25,-6.15,-0.5));
#11014=CARTESIAN_POINT('',(1.25,-6.45,-0.5));
#11015=CARTESIAN_POINT('',(1.25,-6.45,-0.5));
#11016=CARTESIAN_POINT('',(1.25,-6.15,-0.5));
#11017=CARTESIAN_POINT('Origin',(1.25,-6.45,-0.5));
#11018=CARTESIAN_POINT('',(-1.25,-6.45,-0.5));
#11019=CARTESIAN_POINT('',(-1.25,-6.45,-0.5));
#11020=CARTESIAN_POINT('',(1.25,-6.45,-0.5));
#11021=CARTESIAN_POINT('Origin',(-1.25,-6.45,-0.5));
#11022=CARTESIAN_POINT('',(-1.25,-6.45,-0.5));
#11023=CARTESIAN_POINT('Origin',(-4.1,-1.75,6.5));
#11024=CARTESIAN_POINT('',(-4.1,-0.25,6.5));
#11025=CARTESIAN_POINT('',(-4.1,-1.75,6.5));
#11026=CARTESIAN_POINT('',(-4.1,-0.25,3.5));
#11027=CARTESIAN_POINT('',(-4.1,-0.25,6.5));
#11028=CARTESIAN_POINT('',(-4.1,-1.65,3.5));
#11029=CARTESIAN_POINT('',(-4.1,-1.65,3.5));
#11030=CARTESIAN_POINT('',(-4.1,-1.65,3.5));
#11031=CARTESIAN_POINT('Origin',(-2.176561776717E-14,-1.75,7.972243186434));
#11032=CARTESIAN_POINT('',(4.1,-1.75,6.5));
#11033=CARTESIAN_POINT('Origin',(-1.418309913959E-14,-1.75,6.5));
#11034=CARTESIAN_POINT('',(4.25,-1.75,6.5));
#11035=CARTESIAN_POINT('Origin',(-1.770805724277E-14,-1.75,6.5));
#11036=CARTESIAN_POINT('',(-1.770805724277E-14,-1.75,6.5));
#11037=CARTESIAN_POINT('Origin',(-4.5,-10.4,6.5));
#11038=CARTESIAN_POINT('',(-4.25,-10.4,6.5));
#11039=CARTESIAN_POINT('',(-4.5,-10.4,6.5));
#11040=CARTESIAN_POINT('',(-4.25,-1.75,6.5));
#11041=CARTESIAN_POINT('Origin',(-4.5,-13.7,11.));
#11042=CARTESIAN_POINT('',(-4.5,-10.4,11.));
#11043=CARTESIAN_POINT('Origin',(-4.5,-10.4,11.));
#11044=CARTESIAN_POINT('',(4.25,-10.4,6.5));
#11045=CARTESIAN_POINT('',(-4.5,-10.4,6.5));
#11046=CARTESIAN_POINT('Origin',(-1.074695887837E-14,-10.4,6.5));
#11047=CARTESIAN_POINT('Origin',(-4.1,-1.75,1.132427485118E-15));
#11048=CARTESIAN_POINT('',(-4.1,-0.25,-3.996802888651E-15));
#11049=CARTESIAN_POINT('',(-4.1,-1.75,1.132427485118E-15));
#11050=CARTESIAN_POINT('',(-1.5,-0.25,-1.892930256986E-15));
#11051=CARTESIAN_POINT('',(-4.1,-0.25,-3.552713678801E-16));
#11052=CARTESIAN_POINT('',(-1.5,-1.65,-1.665334536938E-16));
#11053=CARTESIAN_POINT('Origin',(-1.387778780781E-15,-1.65,2.5));
#11054=CARTESIAN_POINT('',(-1.5,-1.65,5.));
#11055=CARTESIAN_POINT('',(-1.5,-1.65,1.665334536938E-16));
#11056=CARTESIAN_POINT('',(1.5,-1.65,5.));
#11057=CARTESIAN_POINT('',(-1.5,-1.65,5.));
#11058=CARTESIAN_POINT('',(1.5,-1.65,5.));
#11059=CARTESIAN_POINT('Origin',(-4.030109579389E-15,-13.7,6.5));
#11060=CARTESIAN_POINT('',(2.51246890528,-6.3,4.6));
#11061=CARTESIAN_POINT('',(-3.15000000000001,-6.29999999999999,6.49999999999999));
#11062=CARTESIAN_POINT('Origin',(-1.7763568394E-15,-6.3,6.5));
#11063=CARTESIAN_POINT('',(1.916376789658,-12.30000000002,3.999999999988));
#11064=CARTESIAN_POINT('Origin',(-9.892087149343E-15,12.699999999699,6.5));
#11065=CARTESIAN_POINT('',(1.522222401976,-12.6,3.742222097608));
#11066=CARTESIAN_POINT('Ctrl Pts',(1.522222401976,-12.6,3.742222097608));
#11067=CARTESIAN_POINT('Ctrl Pts',(1.555365085984,-12.59531370445,3.760516005908));
#11068=CARTESIAN_POINT('Ctrl Pts',(1.587529608597,-12.58936602907,3.778876194504));
#11069=CARTESIAN_POINT('Ctrl Pts',(1.618585616843,-12.5820979097,3.797183438451));
#11070=CARTESIAN_POINT('Ctrl Pts',(1.648408961135,-12.57346328036,3.81530709665));
#11071=CARTESIAN_POINT('Ctrl Pts',(1.676880392305,-12.5634306687,3.833106663524));
#11072=CARTESIAN_POINT('Ctrl Pts',(1.70388425863,-12.55198479138,3.850433320692));
#11073=CARTESIAN_POINT('Ctrl Pts',(1.774577155161,-12.51623467356,3.896865466709));
#11074=CARTESIAN_POINT('Ctrl Pts',(1.81494599089,-12.48881120711,3.924680189912));
#11075=CARTESIAN_POINT('Ctrl Pts',(1.849395222451,-12.45699934439,3.949461721252));
#11076=CARTESIAN_POINT('Ctrl Pts',(1.877187422647,-12.42128159441,3.970136481143));
#11077=CARTESIAN_POINT('Ctrl Pts',(1.897814735733,-12.38248301595,3.985793123714));
#11078=CARTESIAN_POINT('Ctrl Pts',(1.910940375556,-12.34167287124,3.995832712866));
#11079=CARTESIAN_POINT('Ctrl Pts',(1.916376789658,-12.30000000002,3.999999999988));
#11080=CARTESIAN_POINT('',(-1.522222401976,-12.6,3.742222097608));
#11081=CARTESIAN_POINT('Origin',(-4.431222429527E-15,-11.89354831758,6.5));
#11082=CARTESIAN_POINT('',(-1.916376789658,-12.30000000002,3.999999999988));
#11083=CARTESIAN_POINT('Ctrl Pts',(-1.916376789658,-12.30000000002,3.999999999988));
#11084=CARTESIAN_POINT('Ctrl Pts',(-1.910009609378,-12.34880766604,3.995119233386));
#11085=CARTESIAN_POINT('Ctrl Pts',(-1.892805314495,-12.39630702787,3.981962797591));
#11086=CARTESIAN_POINT('Ctrl Pts',(-1.865158275656,-12.44057681058,3.961025899867));
#11087=CARTESIAN_POINT('Ctrl Pts',(-1.827669325633,-12.47982648703,3.93352014136));
#11088=CARTESIAN_POINT('Ctrl Pts',(-1.78140652089,-12.512925468,3.901324221159));
#11089=CARTESIAN_POINT('Ctrl Pts',(-1.698804360392,-12.55447120872,3.847112121175));
#11090=CARTESIAN_POINT('Ctrl Pts',(-1.667056903819,-12.56738510617,3.826845805465));
#11091=CARTESIAN_POINT('Ctrl Pts',(-1.633319398835,-12.57834088311,3.805982577301));
#11092=CARTESIAN_POINT('Ctrl Pts',(-1.59779219906,-12.58737563123,3.78477444772));
#11093=CARTESIAN_POINT('Ctrl Pts',(-1.560685227296,-12.59456144931,3.763452586943));
#11094=CARTESIAN_POINT('Ctrl Pts',(-1.522222401976,-12.6,3.742222097608));
#11095=CARTESIAN_POINT('',(-2.51246890528,-6.3,4.6));
#11096=CARTESIAN_POINT('Origin',(-9.892087149343E-15,12.699999999699,6.5));
#11097=CARTESIAN_POINT('Origin',(-1.7763568394E-15,-6.3,6.5));
#11098=CARTESIAN_POINT('',(-3.15,-13.7,6.5));
#11099=CARTESIAN_POINT('Origin',(4.1,-1.75,-6.883382752676E-16));
#11100=CARTESIAN_POINT('',(1.5,-0.25,-1.060262988517E-15));
#11101=CARTESIAN_POINT('',(1.5,-1.65,1.665334536938E-16));
#11102=CARTESIAN_POINT('',(4.1,-0.25,-3.5527136788E-16));
#11103=CARTESIAN_POINT('',(4.1,-0.25,-3.996802888651E-15));
#11104=CARTESIAN_POINT('',(4.1,-1.75,-6.883382752676E-16));
#11105=CARTESIAN_POINT('Origin',(4.1,-1.75,-6.883382752676E-16));
#11106=CARTESIAN_POINT('',(4.1,-1.65,3.5));
#11107=CARTESIAN_POINT('',(4.1,-1.65,-9.103828801926E-16));
#11108=CARTESIAN_POINT('',(4.1,-0.25,3.5));
#11109=CARTESIAN_POINT('',(4.1,-1.65,3.5));
#11110=CARTESIAN_POINT('',(4.1,-0.25,6.5));
#11111=CARTESIAN_POINT('',(4.1,-0.25,-3.996802888651E-15));
#11112=CARTESIAN_POINT('',(4.1,-1.75,6.5));
#11113=CARTESIAN_POINT('',(4.1,-1.75,5.));
#11114=CARTESIAN_POINT('',(4.1,-1.75,-1.665334536938E-15));
#11115=CARTESIAN_POINT('',(4.1,-1.65,5.));
#11116=CARTESIAN_POINT('',(4.1,-1.7,5.));
#11117=CARTESIAN_POINT('',(4.1,-1.65,4.5));
#11118=CARTESIAN_POINT('',(4.1,-1.65,0.562561560723));
#11119=CARTESIAN_POINT('',(4.1,-1.7,4.5));
#11120=CARTESIAN_POINT('Origin',(-4.5,-10.4,6.5));
#11121=CARTESIAN_POINT('',(4.25,-1.75,6.5));
#11122=CARTESIAN_POINT('',(-4.5,-1.75,6.5));
#11123=CARTESIAN_POINT('Origin',(-4.5,-1.75,6.5));
#11124=CARTESIAN_POINT('',(4.45,-1.75,5.));
#11125=CARTESIAN_POINT('',(-0.02500000000002,-1.75,5.));
#11126=CARTESIAN_POINT('Origin',(4.45,-1.75,4.4));
#11127=CARTESIAN_POINT('Origin',(4.45,-1.65,4.4));
#11128=CARTESIAN_POINT('',(4.45,-1.65,5.));
#11129=CARTESIAN_POINT('',(4.45,-1.65,5.));
#11130=CARTESIAN_POINT('',(5.05,-4.15,4.400000000001));
#11131=CARTESIAN_POINT('Origin',(4.45,-4.15,4.4));
#11132=CARTESIAN_POINT('',(5.05,-1.65,4.400000000001));
#11133=CARTESIAN_POINT('',(5.05,-1.65,4.400000000001));
#11134=CARTESIAN_POINT('Origin',(4.45,-1.65,4.4));
#11135=CARTESIAN_POINT('Origin',(4.679415365894,-4.15,1.125123121446));
#11136=CARTESIAN_POINT('',(4.55,-4.15,-2.25));
#11137=CARTESIAN_POINT('',(5.05,-4.15,-2.25));
#11138=CARTESIAN_POINT('',(0.,-4.15,-2.25));
#11139=CARTESIAN_POINT('',(5.05,-4.15,-3.5));
#11140=CARTESIAN_POINT('',(4.55,-4.15,4.4));
#11141=CARTESIAN_POINT('Origin',(4.45,-4.15,4.4));
#11142=CARTESIAN_POINT('',(4.55,-4.15,-3.5));
#11143=CARTESIAN_POINT('Origin',(4.45,-1.65,4.4));
#11144=CARTESIAN_POINT('',(4.45,-1.65,4.5));
#11145=CARTESIAN_POINT('',(4.45,-1.65,4.5));
#11146=CARTESIAN_POINT('',(4.55,-1.65,4.4));
#11147=CARTESIAN_POINT('Origin',(4.45,-1.65,4.4));
#11148=CARTESIAN_POINT('',(4.55,-1.65,4.4));
#11149=CARTESIAN_POINT('Origin',(3.45,-1.65,4.5));
#11150=CARTESIAN_POINT('',(3.45,-1.65,4.5));
#11151=CARTESIAN_POINT('Origin',(-1.25,-4.814535352879,-0.5));
#11152=CARTESIAN_POINT('',(-1.25,-6.023946576396,-1.066383541552));
#11153=CARTESIAN_POINT('',(1.25,-6.023946576396,-1.066383541552));
#11154=CARTESIAN_POINT('',(-1.25,-6.023946576396,-1.066383541552));
#11155=CARTESIAN_POINT('Origin',(-1.25,-4.814535352879,-0.5));
#11156=CARTESIAN_POINT('Origin',(1.25,-4.814535352879,-0.5));
#11157=CARTESIAN_POINT('Origin',(1.25,-6.264523415073,-0.822707045695));
#11158=CARTESIAN_POINT('',(1.25,-6.295629820005,-1.193616458448));
#11159=CARTESIAN_POINT('Origin',(1.25,-4.814535352879,-0.5));
#11160=CARTESIAN_POINT('',(1.25,-6.023946576396,-1.066383541552));
#11161=CARTESIAN_POINT('Origin',(1.25,-4.814535352879,-0.5));
#11162=CARTESIAN_POINT('',(-1.25,-6.295629820005,-1.193616458448));
#11163=CARTESIAN_POINT('Origin',(-1.25,-4.814535352879,-0.5));
#11164=CARTESIAN_POINT('',(1.25,-6.295629820005,-1.193616458448));
#11165=CARTESIAN_POINT('Origin',(-1.25,-6.264523415073,-0.822707045695));
#11166=CARTESIAN_POINT('',(-1.25,-6.295629820005,-1.193616458448));
#11167=CARTESIAN_POINT('Origin',(-4.1,-1.75,6.5));
#11168=CARTESIAN_POINT('',(-4.1,-0.25,6.5));
#11169=CARTESIAN_POINT('Origin',(-1.376676550535E-14,-0.25,4.516888778365));
#11170=CARTESIAN_POINT('',(1.5,-0.25,3.5));
#11171=CARTESIAN_POINT('',(2.05,-0.25,3.5));
#11172=CARTESIAN_POINT('',(1.5,-0.25,5.));
#11173=CARTESIAN_POINT('',(1.5,-0.25,4.758444389183));
#11174=CARTESIAN_POINT('',(1.5,-0.25,5.177124344468));
#11175=CARTESIAN_POINT('',(1.5,-0.25,-0.8));
#11176=CARTESIAN_POINT('',(-1.5,-0.25,5.177124344468));
#11177=CARTESIAN_POINT('Origin',(0.,-0.25,6.5));
#11178=CARTESIAN_POINT('',(-1.5,-0.25,5.));
#11179=CARTESIAN_POINT('',(-1.5,-0.25,-0.8));
#11180=CARTESIAN_POINT('',(-1.5,-0.25,3.5));
#11181=CARTESIAN_POINT('',(-1.5,-0.25,2.258444389183));
#11182=CARTESIAN_POINT('',(2.05,-0.25,3.5));
#11183=CARTESIAN_POINT('Origin',(-1.842970220878E-14,-0.25,6.5));
#11184=CARTESIAN_POINT('Origin',(-1.292299600664E-14,-1.75,6.5));
#11185=CARTESIAN_POINT('Origin',(-1.650901637618E-14,-1.75,6.5));
#11186=CARTESIAN_POINT('Origin',(-1.5,-1.65,-1.665334536938E-16));
#11187=CARTESIAN_POINT('',(-1.5,-0.25,-0.8));
#11188=CARTESIAN_POINT('',(-1.5,-1.65,5.));
#11189=CARTESIAN_POINT('Origin',(-4.1,-1.65,-1.465555650481E-30));
#11190=CARTESIAN_POINT('',(-4.1,0.6,-2.908784324518E-15));
#11191=CARTESIAN_POINT('',(-4.1,-1.65,-1.465555650481E-30));
#11192=CARTESIAN_POINT('',(-1.5,0.6,-1.873501354055E-15));
#11193=CARTESIAN_POINT('',(-4.1,0.6,-1.088018564133E-15));
#11194=CARTESIAN_POINT('',(-1.5,0.25,-1.221245327088E-15));
#11195=CARTESIAN_POINT('',(-1.5,-1.65,-1.665334536938E-16));
#11196=CARTESIAN_POINT('',(-1.5,-1.65,-1.665334536938E-16));
#11197=CARTESIAN_POINT('Origin',(-1.5,-1.65,5.));
#11198=CARTESIAN_POINT('',(-1.322875655532,-0.25,5.));
#11199=CARTESIAN_POINT('',(-0.75,-0.25,5.));
#11200=CARTESIAN_POINT('',(1.322875655532,-0.25,5.));
#11201=CARTESIAN_POINT('',(-0.75,-0.25,5.));
#11202=CARTESIAN_POINT('',(-0.75,-0.25,5.));
#11203=CARTESIAN_POINT('',(1.5,-1.65,5.));
#11204=CARTESIAN_POINT('Origin',(1.5,-1.65,5.));
#11205=CARTESIAN_POINT('',(1.5,-0.25,-0.8));
#11206=CARTESIAN_POINT('Origin',(-1.7763568394E-14,-6.3,6.5));
#11207=CARTESIAN_POINT('',(-4.,-6.3,4.6));
#11208=CARTESIAN_POINT('',(-1.,-6.3,6.5));
#11209=CARTESIAN_POINT('Origin',(0.,-6.3,6.5));
#11210=CARTESIAN_POINT('Origin',(-4.,-6.3,4.6));
#11211=CARTESIAN_POINT('',(-4.,-12.30000000002,3.999999999988));
#11212=CARTESIAN_POINT('Origin',(-4.,-12.26565745728,3.656574572622));
#11213=CARTESIAN_POINT('',(-4.,-12.6,3.742222097608));
#11214=CARTESIAN_POINT('Origin',(-4.,-12.6,3.742222097608));
#11215=CARTESIAN_POINT('Origin',(-4.1,-1.65,-1.465555650481E-30));
#11216=CARTESIAN_POINT('',(1.5,0.25,-8.881784197001E-16));
#11217=CARTESIAN_POINT('',(1.5,-1.65,1.665334536938E-16));
#11218=CARTESIAN_POINT('',(1.5,0.6,-1.373900992974E-15));
#11219=CARTESIAN_POINT('',(1.5,-1.65,1.665334536938E-16));
#11220=CARTESIAN_POINT('',(4.1,0.6,-1.088018564133E-15));
#11221=CARTESIAN_POINT('',(-4.1,0.6,-1.088018564133E-15));
#11222=CARTESIAN_POINT('',(4.1,-1.65,1.465555650481E-30));
#11223=CARTESIAN_POINT('Origin',(4.1,-1.75,-6.883382752676E-16));
#11224=CARTESIAN_POINT('',(4.1,-0.25,-3.996802888651E-15));
#11225=CARTESIAN_POINT('Origin',(4.679415365894,-1.65,1.125123121446));
#11226=CARTESIAN_POINT('',(4.55,-1.65,-2.25));
#11227=CARTESIAN_POINT('',(5.05,-1.65,-2.25));
#11228=CARTESIAN_POINT('',(0.,-1.65,-2.25));
#11229=CARTESIAN_POINT('',(4.55,-1.65,-3.5));
#11230=CARTESIAN_POINT('',(4.45,-1.65,5.));
#11231=CARTESIAN_POINT('',(5.05,-1.65,-3.5));
#11232=CARTESIAN_POINT('Origin',(4.45,-1.65,5.));
#11233=CARTESIAN_POINT('Origin',(5.05,-1.65,-3.5));
#11234=CARTESIAN_POINT('Origin',(5.05,-2.9,-2.25));
#11235=CARTESIAN_POINT('',(5.05,-3.5,-2.));
#11236=CARTESIAN_POINT('Origin',(5.05,-2.9,-2.));
#11237=CARTESIAN_POINT('Origin',(0.,-2.9,-2.25));
#11238=CARTESIAN_POINT('Origin',(4.55,-2.9,-2.25));
#11239=CARTESIAN_POINT('Origin',(4.55,-1.65,-3.5));
#11240=CARTESIAN_POINT('',(4.55,-3.5,-2.));
#11241=CARTESIAN_POINT('Origin',(4.55,-2.9,-2.));
#11242=CARTESIAN_POINT('Origin',(-1.25,-5.757007910369,-1.636383541552));
#11243=CARTESIAN_POINT('',(-1.25,-5.757007910369,-1.636383541552));
#11244=CARTESIAN_POINT('',(-1.25,-5.757007910369,-1.636383541552));
#11245=CARTESIAN_POINT('',(1.25,-5.757007910369,-1.636383541552));
#11246=CARTESIAN_POINT('',(1.25,-5.757007910369,-1.636383541552));
#11247=CARTESIAN_POINT('',(-1.25,-5.757007910369,-1.636383541552));
#11248=CARTESIAN_POINT('Origin',(1.25,-5.757007910369,-1.636383541552));
#11249=CARTESIAN_POINT('',(1.25,-6.028691153978,-1.763616458448));
#11250=CARTESIAN_POINT('',(1.25,-6.028691153978,-1.763616458448));
#11251=CARTESIAN_POINT('',(1.25,-5.757007910369,-1.636383541552));
#11252=CARTESIAN_POINT('Origin',(1.25,-6.028691153978,-1.763616458448));
#11253=CARTESIAN_POINT('',(-1.25,-6.028691153978,-1.763616458448));
#11254=CARTESIAN_POINT('',(-1.25,-6.028691153978,-1.763616458448));
#11255=CARTESIAN_POINT('',(1.25,-6.028691153978,-1.763616458448));
#11256=CARTESIAN_POINT('Origin',(-1.25,-6.028691153978,-1.763616458448));
#11257=CARTESIAN_POINT('',(-1.25,-6.028691153978,-1.763616458448));
#11258=CARTESIAN_POINT('Origin',(-4.1,-1.65,3.5));
#11259=CARTESIAN_POINT('',(-4.1,0.6,3.5));
#11260=CARTESIAN_POINT('',(-4.1,-1.65,3.5));
#11261=CARTESIAN_POINT('',(-4.1,0.6,3.5));
#11262=CARTESIAN_POINT('Origin',(4.1,-1.65,3.5));
#11263=CARTESIAN_POINT('',(-1.5,0.25,3.5));
#11264=CARTESIAN_POINT('',(-1.5,-1.65,3.5));
#11265=CARTESIAN_POINT('',(-1.5,0.6,3.5));
#11266=CARTESIAN_POINT('',(-1.5,-1.65,3.5));
#11267=CARTESIAN_POINT('',(4.1,0.6,3.5));
#11268=CARTESIAN_POINT('Origin',(-1.5,-0.25,-0.8));
#11269=CARTESIAN_POINT('',(-1.5,-0.25,2.258444389183));
#11270=CARTESIAN_POINT('',(-1.5,0.25,5.177124344468));
#11271=CARTESIAN_POINT('',(-1.5,0.25,5.177124344468));
#11272=CARTESIAN_POINT('',(-1.5,0.25,-0.8));
#11273=CARTESIAN_POINT('Origin',(0.,0.25,6.5));
#11274=CARTESIAN_POINT('',(1.5,0.25,5.177124344468));
#11275=CARTESIAN_POINT('',(1.5,0.25,5.177124344468));
#11276=CARTESIAN_POINT('Origin',(0.,0.25,6.5));
#11277=CARTESIAN_POINT('Origin',(1.5,0.25,-0.8));
#11278=CARTESIAN_POINT('',(1.5,0.25,3.5));
#11279=CARTESIAN_POINT('',(1.5,0.25,-0.8));
#11280=CARTESIAN_POINT('',(1.5,-0.25,4.758444389183));
#11281=CARTESIAN_POINT('',(1.5,-1.65,3.5));
#11282=CARTESIAN_POINT('Origin',(4.1,-1.65,3.5));
#11283=CARTESIAN_POINT('',(1.5,0.6,3.5));
#11284=CARTESIAN_POINT('',(1.5,-1.65,3.5));
#11285=CARTESIAN_POINT('',(4.1,0.6,3.5));
#11286=CARTESIAN_POINT('',(4.1,-1.65,3.5));
#11287=CARTESIAN_POINT('',(4.1,0.6,3.5));
#11288=CARTESIAN_POINT('Origin',(1.5,-0.25,-0.8));
#11289=CARTESIAN_POINT('',(1.5,-0.25,-0.8));
#11290=CARTESIAN_POINT('',(1.5,-0.25,-0.8));
#11291=CARTESIAN_POINT('Origin',(0.,-0.25,6.5));
#11292=CARTESIAN_POINT('',(-1.5,-0.25,-0.8));
#11293=CARTESIAN_POINT('',(-1.5,-0.25,-0.8));
#11294=CARTESIAN_POINT('',(1.5,-0.25,-0.8));
#11295=CARTESIAN_POINT('Origin',(-1.5,-0.25,-0.8));
#11296=CARTESIAN_POINT('',(-1.5,0.25,-0.8));
#11297=CARTESIAN_POINT('',(-1.5,0.25,-0.8));
#11298=CARTESIAN_POINT('',(-1.5,-0.25,-0.8));
#11299=CARTESIAN_POINT('Origin',(-1.5,-1.65,-1.665334536938E-16));
#11300=CARTESIAN_POINT('',(-1.5,0.25,-0.8));
#11301=CARTESIAN_POINT('',(-1.5,0.6,0.875));
#11302=CARTESIAN_POINT('Origin',(-5.773159728051E-15,0.6,1.75));
#11303=CARTESIAN_POINT('Origin',(1.5,-0.25,-0.8));
#11304=CARTESIAN_POINT('Origin',(0.,-6.3,6.5));
#11305=CARTESIAN_POINT('',(-1.,-12.7,6.5));
#11306=CARTESIAN_POINT('',(-1.,-6.3,6.5));
#11307=CARTESIAN_POINT('Origin',(0.,-12.7,6.5));
#11308=CARTESIAN_POINT('Origin',(4.1,-1.65,1.465555650481E-30));
#11309=CARTESIAN_POINT('',(4.1,0.6,-2.908784324518E-15));
#11310=CARTESIAN_POINT('Origin',(-5.773159728051E-15,0.6,1.75));
#11311=CARTESIAN_POINT('',(1.5,0.6,3.375));
#11312=CARTESIAN_POINT('Origin',(1.5,0.25,-0.8));
#11313=CARTESIAN_POINT('',(1.5,0.25,-0.8));
#11314=CARTESIAN_POINT('',(1.5,0.25,-0.8));
#11315=CARTESIAN_POINT('',(1.5,0.25,-0.8));
#11316=CARTESIAN_POINT('Origin',(1.5,-1.65,5.));
#11317=CARTESIAN_POINT('',(1.5,0.25,-0.8));
#11318=CARTESIAN_POINT('Origin',(0.,-2.9,-2.));
#11319=CARTESIAN_POINT('',(0.,-3.5,-2.));
#11320=CARTESIAN_POINT('Origin',(-1.25,-6.783688218645,-2.117191737917));
#11321=CARTESIAN_POINT('',(-1.25,-5.739366569884,-2.558373413673));
#11322=CARTESIAN_POINT('Origin',(-1.25,-6.783688218645,-2.117191737917));
#11323=CARTESIAN_POINT('',(1.25,-5.739366569884,-2.558373413673));
#11324=CARTESIAN_POINT('Origin',(1.25,-6.783688218645,-2.117191737917));
#11325=CARTESIAN_POINT('',(-1.25,-5.739366569884,-2.558373413673));
#11326=CARTESIAN_POINT('Origin',(1.25,-5.800180019316,-2.098373306675));
#11327=CARTESIAN_POINT('',(1.25,-6.015718118287,-2.441626586327));
#11328=CARTESIAN_POINT('Origin',(1.25,-6.783688218645,-2.117191737917));
#11329=CARTESIAN_POINT('',(1.25,-5.739366569884,-2.558373413673));
#11330=CARTESIAN_POINT('Origin',(1.25,-6.783688218645,-2.117191737917));
#11331=CARTESIAN_POINT('',(-1.25,-6.015718118287,-2.441626586327));
#11332=CARTESIAN_POINT('',(1.25,-6.015718118287,-2.441626586327));
#11333=CARTESIAN_POINT('Origin',(-1.25,-6.783688218645,-2.117191737917));
#11334=CARTESIAN_POINT('Origin',(-1.25,-5.800180019316,-2.098373306675));
#11335=CARTESIAN_POINT('',(-1.25,-6.015718118287,-2.441626586327));
#11336=CARTESIAN_POINT('Origin',(-1.5,0.25,-0.8));
#11337=CARTESIAN_POINT('Origin',(0.,0.25,6.5));
#11338=CARTESIAN_POINT('',(-1.5,0.25,-0.8));
#11339=CARTESIAN_POINT('Origin',(-8.546500828371E-17,0.25,6.5));
#11340=CARTESIAN_POINT('',(1.5,0.25,6.5));
#11341=CARTESIAN_POINT('',(1.5,0.25,-0.8));
#11342=CARTESIAN_POINT('',(-1.5,0.25,6.5));
#11343=CARTESIAN_POINT('',(-1.5,0.25,6.5));
#11344=CARTESIAN_POINT('',(-1.5,0.25,-0.8));
#11345=CARTESIAN_POINT('Origin',(1.5,-1.135862193897,-0.8));
#11346=CARTESIAN_POINT('',(1.5,-0.340444252281,-1.189951438941));
#11347=CARTESIAN_POINT('',(-1.5,-0.340444252281,-1.189951438941));
#11348=CARTESIAN_POINT('',(1.5,-0.340444252281,-1.189951438941));
#11349=CARTESIAN_POINT('Origin',(1.5,-1.135862193897,-0.8));
#11350=CARTESIAN_POINT('Origin',(-1.5,-1.135862193897,-0.8));
#11351=CARTESIAN_POINT('Origin',(-1.5,-0.02937191200202,-1.0566362788));
#11352=CARTESIAN_POINT('',(-1.5,0.108507033311,-1.410048561059));
#11353=CARTESIAN_POINT('Origin',(-1.5,-1.135862193897,-0.8));
#11354=CARTESIAN_POINT('',(-1.5,-0.340444252281,-1.189951438941));
#11355=CARTESIAN_POINT('Origin',(0.,-12.7,6.5));
#11356=CARTESIAN_POINT('',(-6.12323399573677E-17,-13.7,6.5));
#11357=CARTESIAN_POINT('Origin',(0.,-12.7,6.5));
#11358=CARTESIAN_POINT('Origin',(1.5,-0.02937191200202,-1.0566362788));
#11359=CARTESIAN_POINT('',(1.5,0.108507033311,-1.410048561059));
#11360=CARTESIAN_POINT('Origin',(1.5,-1.135862193897,-0.8));
#11361=CARTESIAN_POINT('',(1.5,0.108507033311,-1.410048561059));
#11362=CARTESIAN_POINT('Origin',(-1.25,-6.161824225799,-3.558373413673));
#11363=CARTESIAN_POINT('',(-1.25,-5.772668134643,-2.637201585665));
#11364=CARTESIAN_POINT('',(-1.25,-6.161824225799,-3.558373413673));
#11365=CARTESIAN_POINT('',(1.25,-5.772668134643,-2.637201585665));
#11366=CARTESIAN_POINT('',(1.25,-6.161824225799,-3.558373413673));
#11367=CARTESIAN_POINT('',(0.25,-6.161824225799,-3.558373413673));
#11368=CARTESIAN_POINT('Origin',(0.25,-5.772668134643,-2.637201585665));
#11369=CARTESIAN_POINT('',(-0.25,-6.161824225799,-3.558373413673));
#11370=CARTESIAN_POINT('',(-1.25,-6.161824225799,-3.558373413673));
#11371=CARTESIAN_POINT('Origin',(-0.25,-5.772668134643,-2.637201585665));
#11372=CARTESIAN_POINT('Origin',(1.25,-6.161824225799,-3.558373413673));
#11373=CARTESIAN_POINT('',(1.25,-6.049019683046,-2.520454758318));
#11374=CARTESIAN_POINT('',(1.25,-6.438175774201,-3.441626586327));
#11375=CARTESIAN_POINT('',(1.25,-5.772668134643,-2.637201585665));
#11376=CARTESIAN_POINT('Origin',(1.25,-6.438175774201,-3.441626586327));
#11377=CARTESIAN_POINT('',(-1.25,-6.049019683046,-2.520454758318));
#11378=CARTESIAN_POINT('',(-1.25,-6.438175774201,-3.441626586327));
#11379=CARTESIAN_POINT('',(-0.25,-6.438175774201,-3.441626586327));
#11380=CARTESIAN_POINT('Origin',(-0.25,-6.049019683046,-2.520454758318));
#11381=CARTESIAN_POINT('',(0.25,-6.438175774201,-3.441626586327));
#11382=CARTESIAN_POINT('',(1.25,-6.438175774201,-3.441626586327));
#11383=CARTESIAN_POINT('Origin',(0.25,-6.049019683046,-2.520454758318));
#11384=CARTESIAN_POINT('Origin',(-1.25,-6.438175774201,-3.441626586327));
#11385=CARTESIAN_POINT('',(-1.25,-6.049019683046,-2.520454758318));
#11386=CARTESIAN_POINT('Origin',(-1.5,0.25,-0.8));
#11387=CARTESIAN_POINT('Origin',(-1.5,-1.135862193897,-0.8));
#11388=CARTESIAN_POINT('',(-1.5,0.108507033311,-1.410048561059));
#11389=CARTESIAN_POINT('Origin',(1.5,-0.585567865,-1.689951438941));
#11390=CARTESIAN_POINT('',(1.5,-0.585567865,-1.689951438941));
#11391=CARTESIAN_POINT('',(1.5,-0.585567865,-1.689951438941));
#11392=CARTESIAN_POINT('',(-1.5,-0.585567865,-1.689951438941));
#11393=CARTESIAN_POINT('',(-1.5,-0.585567865,-1.689951438941));
#11394=CARTESIAN_POINT('',(1.5,-0.585567865,-1.689951438941));
#11395=CARTESIAN_POINT('Origin',(-1.5,-0.585567865,-1.689951438941));
#11396=CARTESIAN_POINT('',(-1.5,-0.136616579408,-1.910048561059));
#11397=CARTESIAN_POINT('',(-1.5,-0.136616579408,-1.910048561059));
#11398=CARTESIAN_POINT('',(-1.5,-0.585567865,-1.689951438941));
#11399=CARTESIAN_POINT('Origin',(1.5,-0.136616579408,-1.910048561059));
#11400=CARTESIAN_POINT('',(1.5,-0.136616579408,-1.910048561059));
#11401=CARTESIAN_POINT('',(1.5,-0.136616579408,-1.910048561059));
#11402=CARTESIAN_POINT('',(1.5,-0.136616579408,-1.910048561059));
#11403=CARTESIAN_POINT('Origin',(-0.25,-6.049019683046,-2.520454758318));
#11404=CARTESIAN_POINT('',(-0.25,-6.438175774201,-3.441626586327));
#11405=CARTESIAN_POINT('Origin',(-9.91270557701E-18,-6.3,-3.5));
#11406=CARTESIAN_POINT('',(0.25,-6.161824225799,-3.558373413673));
#11407=CARTESIAN_POINT('Origin',(0.25,-5.772668134643,-2.637201585665));
#11408=CARTESIAN_POINT('Origin',(-1.5,-0.136616579408,-1.910048561059));
#11409=CARTESIAN_POINT('',(-1.5,-0.136616579408,-1.910048561059));
#11410=CARTESIAN_POINT('Origin',(1.5,0.420813093216,-2.18332691144));
#11411=CARTESIAN_POINT('',(1.5,-0.623263308005,-2.590913047537));
#11412=CARTESIAN_POINT('Origin',(1.5,0.420813093216,-2.18332691144));
#11413=CARTESIAN_POINT('',(-1.5,-0.623263308005,-2.590913047537));
#11414=CARTESIAN_POINT('Origin',(-1.5,0.420813093216,-2.18332691144));
#11415=CARTESIAN_POINT('',(1.5,-0.623263308005,-2.590913047537));
#11416=CARTESIAN_POINT('Origin',(-1.5,-0.449238814747,-2.146924703183));
#11417=CARTESIAN_POINT('',(-1.5,-0.15749590774,-2.409086952462));
#11418=CARTESIAN_POINT('Origin',(-1.5,0.420813093216,-2.18332691144));
#11419=CARTESIAN_POINT('',(-1.5,-0.623263308005,-2.590913047537));
#11420=CARTESIAN_POINT('Origin',(1.5,-0.449238814747,-2.146924703183));
#11421=CARTESIAN_POINT('',(1.5,-0.15749590774,-2.409086952462));
#11422=CARTESIAN_POINT('Origin',(1.5,0.420813093216,-2.18332691144));
#11423=CARTESIAN_POINT('',(1.5,-0.15749590774,-2.409086952462));
#11424=CARTESIAN_POINT('Origin',(-1.5,0.420813093216,-2.18332691144));
#11425=CARTESIAN_POINT('',(-1.5,-0.15749590774,-2.409086952462));
#11426=CARTESIAN_POINT('Origin',(1.5,-0.232883700133,-3.590913047538));
#11427=CARTESIAN_POINT('',(1.5,-0.596535890283,-2.659378247007));
#11428=CARTESIAN_POINT('',(1.5,-0.232883700133,-3.590913047538));
#11429=CARTESIAN_POINT('',(-1.5,-0.596535890283,-2.659378247007));
#11430=CARTESIAN_POINT('',(-1.5,-0.232883700133,-3.590913047538));
#11431=CARTESIAN_POINT('',(-0.5,-0.232883700133,-3.590913047538));
#11432=CARTESIAN_POINT('Origin',(-0.5,-0.596535890283,-2.659378247007));
#11433=CARTESIAN_POINT('',(0.5,-0.232883700133,-3.590913047538));
#11434=CARTESIAN_POINT('',(1.5,-0.232883700133,-3.590913047538));
#11435=CARTESIAN_POINT('Origin',(0.5,-0.596535890283,-2.659378247007));
#11436=CARTESIAN_POINT('Origin',(-1.5,-0.232883700133,-3.590913047538));
#11437=CARTESIAN_POINT('',(-1.5,-0.130768490018,-2.477552151932));
#11438=CARTESIAN_POINT('',(-1.5,0.232883700133,-3.409086952462));
#11439=CARTESIAN_POINT('',(-1.5,-0.596535890283,-2.659378247007));
#11440=CARTESIAN_POINT('Origin',(1.5,0.232883700133,-3.409086952462));
#11441=CARTESIAN_POINT('',(1.5,-0.130768490018,-2.477552151932));
#11442=CARTESIAN_POINT('',(1.5,0.232883700133,-3.409086952462));
#11443=CARTESIAN_POINT('',(1.5,-0.130768490018,-2.477552151932));
#11444=CARTESIAN_POINT('Origin',(-1.5,0.232883700133,-3.409086952462));
#11445=CARTESIAN_POINT('',(0.5,0.232883700133,-3.409086952462));
#11446=CARTESIAN_POINT('Origin',(0.5,-0.130768490018,-2.477552151932));
#11447=CARTESIAN_POINT('',(-0.5,0.232883700133,-3.409086952462));
#11448=CARTESIAN_POINT('',(-1.5,0.232883700133,-3.409086952462));
#11449=CARTESIAN_POINT('Origin',(-0.5,-0.130768490018,-2.477552151932));
#11450=CARTESIAN_POINT('Origin',(0.5,-0.130768490018,-2.477552151932));
#11451=CARTESIAN_POINT('',(0.5,0.232883700133,-3.409086952462));
#11452=CARTESIAN_POINT('Origin',(-3.172065784643E-17,-2.22044604925E-16,
-3.5));
#11453=CARTESIAN_POINT('',(-0.5,-0.232883700133,-3.590913047538));
#11454=CARTESIAN_POINT('Origin',(-0.5,-0.596535890283,-2.659378247007));
#11455=CARTESIAN_POINT('',(0.,0.,0.));
#11456=CARTESIAN_POINT('',(0.,0.,0.));
#11457=CARTESIAN_POINT('',(0.,0.,0.));
#11458=CARTESIAN_POINT('Origin',(-0.745769083998,-1.33,2.5));
#11459=CARTESIAN_POINT('',(-0.745769083998,-1.33,2.5));
#11460=CARTESIAN_POINT('',(-0.745769083998,-1.33,7.3));
#11461=CARTESIAN_POINT('',(-0.745769083998,-1.33,2.5));
#11462=CARTESIAN_POINT('',(3.285769083998,-1.33,2.5));
#11463=CARTESIAN_POINT('',(-0.745769083998,-1.33,2.5));
#11464=CARTESIAN_POINT('',(3.285769083998,-1.33,7.3));
#11465=CARTESIAN_POINT('',(3.285769083998,-1.33,2.5));
#11466=CARTESIAN_POINT('',(-0.745769083998,-1.33,7.3));
#11467=CARTESIAN_POINT('Origin',(1.27,0.,2.5));
#11468=CARTESIAN_POINT('Origin',(1.27,0.,2.5));
#11469=CARTESIAN_POINT('Origin',(1.27,0.,7.3));
#11470=CARTESIAN_POINT('Origin',(-0.745769083998,-1.33,2.5));
#11471=CARTESIAN_POINT('',(1.51,-0.19,2.5));
#11472=CARTESIAN_POINT('',(1.03,-0.19,2.5));
#11473=CARTESIAN_POINT('',(1.51,-0.19,2.5));
#11474=CARTESIAN_POINT('',(1.51,0.19,2.5));
#11475=CARTESIAN_POINT('',(1.51,0.19,2.5));
#11476=CARTESIAN_POINT('',(1.03,0.19,2.5));
#11477=CARTESIAN_POINT('',(1.03,0.19,2.5));
#11478=CARTESIAN_POINT('',(1.03,-0.19,2.5));
#11479=CARTESIAN_POINT('',(0.24,-0.19,2.5));
#11480=CARTESIAN_POINT('',(-0.24,-0.19,2.5));
#11481=CARTESIAN_POINT('',(0.24,-0.19,2.5));
#11482=CARTESIAN_POINT('',(0.24,0.19,2.5));
#11483=CARTESIAN_POINT('',(0.24,0.19,2.5));
#11484=CARTESIAN_POINT('',(-0.24,0.19,2.5));
#11485=CARTESIAN_POINT('',(-0.24,0.19,2.5));
#11486=CARTESIAN_POINT('',(-0.24,-0.19,2.5));
#11487=CARTESIAN_POINT('',(2.78,0.19,2.5));
#11488=CARTESIAN_POINT('',(2.78,-0.19,2.5));
#11489=CARTESIAN_POINT('',(2.78,0.19,2.5));
#11490=CARTESIAN_POINT('',(2.3,0.19,2.5));
#11491=CARTESIAN_POINT('',(2.3,0.19,2.5));
#11492=CARTESIAN_POINT('',(2.3,-0.19,2.5));
#11493=CARTESIAN_POINT('',(2.3,-0.19,2.5));
#11494=CARTESIAN_POINT('',(2.78,-0.19,2.5));
#11495=CARTESIAN_POINT('Origin',(-0.745769083998,-1.33,7.3));
#11496=CARTESIAN_POINT('Origin',(1.51,-0.19,2.5));
#11497=CARTESIAN_POINT('',(1.51,-0.19,-2.5));
#11498=CARTESIAN_POINT('',(1.51,-0.19,2.5));
#11499=CARTESIAN_POINT('',(1.03,-0.19,-2.5));
#11500=CARTESIAN_POINT('',(1.03,-0.19,2.5));
#11501=CARTESIAN_POINT('',(1.51,-0.19,-2.5));
#11502=CARTESIAN_POINT('Origin',(1.03,-0.19,2.5));
#11503=CARTESIAN_POINT('',(1.03,0.19,-2.5));
#11504=CARTESIAN_POINT('',(1.03,0.19,2.5));
#11505=CARTESIAN_POINT('',(1.03,-0.19,-2.5));
#11506=CARTESIAN_POINT('Origin',(1.03,0.19,2.5));
#11507=CARTESIAN_POINT('',(1.51,0.19,-2.5));
#11508=CARTESIAN_POINT('',(1.51,0.19,2.5));
#11509=CARTESIAN_POINT('',(1.03,0.19,-2.5));
#11510=CARTESIAN_POINT('Origin',(1.51,0.19,2.5));
#11511=CARTESIAN_POINT('',(1.51,0.19,-2.5));
#11512=CARTESIAN_POINT('Origin',(0.24,-0.19,2.5));
#11513=CARTESIAN_POINT('',(0.24,-0.19,-2.5));
#11514=CARTESIAN_POINT('',(0.24,-0.19,2.5));
#11515=CARTESIAN_POINT('',(-0.24,-0.19,-2.5));
#11516=CARTESIAN_POINT('',(-0.24,-0.19,2.5));
#11517=CARTESIAN_POINT('',(0.24,-0.19,-2.5));
#11518=CARTESIAN_POINT('Origin',(-0.24,-0.19,2.5));
#11519=CARTESIAN_POINT('',(-0.24,0.19,-2.5));
#11520=CARTESIAN_POINT('',(-0.24,0.19,2.5));
#11521=CARTESIAN_POINT('',(-0.24,-0.19,-2.5));
#11522=CARTESIAN_POINT('Origin',(-0.24,0.19,2.5));
#11523=CARTESIAN_POINT('',(0.24,0.19,-2.5));
#11524=CARTESIAN_POINT('',(0.24,0.19,2.5));
#11525=CARTESIAN_POINT('',(-0.24,0.19,-2.5));
#11526=CARTESIAN_POINT('Origin',(0.24,0.19,2.5));
#11527=CARTESIAN_POINT('',(0.24,0.19,-2.5));
#11528=CARTESIAN_POINT('Origin',(2.78,0.19,2.5));
#11529=CARTESIAN_POINT('',(2.78,0.19,-2.5));
#11530=CARTESIAN_POINT('',(2.78,0.19,2.5));
#11531=CARTESIAN_POINT('',(2.78,-0.19,-2.5));
#11532=CARTESIAN_POINT('',(2.78,-0.19,2.5));
#11533=CARTESIAN_POINT('',(2.78,0.19,-2.5));
#11534=CARTESIAN_POINT('Origin',(2.78,-0.19,2.5));
#11535=CARTESIAN_POINT('',(2.3,-0.19,-2.5));
#11536=CARTESIAN_POINT('',(2.3,-0.19,2.5));
#11537=CARTESIAN_POINT('',(2.78,-0.19,-2.5));
#11538=CARTESIAN_POINT('Origin',(2.3,-0.19,2.5));
#11539=CARTESIAN_POINT('',(2.3,0.19,-2.5));
#11540=CARTESIAN_POINT('',(2.3,0.19,2.5));
#11541=CARTESIAN_POINT('',(2.3,-0.19,-2.5));
#11542=CARTESIAN_POINT('Origin',(2.3,0.19,2.5));
#11543=CARTESIAN_POINT('',(2.3,0.19,-2.5));
#11544=CARTESIAN_POINT('Origin',(1.03,0.19,-2.5));
#11545=CARTESIAN_POINT('Origin',(-0.24,0.19,-2.5));
#11546=CARTESIAN_POINT('Origin',(2.3,0.19,-2.5));
#11547=CARTESIAN_POINT('',(0.,0.,0.));
#11548=CARTESIAN_POINT('',(0.,0.,0.));
#11549=CARTESIAN_POINT('',(0.,0.,0.));
#11550=CARTESIAN_POINT('Origin',(0.,0.,0.));
#11551=CARTESIAN_POINT('',(-13.,1.95,1.592040838892E-15));
#11552=CARTESIAN_POINT('Origin',(0.,1.95,0.));
#11553=CARTESIAN_POINT('',(-13.,2.,1.592040838892E-15));
#11554=CARTESIAN_POINT('',(-13.,0.,-1.59204083889156E-15));
#11555=CARTESIAN_POINT('Origin',(0.,2.,0.));
#11556=CARTESIAN_POINT('Origin',(0.,0.,-11.5));
#11557=CARTESIAN_POINT('',(-0.375,2.,-11.5));
#11558=CARTESIAN_POINT('Origin',(0.,2.,-11.5));
#11559=CARTESIAN_POINT('',(-0.375,0.,-11.5));
#11560=CARTESIAN_POINT('',(-0.375,0.,-11.5));
#11561=CARTESIAN_POINT('Origin',(0.,0.,-11.5));
#11562=CARTESIAN_POINT('Origin',(0.,0.,0.));
#11563=CARTESIAN_POINT('',(-3.45,2.,4.225031457058E-16));
#11564=CARTESIAN_POINT('Origin',(0.,2.,0.));
#11565=CARTESIAN_POINT('',(-3.45,0.,4.225031457058E-16));
#11566=CARTESIAN_POINT('',(-3.45,0.,-4.22503145705837E-16));
#11567=CARTESIAN_POINT('Origin',(0.,0.,0.));
#11568=CARTESIAN_POINT('Origin',(0.,0.,0.));
#11569=CARTESIAN_POINT('',(14.1,-3.2,1.726751986798E-15));
#11570=CARTESIAN_POINT('Origin',(0.,-3.2,0.));
#11571=CARTESIAN_POINT('',(14.1,0.,1.726751986798E-15));
#11572=CARTESIAN_POINT('',(14.1,0.,-1.72675198679777E-15));
#11573=CARTESIAN_POINT('Origin',(0.,0.,0.));
#11574=CARTESIAN_POINT('Origin',(0.,-17.2,0.));
#11575=CARTESIAN_POINT('',(6.501804742041,-17.2,-12.51145615411));
#11576=CARTESIAN_POINT('',(-1.72675198679777E-15,-17.2,-14.1));
#11577=CARTESIAN_POINT('Origin',(0.,-17.2,0.));
#11578=CARTESIAN_POINT('',(7.584336496769,-17.2,-11.88645615411));
#11579=CARTESIAN_POINT('Origin',(0.,-17.2,0.));
#11580=CARTESIAN_POINT('',(7.512481608055,-17.2,11.931999836097));
#11581=CARTESIAN_POINT('Origin',(0.,-17.2,0.));
#11582=CARTESIAN_POINT('',(6.577174171965,-17.2,12.471999836098));
#11583=CARTESIAN_POINT('Origin',(0.,-17.2,0.));
#11584=CARTESIAN_POINT('',(-14.04448290254,-17.2,1.25));
#11585=CARTESIAN_POINT('Origin',(0.,-17.2,0.));
#11586=CARTESIAN_POINT('',(-14.04448290254,-17.2,-1.25));
#11587=CARTESIAN_POINT('Origin',(0.,-17.2,0.));
#11588=CARTESIAN_POINT('Origin',(0.,-17.2,0.));
#11589=CARTESIAN_POINT('',(-1.4818226269683E-15,-15.2,-12.1));
#11590=CARTESIAN_POINT('Origin',(-1.4818226269683E-15,-17.2,-12.1));
#11591=CARTESIAN_POINT('Origin',(0.,-15.2,0.));
#11592=CARTESIAN_POINT('Origin',(7.5,-15.2,0.));
#11593=CARTESIAN_POINT('',(7.9,-15.2,4.898587196589E-17));
#11594=CARTESIAN_POINT('Origin',(7.5,-15.2,0.));
#11595=CARTESIAN_POINT('',(7.9,-21.5,4.898587196589E-17));
#11596=CARTESIAN_POINT('',(7.9,-15.2,-4.89858719658941E-17));
#11597=CARTESIAN_POINT('Origin',(7.5,-21.5,0.));
#11598=CARTESIAN_POINT('Origin',(-7.5,-15.2,0.));
#11599=CARTESIAN_POINT('',(-7.1,-15.2,4.898587196589E-17));
#11600=CARTESIAN_POINT('Origin',(-7.5,-15.2,0.));
#11601=CARTESIAN_POINT('',(-7.1,-21.5,4.898587196589E-17));
#11602=CARTESIAN_POINT('',(-7.1,-15.2,-4.89858719658941E-17));
#11603=CARTESIAN_POINT('Origin',(-7.5,-21.5,0.));
#11604=CARTESIAN_POINT('Origin',(0.,0.,0.));
#11605=CARTESIAN_POINT('',(-15.04817264653,-18.1,1.25));
#11606=CARTESIAN_POINT('',(-15.1,-18.1,-1.8492166667125E-15));
#11607=CARTESIAN_POINT('Origin',(1.653344128272E-11,-18.1,0.));
#11608=CARTESIAN_POINT('',(-15.04817264653,-17.2,1.25));
#11609=CARTESIAN_POINT('',(-15.04817264653,-17.2,1.25));
#11610=CARTESIAN_POINT('',(7.077516922836,-17.2,13.338618901781));
#11611=CARTESIAN_POINT('Origin',(0.,-17.2,0.));
#11612=CARTESIAN_POINT('',(7.077516922836,-18.1,13.338618901781));
#11613=CARTESIAN_POINT('',(7.077516922836,-17.2,13.338618901781));
#11614=CARTESIAN_POINT('',(8.012824358924,-18.1,12.798618901782));
#11615=CARTESIAN_POINT('Origin',(2.886579864025E-14,-18.1,1.554312234475E-14));
#11616=CARTESIAN_POINT('',(8.012824358924,-17.2,12.798618901782));
#11617=CARTESIAN_POINT('',(8.012824358924,-17.2,12.798618901782));
#11618=CARTESIAN_POINT('',(8.084795803733,-17.2,-12.75327710088));
#11619=CARTESIAN_POINT('Origin',(0.,-17.2,0.));
#11620=CARTESIAN_POINT('',(8.084795803733,-18.1,-12.75327710088));
#11621=CARTESIAN_POINT('',(8.084795803733,-17.2,-12.75327710088));
#11622=CARTESIAN_POINT('',(7.002264049002,-18.1,-13.37827710088));
#11623=CARTESIAN_POINT('Origin',(0.,-18.1,0.));
#11624=CARTESIAN_POINT('',(7.002264049002,-17.2,-13.37827710088));
#11625=CARTESIAN_POINT('',(7.002264049002,-17.2,-13.37827710088));
#11626=CARTESIAN_POINT('',(-15.04817264653,-17.2,-1.25));
#11627=CARTESIAN_POINT('Origin',(0.,-17.2,0.));
#11628=CARTESIAN_POINT('',(-15.04817264653,-18.1,-1.25));
#11629=CARTESIAN_POINT('',(-15.04817264653,-17.2,-1.25));
#11630=CARTESIAN_POINT('Origin',(1.653344128272E-11,-18.1,0.));
#11631=CARTESIAN_POINT('',(-15.1,1.45,-1.8492166667125E-15));
#11632=CARTESIAN_POINT('',(-15.1,0.,-1.8492166667125E-15));
#11633=CARTESIAN_POINT('',(1.849155594272E-15,1.45,-15.1));
#11634=CARTESIAN_POINT('Origin',(0.,1.45,0.));
#11635=CARTESIAN_POINT('Origin',(0.,1.45,0.));
#11636=CARTESIAN_POINT('Origin',(0.,1.45,0.));
#11637=CARTESIAN_POINT('',(-1.78798432675514E-15,1.95,-14.6));
#11638=CARTESIAN_POINT('Origin',(0.,1.95,0.));
#11639=CARTESIAN_POINT('Origin',(-1.78798432675514E-15,1.45,-14.6));
#11640=CARTESIAN_POINT('Origin',(6.442660796764E-16,1.95,-2.450823453919E-16));
#11641=CARTESIAN_POINT('Origin',(6.501804742041,-17.2,-12.51145615411));
#11642=CARTESIAN_POINT('',(2.980269432311,-17.2,-6.411978077075));
#11643=CARTESIAN_POINT('',(6.501804742041,-18.1,-12.51145615411));
#11644=CARTESIAN_POINT('',(6.501804742041,-18.1,-12.51145615411));
#11645=CARTESIAN_POINT('',(6.501804742041,-17.2,-12.51145615411));
#11646=CARTESIAN_POINT('Origin',(-1.488809076022E-12,-17.2,2.642330798608E-12));
#11647=CARTESIAN_POINT('',(7.584336496769,-18.1,-11.88645615411));
#11648=CARTESIAN_POINT('',(7.584336496769,-17.2,-11.88645615411));
#11649=CARTESIAN_POINT('Origin',(-1.488809076022E-12,-18.1,2.642330798608E-12));
#11650=CARTESIAN_POINT('Origin',(8.084795803733,-17.2,-12.75327710088));
#11651=CARTESIAN_POINT('',(4.313030840496,-17.2,-6.22038855047));
#11652=CARTESIAN_POINT('',(8.084795803733,-18.1,-12.75327710088));
#11653=CARTESIAN_POINT('Origin',(7.295458187014,-18.1,-12.6361042444));
#11654=CARTESIAN_POINT('Origin',(7.512481608055,-17.2,11.931999836097));
#11655=CARTESIAN_POINT('',(3.990067662987,-17.2,5.830999918082));
#11656=CARTESIAN_POINT('',(7.512481608055,-18.1,11.931999836097));
#11657=CARTESIAN_POINT('',(7.512481608055,-18.1,11.931999836097));
#11658=CARTESIAN_POINT('',(7.512481608055,-17.2,11.931999836097));
#11659=CARTESIAN_POINT('Origin',(1.180167075177E-12,-17.2,1.987299214079E-12));
#11660=CARTESIAN_POINT('',(6.577174171965,-18.1,12.471999836098));
#11661=CARTESIAN_POINT('',(6.577174171965,-17.2,12.471999836098));
#11662=CARTESIAN_POINT('Origin',(1.180167075177E-12,-18.1,1.987299214079E-12));
#11663=CARTESIAN_POINT('Origin',(7.077516922836,-17.2,13.338618901781));
#11664=CARTESIAN_POINT('',(3.304931602315,-17.2,6.804309450942));
#11665=CARTESIAN_POINT('',(7.077516922836,-18.1,13.338618901781));
#11666=CARTESIAN_POINT('Origin',(7.296489034107,-18.1,12.637889723954));
#11667=CARTESIAN_POINT('Origin',(-5.255795798575E-12,-17.2,0.));
#11668=CARTESIAN_POINT('',(-14.04448290254,-18.1,-1.25));
#11669=CARTESIAN_POINT('',(-14.04448290254,-17.2,-1.25));
#11670=CARTESIAN_POINT('',(-14.04448290254,-18.1,1.25));
#11671=CARTESIAN_POINT('',(-14.04448290254,-17.2,1.25));
#11672=CARTESIAN_POINT('Origin',(-5.255795798575E-12,-18.1,0.));
#11673=CARTESIAN_POINT('Origin',(-15.04817264653,-17.2,-1.25));
#11674=CARTESIAN_POINT('',(-7.524086323269,-17.2,-1.25));
#11675=CARTESIAN_POINT('',(-15.04817264653,-18.1,-1.25));
#11676=CARTESIAN_POINT('Origin',(-14.04448290254,-17.2,1.25));
#11677=CARTESIAN_POINT('',(-7.022241451275,-17.2,1.25));
#11678=CARTESIAN_POINT('',(-14.04448290254,-18.1,1.25));
#11679=CARTESIAN_POINT('Origin',(-14.56961323084,-18.1,4.802496691772E-17));
#11680=CARTESIAN_POINT('Origin',(-6.442660796764E-16,-17.2,-2.450823453919E-16));
#11681=CARTESIAN_POINT('Origin',(-6.442660796764E-16,-17.2,-2.450823453919E-16));
#11682=CARTESIAN_POINT('Origin',(-7.5,-21.5,0.));
#11683=CARTESIAN_POINT('Origin',(7.5,-21.5,-9.035018104046E-18));
#11684=CARTESIAN_POINT('Origin',(-6.688241429306E-16,-15.2,-2.624640720154E-16));
#11685=CARTESIAN_POINT('Origin',(-6.688241429306E-16,-3.2,-2.624640720154E-16));
#11686=CARTESIAN_POINT('Origin',(-6.442660796764E-16,-17.2,-2.450823453919E-16));
#11687=CARTESIAN_POINT('Origin',(5.5,0.,-0.25));
#11688=CARTESIAN_POINT('',(5.5,2.,0.25));
#11689=CARTESIAN_POINT('',(5.5,2.,-0.25));
#11690=CARTESIAN_POINT('',(5.5,2.,-0.125));
#11691=CARTESIAN_POINT('',(5.5,2.15,0.25));
#11692=CARTESIAN_POINT('',(5.5,0.,0.25));
#11693=CARTESIAN_POINT('',(5.5,2.15,-0.25));
#11694=CARTESIAN_POINT('',(5.5,2.15,-0.25));
#11695=CARTESIAN_POINT('',(5.5,0.,-0.25));
#11696=CARTESIAN_POINT('Origin',(7.5,0.,0.25));
#11697=CARTESIAN_POINT('',(9.5,2.,0.25));
#11698=CARTESIAN_POINT('',(3.75,2.,0.25));
#11699=CARTESIAN_POINT('',(9.5,2.15,0.25));
#11700=CARTESIAN_POINT('',(9.5,0.,0.25));
#11701=CARTESIAN_POINT('',(5.5,2.15,0.25));
#11702=CARTESIAN_POINT('Origin',(9.5,0.,-0.25));
#11703=CARTESIAN_POINT('',(9.5,2.,-0.25));
#11704=CARTESIAN_POINT('',(4.75,2.,-0.25));
#11705=CARTESIAN_POINT('',(9.5,2.15,-0.25));
#11706=CARTESIAN_POINT('',(9.5,2.15,-0.25));
#11707=CARTESIAN_POINT('',(9.5,0.,-0.25));
#11708=CARTESIAN_POINT('Origin',(9.5,0.,0.25));
#11709=CARTESIAN_POINT('',(9.5,2.,0.125));
#11710=CARTESIAN_POINT('',(9.5,2.15,0.25));
#11711=CARTESIAN_POINT('Origin',(7.5,2.15,-1.387778780781E-16));
#11712=CARTESIAN_POINT('Origin',(-5.5,0.,-0.25));
#11713=CARTESIAN_POINT('',(-7.25,2.,-0.25));
#11714=CARTESIAN_POINT('',(-5.5,2.,-0.25));
#11715=CARTESIAN_POINT('',(-2.75,2.,-0.25));
#11716=CARTESIAN_POINT('',(-7.25,2.15,-0.25));
#11717=CARTESIAN_POINT('',(-7.25,0.,-0.25));
#11718=CARTESIAN_POINT('',(-5.5,2.15,-0.25));
#11719=CARTESIAN_POINT('',(-7.25,2.15,-0.25));
#11720=CARTESIAN_POINT('',(-5.5,0.,-0.25));
#11721=CARTESIAN_POINT('Origin',(-7.25,0.,-0.25));
#11722=CARTESIAN_POINT('',(-7.25,2.,-2.));
#11723=CARTESIAN_POINT('',(-7.25,2.,-0.125));
#11724=CARTESIAN_POINT('',(-7.25,2.15,-2.));
#11725=CARTESIAN_POINT('',(-7.25,0.,-2.));
#11726=CARTESIAN_POINT('',(-7.25,2.15,-2.));
#11727=CARTESIAN_POINT('Origin',(-7.25,0.,-2.));
#11728=CARTESIAN_POINT('',(-7.75,2.,-2.));
#11729=CARTESIAN_POINT('',(-3.625,2.,-2.));
#11730=CARTESIAN_POINT('',(-7.75,2.15,-2.));
#11731=CARTESIAN_POINT('',(-7.75,0.,-2.));
#11732=CARTESIAN_POINT('',(-7.75,2.15,-2.));
#11733=CARTESIAN_POINT('Origin',(-7.75,0.,-2.));
#11734=CARTESIAN_POINT('',(-7.75,2.,-0.25));
#11735=CARTESIAN_POINT('',(-7.75,2.,-1.));
#11736=CARTESIAN_POINT('',(-7.75,2.15,-0.25));
#11737=CARTESIAN_POINT('',(-7.75,0.,-0.25));
#11738=CARTESIAN_POINT('',(-7.75,2.15,-0.25));
#11739=CARTESIAN_POINT('Origin',(-7.75,0.,-0.25));
#11740=CARTESIAN_POINT('',(-9.5,2.,-0.25));
#11741=CARTESIAN_POINT('',(-3.875,2.,-0.25));
#11742=CARTESIAN_POINT('',(-9.5,2.15,-0.25));
#11743=CARTESIAN_POINT('',(-9.5,0.,-0.25));
#11744=CARTESIAN_POINT('',(-9.5,2.15,-0.25));
#11745=CARTESIAN_POINT('Origin',(-9.5,0.,-0.25));
#11746=CARTESIAN_POINT('',(-9.5,2.,0.25));
#11747=CARTESIAN_POINT('',(-9.5,2.,-0.125));
#11748=CARTESIAN_POINT('',(-9.5,2.15,0.25));
#11749=CARTESIAN_POINT('',(-9.5,0.,0.25));
#11750=CARTESIAN_POINT('',(-9.5,2.15,0.));
#11751=CARTESIAN_POINT('Origin',(-5.5,0.,0.25));
#11752=CARTESIAN_POINT('',(-5.5,2.,0.25));
#11753=CARTESIAN_POINT('',(-5.5,2.,0.125));
#11754=CARTESIAN_POINT('',(-5.5,2.15,0.25));
#11755=CARTESIAN_POINT('',(-5.5,2.15,0.));
#11756=CARTESIAN_POINT('',(-5.5,0.,0.25));
#11757=CARTESIAN_POINT('Origin',(-7.25,0.,0.25));
#11758=CARTESIAN_POINT('',(-7.25,2.,0.25));
#11759=CARTESIAN_POINT('',(-3.625,2.,0.25));
#11760=CARTESIAN_POINT('',(-7.25,2.15,0.25));
#11761=CARTESIAN_POINT('',(-5.5,2.15,0.25));
#11762=CARTESIAN_POINT('',(-7.25,0.,0.25));
#11763=CARTESIAN_POINT('Origin',(-7.25,0.,2.));
#11764=CARTESIAN_POINT('',(-7.25,2.,2.));
#11765=CARTESIAN_POINT('',(-7.25,2.,1.));
#11766=CARTESIAN_POINT('',(-7.25,2.15,2.));
#11767=CARTESIAN_POINT('',(-7.25,2.15,0.25));
#11768=CARTESIAN_POINT('',(-7.25,0.,2.));
#11769=CARTESIAN_POINT('Origin',(-7.75,0.,2.));
#11770=CARTESIAN_POINT('',(-7.75,2.,2.));
#11771=CARTESIAN_POINT('',(-3.875,2.,2.));
#11772=CARTESIAN_POINT('',(-7.75,2.15,2.));
#11773=CARTESIAN_POINT('',(-7.25,2.15,2.));
#11774=CARTESIAN_POINT('',(-7.75,0.,2.));
#11775=CARTESIAN_POINT('Origin',(-7.75,0.,0.25));
#11776=CARTESIAN_POINT('',(-7.75,2.,0.25));
#11777=CARTESIAN_POINT('',(-7.75,2.,0.125));
#11778=CARTESIAN_POINT('',(-7.75,2.15,0.25));
#11779=CARTESIAN_POINT('',(-7.75,2.15,2.));
#11780=CARTESIAN_POINT('',(-7.75,0.,0.25));
#11781=CARTESIAN_POINT('Origin',(-9.5,0.,0.25));
#11782=CARTESIAN_POINT('',(-4.75,2.,0.25));
#11783=CARTESIAN_POINT('',(-7.75,2.15,0.25));
#11784=CARTESIAN_POINT('Origin',(-7.5,2.15,-2.03287907341E-16));
#11785=CARTESIAN_POINT('Origin',(1.326700699076E-16,0.,0.));
#11786=CARTESIAN_POINT('Origin',(1.326700699076E-16,2.,0.));
#11787=CARTESIAN_POINT('',(0.,0.,0.));
#11788=CARTESIAN_POINT('',(0.,0.,0.));
#11789=CARTESIAN_POINT('Origin',(123.47999882701,-63.08000117298,0.));
#11790=CARTESIAN_POINT('',(123.48,-60.08,0.));
#11791=CARTESIAN_POINT('',(123.48,-60.08,1.51));
#11792=CARTESIAN_POINT('',(123.48,-60.08,0.));
#11793=CARTESIAN_POINT('',(126.48,-63.08,1.51));
#11794=CARTESIAN_POINT('Origin',(123.47999882701,-63.08000117298,1.51));
#11795=CARTESIAN_POINT('',(126.48,-63.08,0.));
#11796=CARTESIAN_POINT('',(126.48,-63.08,0.));
#11797=CARTESIAN_POINT('Origin',(123.47999882701,-63.08000117298,0.));
#11798=CARTESIAN_POINT('Origin',(99.36,-60.08,0.));
#11799=CARTESIAN_POINT('',(99.36,-60.08,0.));
#11800=CARTESIAN_POINT('',(99.36,-60.08,1.51));
#11801=CARTESIAN_POINT('',(99.36,-60.08,0.));
#11802=CARTESIAN_POINT('',(99.36,-60.08,1.51));
#11803=CARTESIAN_POINT('',(99.36,-60.08,0.));
#11804=CARTESIAN_POINT('Origin',(126.48,-63.08,0.));
#11805=CARTESIAN_POINT('',(126.48,-96.14,1.51));
#11806=CARTESIAN_POINT('',(126.48,-63.08,1.51));
#11807=CARTESIAN_POINT('',(126.48,-96.14,0.));
#11808=CARTESIAN_POINT('',(126.48,-96.14,0.));
#11809=CARTESIAN_POINT('',(126.48,-63.08,0.));
#11810=CARTESIAN_POINT('Origin',(0.,0.,0.));
#11811=CARTESIAN_POINT('',(123.48,-99.14,0.));
#11812=CARTESIAN_POINT('Origin',(123.47999882701,-96.13999882701,0.));
#11813=CARTESIAN_POINT('',(99.36,-99.14,0.));
#11814=CARTESIAN_POINT('',(123.48,-99.14,0.));
#11815=CARTESIAN_POINT('',(96.36,-96.14,0.));
#11816=CARTESIAN_POINT('Origin',(99.360001172987,-96.13999882701,0.));
#11817=CARTESIAN_POINT('',(96.36,-63.08,0.));
#11818=CARTESIAN_POINT('',(96.36,-96.14,0.));
#11819=CARTESIAN_POINT('Origin',(99.360001172987,-63.08000117298,0.));
#11820=CARTESIAN_POINT('',(98.17,-80.83,0.));
#11821=CARTESIAN_POINT('Origin',(98.17,-81.33,0.));
#11822=CARTESIAN_POINT('',(122.41,-93.18,0.));
#11823=CARTESIAN_POINT('Origin',(122.41,-94.78,0.));
#11824=CARTESIAN_POINT('',(113.32,-84.67,0.));
#11825=CARTESIAN_POINT('',(114.32,-84.67,0.));
#11826=CARTESIAN_POINT('Origin',(113.82,-84.67,0.));
#11827=CARTESIAN_POINT('',(113.32,-87.27,0.));
#11828=CARTESIAN_POINT('',(113.32,-42.335,0.));
#11829=CARTESIAN_POINT('',(114.32,-87.27,0.));
#11830=CARTESIAN_POINT('Origin',(113.82,-87.27,0.));
#11831=CARTESIAN_POINT('',(114.32,-43.635,0.));
#11832=CARTESIAN_POINT('',(119.62,-84.87,0.));
#11833=CARTESIAN_POINT('',(120.62,-84.87,0.));
#11834=CARTESIAN_POINT('Origin',(120.12,-84.87,0.));
#11835=CARTESIAN_POINT('',(119.62,-87.07,0.));
#11836=CARTESIAN_POINT('',(119.62,-42.435,0.));
#11837=CARTESIAN_POINT('',(120.62,-87.07,0.));
#11838=CARTESIAN_POINT('Origin',(120.12,-87.07,0.));
#11839=CARTESIAN_POINT('',(120.62,-43.535,0.));
#11840=CARTESIAN_POINT('',(98.17,-65.83,0.));
#11841=CARTESIAN_POINT('Origin',(98.17,-66.33,0.));
#11842=CARTESIAN_POINT('',(110.83,-61.850296,0.));
#11843=CARTESIAN_POINT('Origin',(110.83,-62.200296,0.));
#11844=CARTESIAN_POINT('',(115.98,-78.595,0.));
#11845=CARTESIAN_POINT('Origin',(115.98,-78.97,0.));
#11846=CARTESIAN_POINT('',(115.98,-77.325,0.));
#11847=CARTESIAN_POINT('Origin',(115.98,-77.7,0.));
#11848=CARTESIAN_POINT('',(115.98,-76.055,0.));
#11849=CARTESIAN_POINT('Origin',(115.98,-76.43,0.));
#11850=CARTESIAN_POINT('',(115.15,-73.13,0.));
#11851=CARTESIAN_POINT('Origin',(115.15,-73.48,0.));
#11852=CARTESIAN_POINT('',(123.6275,-76.76,0.));
#11853=CARTESIAN_POINT('Origin',(123.6275,-77.41,0.));
#11854=CARTESIAN_POINT('',(117.88,-72.94,0.));
#11855=CARTESIAN_POINT('Origin',(117.88,-73.34,0.));
#11856=CARTESIAN_POINT('',(117.88,-70.44,0.));
#11857=CARTESIAN_POINT('Origin',(117.88,-70.84,0.));
#11858=CARTESIAN_POINT('',(123.6275,-71.76,0.));
#11859=CARTESIAN_POINT('Origin',(123.6275,-72.41,0.));
#11860=CARTESIAN_POINT('',(113.37,-66.249705,0.));
#11861=CARTESIAN_POINT('Origin',(113.37,-66.599705,0.));
#11862=CARTESIAN_POINT('',(115.15,-68.05,0.));
#11863=CARTESIAN_POINT('Origin',(115.15,-68.4,0.));
#11864=CARTESIAN_POINT('',(115.14,-62.52,0.));
#11865=CARTESIAN_POINT('Origin',(115.14,-62.97,0.));
#11866=CARTESIAN_POINT('',(117.68,-62.52,0.));
#11867=CARTESIAN_POINT('Origin',(117.68,-62.97,0.));
#11868=CARTESIAN_POINT('',(122.41,-64.1,0.));
#11869=CARTESIAN_POINT('Origin',(122.41,-65.7,0.));
#11870=CARTESIAN_POINT('Origin',(0.,0.,1.51));
#11871=CARTESIAN_POINT('',(96.36,-63.08,1.51));
#11872=CARTESIAN_POINT('Origin',(99.360001172987,-63.08000117298,1.51));
#11873=CARTESIAN_POINT('',(96.36,-96.14,1.51));
#11874=CARTESIAN_POINT('',(96.36,-96.14,1.51));
#11875=CARTESIAN_POINT('',(99.36,-99.14,1.51));
#11876=CARTESIAN_POINT('Origin',(99.360001172987,-96.13999882701,1.51));
#11877=CARTESIAN_POINT('',(123.48,-99.14,1.51));
#11878=CARTESIAN_POINT('',(123.48,-99.14,1.51));
#11879=CARTESIAN_POINT('Origin',(123.47999882701,-96.13999882701,1.51));
#11880=CARTESIAN_POINT('',(98.17,-80.83,1.51));
#11881=CARTESIAN_POINT('Origin',(98.17,-81.33,1.51));
#11882=CARTESIAN_POINT('',(122.41,-93.18,1.51));
#11883=CARTESIAN_POINT('Origin',(122.41,-94.78,1.51));
#11884=CARTESIAN_POINT('',(113.32,-84.67,1.51));
#11885=CARTESIAN_POINT('',(114.32,-84.67,1.51));
#11886=CARTESIAN_POINT('Origin',(113.82,-84.67,1.51));
#11887=CARTESIAN_POINT('',(114.32,-87.27,1.51));
#11888=CARTESIAN_POINT('',(114.32,-43.635,1.51));
#11889=CARTESIAN_POINT('',(113.32,-87.27,1.51));
#11890=CARTESIAN_POINT('Origin',(113.82,-87.27,1.51));
#11891=CARTESIAN_POINT('',(113.32,-42.335,1.51));
#11892=CARTESIAN_POINT('',(119.62,-84.87,1.51));
#11893=CARTESIAN_POINT('',(120.62,-84.87,1.51));
#11894=CARTESIAN_POINT('Origin',(120.12,-84.87,1.51));
#11895=CARTESIAN_POINT('',(120.62,-87.07,1.51));
#11896=CARTESIAN_POINT('',(120.62,-43.535,1.51));
#11897=CARTESIAN_POINT('',(119.62,-87.07,1.51));
#11898=CARTESIAN_POINT('Origin',(120.12,-87.07,1.51));
#11899=CARTESIAN_POINT('',(119.62,-42.435,1.51));
#11900=CARTESIAN_POINT('',(98.17,-65.83,1.51));
#11901=CARTESIAN_POINT('Origin',(98.17,-66.33,1.51));
#11902=CARTESIAN_POINT('',(110.83,-61.850296,1.51));
#11903=CARTESIAN_POINT('Origin',(110.83,-62.200296,1.51));
#11904=CARTESIAN_POINT('',(115.98,-78.595,1.51));
#11905=CARTESIAN_POINT('Origin',(115.98,-78.97,1.51));
#11906=CARTESIAN_POINT('',(115.98,-77.325,1.51));
#11907=CARTESIAN_POINT('Origin',(115.98,-77.7,1.51));
#11908=CARTESIAN_POINT('',(115.98,-76.055,1.51));
#11909=CARTESIAN_POINT('Origin',(115.98,-76.43,1.51));
#11910=CARTESIAN_POINT('',(115.15,-73.13,1.51));
#11911=CARTESIAN_POINT('Origin',(115.15,-73.48,1.51));
#11912=CARTESIAN_POINT('',(123.6275,-76.76,1.51));
#11913=CARTESIAN_POINT('Origin',(123.6275,-77.41,1.51));
#11914=CARTESIAN_POINT('',(117.88,-72.94,1.51));
#11915=CARTESIAN_POINT('Origin',(117.88,-73.34,1.51));
#11916=CARTESIAN_POINT('',(117.88,-70.44,1.51));
#11917=CARTESIAN_POINT('Origin',(117.88,-70.84,1.51));
#11918=CARTESIAN_POINT('',(123.6275,-71.76,1.51));
#11919=CARTESIAN_POINT('Origin',(123.6275,-72.41,1.51));
#11920=CARTESIAN_POINT('',(113.37,-66.249705,1.51));
#11921=CARTESIAN_POINT('Origin',(113.37,-66.599705,1.51));
#11922=CARTESIAN_POINT('',(115.15,-68.05,1.51));
#11923=CARTESIAN_POINT('Origin',(115.15,-68.4,1.51));
#11924=CARTESIAN_POINT('',(115.14,-62.52,1.51));
#11925=CARTESIAN_POINT('Origin',(115.14,-62.97,1.51));
#11926=CARTESIAN_POINT('',(117.68,-62.52,1.51));
#11927=CARTESIAN_POINT('Origin',(117.68,-62.97,1.51));
#11928=CARTESIAN_POINT('',(122.41,-64.1,1.51));
#11929=CARTESIAN_POINT('Origin',(122.41,-65.7,1.51));
#11930=CARTESIAN_POINT('Origin',(99.360001172987,-63.08000117298,0.));
#11931=CARTESIAN_POINT('',(96.36,-63.08,0.));
#11932=CARTESIAN_POINT('Origin',(123.47999882701,-96.13999882701,0.));
#11933=CARTESIAN_POINT('',(123.48,-99.14,0.));
#11934=CARTESIAN_POINT('Origin',(96.36,-96.14,0.));
#11935=CARTESIAN_POINT('',(96.36,-96.14,0.));
#11936=CARTESIAN_POINT('Origin',(123.48,-99.14,0.));
#11937=CARTESIAN_POINT('',(99.36,-99.14,0.));
#11938=CARTESIAN_POINT('Origin',(99.360001172987,-96.13999882701,0.));
#11939=CARTESIAN_POINT('Origin',(98.17,-81.33,-0.046));
#11940=CARTESIAN_POINT('',(98.17,-80.83,-0.046));
#11941=CARTESIAN_POINT('Origin',(122.41,-94.78,-0.046));
#11942=CARTESIAN_POINT('',(122.41,-93.18,-0.046));
#11943=CARTESIAN_POINT('Origin',(113.82,-84.67,-0.046));
#11944=CARTESIAN_POINT('',(114.32,-84.67,-0.046));
#11945=CARTESIAN_POINT('',(113.32,-84.67,-0.046));
#11946=CARTESIAN_POINT('Origin',(113.32,-84.67,-0.046));
#11947=CARTESIAN_POINT('',(113.32,-87.27,-0.046));
#11948=CARTESIAN_POINT('Origin',(113.82,-87.27,-0.046));
#11949=CARTESIAN_POINT('',(114.32,-87.27,-0.046));
#11950=CARTESIAN_POINT('Origin',(114.32,-87.27,-0.046));
#11951=CARTESIAN_POINT('Origin',(120.12,-84.87,-0.046));
#11952=CARTESIAN_POINT('',(120.62,-84.87,-0.046));
#11953=CARTESIAN_POINT('',(119.62,-84.87,-0.046));
#11954=CARTESIAN_POINT('Origin',(119.62,-84.87,-0.046));
#11955=CARTESIAN_POINT('',(119.62,-87.07,-0.046));
#11956=CARTESIAN_POINT('Origin',(120.12,-87.07,-0.046));
#11957=CARTESIAN_POINT('',(120.62,-87.07,-0.046));
#11958=CARTESIAN_POINT('Origin',(120.62,-87.07,-0.046));
#11959=CARTESIAN_POINT('Origin',(98.17,-66.33,-0.046));
#11960=CARTESIAN_POINT('',(98.17,-65.83,-0.046));
#11961=CARTESIAN_POINT('Origin',(110.83,-62.200296,-0.046));
#11962=CARTESIAN_POINT('',(110.83,-61.850296,-0.046));
#11963=CARTESIAN_POINT('Origin',(115.98,-78.97,-0.046));
#11964=CARTESIAN_POINT('',(115.98,-78.595,-0.046));
#11965=CARTESIAN_POINT('Origin',(115.98,-77.7,-0.046));
#11966=CARTESIAN_POINT('',(115.98,-77.325,-0.046));
#11967=CARTESIAN_POINT('Origin',(115.98,-76.43,-0.046));
#11968=CARTESIAN_POINT('',(115.98,-76.055,-0.046));
#11969=CARTESIAN_POINT('Origin',(115.15,-73.48,-0.046));
#11970=CARTESIAN_POINT('',(115.15,-73.13,-0.046));
#11971=CARTESIAN_POINT('Origin',(123.6275,-77.41,-0.046));
#11972=CARTESIAN_POINT('',(123.6275,-76.76,-0.046));
#11973=CARTESIAN_POINT('Origin',(117.88,-73.34,-0.046));
#11974=CARTESIAN_POINT('',(117.88,-72.94,-0.046));
#11975=CARTESIAN_POINT('Origin',(117.88,-70.84,-0.046));
#11976=CARTESIAN_POINT('',(117.88,-70.44,-0.046));
#11977=CARTESIAN_POINT('Origin',(123.6275,-72.41,-0.046));
#11978=CARTESIAN_POINT('',(123.6275,-71.76,-0.046));
#11979=CARTESIAN_POINT('Origin',(113.37,-66.599705,-0.046));
#11980=CARTESIAN_POINT('',(113.37,-66.249705,-0.046));
#11981=CARTESIAN_POINT('Origin',(115.15,-68.4,-0.046));
#11982=CARTESIAN_POINT('',(115.15,-68.05,-0.046));
#11983=CARTESIAN_POINT('Origin',(115.14,-62.97,-0.046));
#11984=CARTESIAN_POINT('',(115.14,-62.52,-0.046));
#11985=CARTESIAN_POINT('Origin',(117.68,-62.97,-0.046));
#11986=CARTESIAN_POINT('',(117.68,-62.52,-0.046));
#11987=CARTESIAN_POINT('Origin',(122.41,-65.7,-0.046));
#11988=CARTESIAN_POINT('',(122.41,-64.1,-0.046));
#11989=CARTESIAN_POINT('',(115.15,-68.4,1.595));
#11990=CARTESIAN_POINT('',(117.88,-70.84,1.595));
#11991=CARTESIAN_POINT('',(123.6275,-77.41,1.595));
#11992=CARTESIAN_POINT('',(115.14,-62.97,1.595));
#11993=CARTESIAN_POINT('',(110.83,-62.200296,1.595));
#11994=CARTESIAN_POINT('',(113.82,-85.97,1.595));
#11995=CARTESIAN_POINT('',(115.98,-76.43,1.595));
#11996=CARTESIAN_POINT('',(98.17,-73.83,19.595));
#11997=CARTESIAN_POINT('',(0.,0.,0.));
#11998=UNCERTAINTY_MEASURE_WITH_UNIT(LENGTH_MEASURE(0.01),#12032,
'DISTANCE_ACCURACY_VALUE',
'Maximum model space distance between geometric entities at asserted c
onnectivities');
#11999=UNCERTAINTY_MEASURE_WITH_UNIT(LENGTH_MEASURE(0.01),#12032,
'DISTANCE_ACCURACY_VALUE',
'Maximum model space distance between geometric entities at asserted c
onnectivities');
#12000=UNCERTAINTY_MEASURE_WITH_UNIT(LENGTH_MEASURE(0.01),#12032,
'DISTANCE_ACCURACY_VALUE',
'Maximum model space distance between geometric entities at asserted c
onnectivities');
#12001=UNCERTAINTY_MEASURE_WITH_UNIT(LENGTH_MEASURE(0.01),#12032,
'DISTANCE_ACCURACY_VALUE',
'Maximum model space distance between geometric entities at asserted c
onnectivities');
#12002=UNCERTAINTY_MEASURE_WITH_UNIT(LENGTH_MEASURE(0.01),#12032,
'DISTANCE_ACCURACY_VALUE',
'Maximum model space distance between geometric entities at asserted c
onnectivities');
#12003=UNCERTAINTY_MEASURE_WITH_UNIT(LENGTH_MEASURE(0.01),#12032,
'DISTANCE_ACCURACY_VALUE',
'Maximum model space distance between geometric entities at asserted c
onnectivities');
#12004=UNCERTAINTY_MEASURE_WITH_UNIT(LENGTH_MEASURE(0.01),#12032,
'DISTANCE_ACCURACY_VALUE',
'Maximum model space distance between geometric entities at asserted c
onnectivities');
#12005=UNCERTAINTY_MEASURE_WITH_UNIT(LENGTH_MEASURE(0.01),#12032,
'DISTANCE_ACCURACY_VALUE',
'Maximum model space distance between geometric entities at asserted c
onnectivities');
#12006=UNCERTAINTY_MEASURE_WITH_UNIT(LENGTH_MEASURE(0.01),#12032,
'DISTANCE_ACCURACY_VALUE',
'Maximum model space distance between geometric entities at asserted c
onnectivities');
#12007=UNCERTAINTY_MEASURE_WITH_UNIT(LENGTH_MEASURE(0.01),#12032,
'DISTANCE_ACCURACY_VALUE',
'Maximum model space distance between geometric entities at asserted c
onnectivities');
#12008=UNCERTAINTY_MEASURE_WITH_UNIT(LENGTH_MEASURE(0.01),#12032,
'DISTANCE_ACCURACY_VALUE',
'Maximum model space distance between geometric entities at asserted c
onnectivities');
#12009=UNCERTAINTY_MEASURE_WITH_UNIT(LENGTH_MEASURE(0.01),#12032,
'DISTANCE_ACCURACY_VALUE',
'Maximum model space distance between geometric entities at asserted c
onnectivities');
#12010=UNCERTAINTY_MEASURE_WITH_UNIT(LENGTH_MEASURE(0.01),#12032,
'DISTANCE_ACCURACY_VALUE',
'Maximum model space distance between geometric entities at asserted c
onnectivities');
#12011=UNCERTAINTY_MEASURE_WITH_UNIT(LENGTH_MEASURE(0.01),#12032,
'DISTANCE_ACCURACY_VALUE',
'Maximum model space distance between geometric entities at asserted c
onnectivities');
#12012=UNCERTAINTY_MEASURE_WITH_UNIT(LENGTH_MEASURE(0.01),#12032,
'DISTANCE_ACCURACY_VALUE',
'Maximum model space distance between geometric entities at asserted c
onnectivities');
#12013=UNCERTAINTY_MEASURE_WITH_UNIT(LENGTH_MEASURE(0.01),#12032,
'DISTANCE_ACCURACY_VALUE',
'Maximum model space distance between geometric entities at asserted c
onnectivities');
#12014=UNCERTAINTY_MEASURE_WITH_UNIT(LENGTH_MEASURE(0.01),#12032,
'DISTANCE_ACCURACY_VALUE',
'Maximum model space distance between geometric entities at asserted c
onnectivities');
#12015=(
GEOMETRIC_REPRESENTATION_CONTEXT(3)
GLOBAL_UNCERTAINTY_ASSIGNED_CONTEXT((#11998))
GLOBAL_UNIT_ASSIGNED_CONTEXT((#12032,#12034,#12035))
REPRESENTATION_CONTEXT('','3D')
);
#12016=(
GEOMETRIC_REPRESENTATION_CONTEXT(3)
GLOBAL_UNCERTAINTY_ASSIGNED_CONTEXT((#11999))
GLOBAL_UNIT_ASSIGNED_CONTEXT((#12032,#12034,#12035))
REPRESENTATION_CONTEXT('','3D')
);
#12017=(
GEOMETRIC_REPRESENTATION_CONTEXT(3)
GLOBAL_UNCERTAINTY_ASSIGNED_CONTEXT((#12000))
GLOBAL_UNIT_ASSIGNED_CONTEXT((#12032,#12034,#12035))
REPRESENTATION_CONTEXT('','3D')
);
#12018=(
GEOMETRIC_REPRESENTATION_CONTEXT(3)
GLOBAL_UNCERTAINTY_ASSIGNED_CONTEXT((#12001))
GLOBAL_UNIT_ASSIGNED_CONTEXT((#12032,#12034,#12035))
REPRESENTATION_CONTEXT('','3D')
);
#12019=(
GEOMETRIC_REPRESENTATION_CONTEXT(3)
GLOBAL_UNCERTAINTY_ASSIGNED_CONTEXT((#12002))
GLOBAL_UNIT_ASSIGNED_CONTEXT((#12032,#12034,#12035))
REPRESENTATION_CONTEXT('','3D')
);
#12020=(
GEOMETRIC_REPRESENTATION_CONTEXT(3)
GLOBAL_UNCERTAINTY_ASSIGNED_CONTEXT((#12003))
GLOBAL_UNIT_ASSIGNED_CONTEXT((#12032,#12034,#12035))
REPRESENTATION_CONTEXT('','3D')
);
#12021=(
GEOMETRIC_REPRESENTATION_CONTEXT(3)
GLOBAL_UNCERTAINTY_ASSIGNED_CONTEXT((#12004))
GLOBAL_UNIT_ASSIGNED_CONTEXT((#12032,#12034,#12035))
REPRESENTATION_CONTEXT('','3D')
);
#12022=(
GEOMETRIC_REPRESENTATION_CONTEXT(3)
GLOBAL_UNCERTAINTY_ASSIGNED_CONTEXT((#12005))
GLOBAL_UNIT_ASSIGNED_CONTEXT((#12032,#12034,#12035))
REPRESENTATION_CONTEXT('','3D')
);
#12023=(
GEOMETRIC_REPRESENTATION_CONTEXT(3)
GLOBAL_UNCERTAINTY_ASSIGNED_CONTEXT((#12006))
GLOBAL_UNIT_ASSIGNED_CONTEXT((#12032,#12034,#12035))
REPRESENTATION_CONTEXT('','3D')
);
#12024=(
GEOMETRIC_REPRESENTATION_CONTEXT(3)
GLOBAL_UNCERTAINTY_ASSIGNED_CONTEXT((#12007))
GLOBAL_UNIT_ASSIGNED_CONTEXT((#12032,#12034,#12035))
REPRESENTATION_CONTEXT('','3D')
);
#12025=(
GEOMETRIC_REPRESENTATION_CONTEXT(3)
GLOBAL_UNCERTAINTY_ASSIGNED_CONTEXT((#12008))
GLOBAL_UNIT_ASSIGNED_CONTEXT((#12032,#12034,#12035))
REPRESENTATION_CONTEXT('','3D')
);
#12026=(
GEOMETRIC_REPRESENTATION_CONTEXT(3)
GLOBAL_UNCERTAINTY_ASSIGNED_CONTEXT((#12009))
GLOBAL_UNIT_ASSIGNED_CONTEXT((#12032,#12034,#12035))
REPRESENTATION_CONTEXT('','3D')
);
#12027=(
GEOMETRIC_REPRESENTATION_CONTEXT(3)
GLOBAL_UNCERTAINTY_ASSIGNED_CONTEXT((#12010))
GLOBAL_UNIT_ASSIGNED_CONTEXT((#12032,#12034,#12035))
REPRESENTATION_CONTEXT('','3D')
);
#12028=(
GEOMETRIC_REPRESENTATION_CONTEXT(3)
GLOBAL_UNCERTAINTY_ASSIGNED_CONTEXT((#12011))
GLOBAL_UNIT_ASSIGNED_CONTEXT((#12032,#12034,#12035))
REPRESENTATION_CONTEXT('','3D')
);
#12029=(
GEOMETRIC_REPRESENTATION_CONTEXT(3)
GLOBAL_UNCERTAINTY_ASSIGNED_CONTEXT((#12012))
GLOBAL_UNIT_ASSIGNED_CONTEXT((#12032,#12034,#12035))
REPRESENTATION_CONTEXT('','3D')
);
#12030=(
GEOMETRIC_REPRESENTATION_CONTEXT(3)
GLOBAL_UNCERTAINTY_ASSIGNED_CONTEXT((#12013))
GLOBAL_UNIT_ASSIGNED_CONTEXT((#12032,#12034,#12035))
REPRESENTATION_CONTEXT('','3D')
);
#12031=(
GEOMETRIC_REPRESENTATION_CONTEXT(3)
GLOBAL_UNCERTAINTY_ASSIGNED_CONTEXT((#12014))
GLOBAL_UNIT_ASSIGNED_CONTEXT((#12032,#12034,#12035))
REPRESENTATION_CONTEXT('','3D')
);
#12032=(
LENGTH_UNIT()
NAMED_UNIT(*)
SI_UNIT(.MILLI.,.METRE.)
);
#12033=(
LENGTH_UNIT()
NAMED_UNIT(*)
SI_UNIT($,.METRE.)
);
#12034=(
NAMED_UNIT(*)
PLANE_ANGLE_UNIT()
SI_UNIT($,.RADIAN.)
);
#12035=(
NAMED_UNIT(*)
SI_UNIT($,.STERADIAN.)
SOLID_ANGLE_UNIT()
);
#12036=SHAPE_DEFINITION_REPRESENTATION(#12052,#12084);
#12037=SHAPE_DEFINITION_REPRESENTATION(#12053,#12085);
#12038=SHAPE_DEFINITION_REPRESENTATION(#12054,#12086);
#12039=SHAPE_DEFINITION_REPRESENTATION(#12056,#12087);
#12040=SHAPE_DEFINITION_REPRESENTATION(#12057,#12088);
#12041=SHAPE_DEFINITION_REPRESENTATION(#12059,#12089);
#12042=SHAPE_DEFINITION_REPRESENTATION(#12060,#12090);
#12043=SHAPE_DEFINITION_REPRESENTATION(#12062,#12091);
#12044=SHAPE_DEFINITION_REPRESENTATION(#12063,#12092);
#12045=SHAPE_DEFINITION_REPRESENTATION(#12065,#12093);
#12046=SHAPE_DEFINITION_REPRESENTATION(#12066,#12094);
#12047=SHAPE_DEFINITION_REPRESENTATION(#12068,#12095);
#12048=SHAPE_DEFINITION_REPRESENTATION(#12069,#12096);
#12049=SHAPE_DEFINITION_REPRESENTATION(#12071,#12097);
#12050=SHAPE_DEFINITION_REPRESENTATION(#12072,#12098);
#12051=SHAPE_DEFINITION_REPRESENTATION(#12074,#12099);
#12052=PRODUCT_DEFINITION_SHAPE('',$,#12101);
#12053=PRODUCT_DEFINITION_SHAPE('',$,#12102);
#12054=PRODUCT_DEFINITION_SHAPE('',$,#12103);
#12055=PRODUCT_DEFINITION_SHAPE($,$,#132);
#12056=PRODUCT_DEFINITION_SHAPE('',$,#12104);
#12057=PRODUCT_DEFINITION_SHAPE('',$,#12105);
#12058=PRODUCT_DEFINITION_SHAPE($,$,#133);
#12059=PRODUCT_DEFINITION_SHAPE('',$,#12106);
#12060=PRODUCT_DEFINITION_SHAPE('',$,#12107);
#12061=PRODUCT_DEFINITION_SHAPE($,$,#134);
#12062=PRODUCT_DEFINITION_SHAPE('',$,#12108);
#12063=PRODUCT_DEFINITION_SHAPE('',$,#12109);
#12064=PRODUCT_DEFINITION_SHAPE($,$,#135);
#12065=PRODUCT_DEFINITION_SHAPE('',$,#12110);
#12066=PRODUCT_DEFINITION_SHAPE('',$,#12111);
#12067=PRODUCT_DEFINITION_SHAPE($,$,#136);
#12068=PRODUCT_DEFINITION_SHAPE('',$,#12112);
#12069=PRODUCT_DEFINITION_SHAPE('',$,#12113);
#12070=PRODUCT_DEFINITION_SHAPE($,$,#137);
#12071=PRODUCT_DEFINITION_SHAPE('',$,#12114);
#12072=PRODUCT_DEFINITION_SHAPE('',$,#12115);
#12073=PRODUCT_DEFINITION_SHAPE($,$,#138);
#12074=PRODUCT_DEFINITION_SHAPE('',$,#12116);
#12075=PRODUCT_DEFINITION_SHAPE($,$,#139);
#12076=PRODUCT_DEFINITION_SHAPE($,$,#140);
#12077=PRODUCT_DEFINITION_SHAPE($,$,#141);
#12078=PRODUCT_DEFINITION_SHAPE($,$,#142);
#12079=PRODUCT_DEFINITION_SHAPE($,$,#143);
#12080=PRODUCT_DEFINITION_SHAPE($,$,#144);
#12081=PRODUCT_DEFINITION_SHAPE($,$,#145);
#12082=PRODUCT_DEFINITION_SHAPE($,$,#146);
#12083=PRODUCT_DEFINITION_SHAPE($,$,#147);
#12084=SHAPE_REPRESENTATION('',(#7165,#7804,#7805,#7806,#7807,#7808,#7809,
#7810,#7811,#7812),#12015);
#12085=SHAPE_REPRESENTATION('',(#7166,#7197),#12016);
#12086=SHAPE_REPRESENTATION('',(#7167),#12017);
#12087=SHAPE_REPRESENTATION('',(#7198,#7388),#12018);
#12088=SHAPE_REPRESENTATION('',(#7199),#12019);
#12089=SHAPE_REPRESENTATION('',(#7389,#7412),#12020);
#12090=SHAPE_REPRESENTATION('',(#7390),#12021);
#12091=SHAPE_REPRESENTATION('',(#7413,#7446),#12022);
#12092=SHAPE_REPRESENTATION('',(#7414),#12023);
#12093=SHAPE_REPRESENTATION('',(#7447,#7606),#12024);
#12094=SHAPE_REPRESENTATION('',(#7448),#12025);
#12095=SHAPE_REPRESENTATION('',(#7607,#7630),#12026);
#12096=SHAPE_REPRESENTATION('',(#7608),#12027);
#12097=SHAPE_REPRESENTATION('',(#7631,#7717),#12028);
#12098=SHAPE_REPRESENTATION('',(#7632),#12029);
#12099=SHAPE_REPRESENTATION('',(#7718),#12030);
#12100=PRODUCT_DEFINITION_CONTEXT('part definition',#12150,'design');
#12101=PRODUCT_DEFINITION('2026-07-10-23-24-19-254','Water Alarm CAD',#12117,
#12100);
#12102=PRODUCT_DEFINITION('2026-07-10-23-24-19-257',
'C_Disc_D3.0mm_W1.6mm_P2.50mm',#12118,#12100);
#12103=PRODUCT_DEFINITION('2026-07-10-23-24-19-258',
'C_Disc_D30mm_W16mm_P250mm',#12119,#12100);
#12104=PRODUCT_DEFINITION('2026-07-10-23-24-19-259',
'TerminalBlock_Phoenix_PT-1,5-2-5.0-H_1x02_P5.00mm_Horizontal (1)',#12120,
#12100);
#12105=PRODUCT_DEFINITION('2026-07-10-23-24-19-260',
'TerminalBlock_Phoenix_PT-1,5-2-5.0-H_1x02_P5.00mm_Horizontal',#12121,#12100);
#12106=PRODUCT_DEFINITION('2026-07-10-23-24-19-261','LED_D3.0mm (1)',#12122,
#12100);
#12107=PRODUCT_DEFINITION('2026-07-10-23-24-19-262','LED_D3.0mm',#12123,
#12100);
#12108=PRODUCT_DEFINITION('2026-07-10-23-24-19-255',
'R_Axial_DIN0204_L3.6mm_D1.6mm_P5.08mm_Horizontal',#12124,#12100);
#12109=PRODUCT_DEFINITION('2026-07-10-23-24-19-256',
'R_Axial_DIN0204_L36mm_D16mm_P508mm_Horizontal',#12125,#12100);
#12110=PRODUCT_DEFINITION('2026-07-10-23-24-19-263',
'BarrelJack_GCT_DCJ200-10-A_Horizontal (1)',#12126,#12100);
#12111=PRODUCT_DEFINITION('2026-07-10-23-24-19-264',
'BarrelJack_GCT_DCJ200-10-A_Horizontal',#12127,#12100);
#12112=PRODUCT_DEFINITION('2026-07-10-23-24-19-265','TO-92_Inline',#12128,
#12100);
#12113=PRODUCT_DEFINITION('2026-07-10-23-24-19-266',
'TO-92_Inline_Narrow',#12129,#12100);
#12114=PRODUCT_DEFINITION('2026-07-10-23-24-19-267',
'ai-3035-tt-12v-r (1)',#12130,#12100);
#12115=PRODUCT_DEFINITION('2026-07-10-23-24-19-268','ai-3035-tt-12v-r',
#12131,#12100);
#12116=PRODUCT_DEFINITION('2026-07-10-23-24-19-269','water alarm_PCB',#12132,
#12100);
#12117=PRODUCT_DEFINITION_FORMATION('',$,#12152);
#12118=PRODUCT_DEFINITION_FORMATION('',$,#12153);
#12119=PRODUCT_DEFINITION_FORMATION('',$,#12154);
#12120=PRODUCT_DEFINITION_FORMATION('',$,#12155);
#12121=PRODUCT_DEFINITION_FORMATION('',$,#12156);
#12122=PRODUCT_DEFINITION_FORMATION('',$,#12157);
#12123=PRODUCT_DEFINITION_FORMATION('',$,#12158);
#12124=PRODUCT_DEFINITION_FORMATION('',$,#12159);
#12125=PRODUCT_DEFINITION_FORMATION('',$,#12160);
#12126=PRODUCT_DEFINITION_FORMATION('',$,#12161);
#12127=PRODUCT_DEFINITION_FORMATION('',$,#12162);
#12128=PRODUCT_DEFINITION_FORMATION('',$,#12163);
#12129=PRODUCT_DEFINITION_FORMATION('',$,#12164);
#12130=PRODUCT_DEFINITION_FORMATION('',$,#12165);
#12131=PRODUCT_DEFINITION_FORMATION('',$,#12166);
#12132=PRODUCT_DEFINITION_FORMATION('',$,#12167);
#12133=PRODUCT_RELATED_PRODUCT_CATEGORY('Water Alarm CAD',
'Water Alarm CAD',(#12152));
#12134=PRODUCT_RELATED_PRODUCT_CATEGORY('C_Disc_D3.0mm_W1.6mm_P2.50mm',
'C_Disc_D3.0mm_W1.6mm_P2.50mm',(#12153));
#12135=PRODUCT_RELATED_PRODUCT_CATEGORY('C_Disc_D30mm_W16mm_P250mm',
'C_Disc_D30mm_W16mm_P250mm',(#12154));
#12136=PRODUCT_RELATED_PRODUCT_CATEGORY(
'TerminalBlock_Phoenix_PT-1,5-2-5.0-H_1x02_P5.00mm_Horizontal (1)',
'TerminalBlock_Phoenix_PT-1,5-2-5.0-H_1x02_P5.00mm_Horizontal (1)',(#12155));
#12137=PRODUCT_RELATED_PRODUCT_CATEGORY(
'TerminalBlock_Phoenix_PT-1,5-2-5.0-H_1x02_P5.00mm_Horizontal',
'TerminalBlock_Phoenix_PT-1,5-2-5.0-H_1x02_P5.00mm_Horizontal',(#12156));
#12138=PRODUCT_RELATED_PRODUCT_CATEGORY('LED_D3.0mm (1)',
'LED_D3.0mm (1)',(#12157));
#12139=PRODUCT_RELATED_PRODUCT_CATEGORY('LED_D3.0mm','LED_D3.0mm',(#12158));
#12140=PRODUCT_RELATED_PRODUCT_CATEGORY(
'R_Axial_DIN0204_L3.6mm_D1.6mm_P5.08mm_Horizontal',
'R_Axial_DIN0204_L3.6mm_D1.6mm_P5.08mm_Horizontal',(#12159));
#12141=PRODUCT_RELATED_PRODUCT_CATEGORY(
'R_Axial_DIN0204_L36mm_D16mm_P508mm_Horizontal',
'R_Axial_DIN0204_L36mm_D16mm_P508mm_Horizontal',(#12160));
#12142=PRODUCT_RELATED_PRODUCT_CATEGORY(
'BarrelJack_GCT_DCJ200-10-A_Horizontal (1)',
'BarrelJack_GCT_DCJ200-10-A_Horizontal (1)',(#12161));
#12143=PRODUCT_RELATED_PRODUCT_CATEGORY(
'BarrelJack_GCT_DCJ200-10-A_Horizontal',
'BarrelJack_GCT_DCJ200-10-A_Horizontal',(#12162));
#12144=PRODUCT_RELATED_PRODUCT_CATEGORY('TO-92_Inline','TO-92_Inline',(#12163));
#12145=PRODUCT_RELATED_PRODUCT_CATEGORY('TO-92_Inline_Narrow',
'TO-92_Inline_Narrow',(#12164));
#12146=PRODUCT_RELATED_PRODUCT_CATEGORY('ai-3035-tt-12v-r (1)',
'ai-3035-tt-12v-r (1)',(#12165));
#12147=PRODUCT_RELATED_PRODUCT_CATEGORY('ai-3035-tt-12v-r',
'ai-3035-tt-12v-r',(#12166));
#12148=PRODUCT_RELATED_PRODUCT_CATEGORY('water alarm_PCB',
'water alarm_PCB',(#12167));
#12149=APPLICATION_PROTOCOL_DEFINITION('international standard',
'automotive_design',2009,#12150);
#12150=APPLICATION_CONTEXT(
'Core Data for Automotive Mechanical Design Process');
#12151=PRODUCT_CONTEXT('part definition',#12150,'mechanical');
#12152=PRODUCT('2026-07-10-23-24-19-254','Water Alarm CAD',
'KiCad electronic assembly',(#12151));
#12153=PRODUCT('2026-07-10-23-24-19-257','C_Disc_D3.0mm_W1.6mm_P2.50mm',
$,(#12151));
#12154=PRODUCT('2026-07-10-23-24-19-258','C_Disc_D30mm_W16mm_P250mm',$,
(#12151));
#12155=PRODUCT('2026-07-10-23-24-19-259',
'TerminalBlock_Phoenix_PT-1,5-2-5.0-H_1x02_P5.00mm_Horizontal (1)',$,(#12151));
#12156=PRODUCT('2026-07-10-23-24-19-260',
'TerminalBlock_Phoenix_PT-1,5-2-5.0-H_1x02_P5.00mm_Horizontal',$,(#12151));
#12157=PRODUCT('2026-07-10-23-24-19-261','LED_D3.0mm (1)',$,(#12151));
#12158=PRODUCT('2026-07-10-23-24-19-262','LED_D3.0mm',$,(#12151));
#12159=PRODUCT('2026-07-10-23-24-19-255',
'R_Axial_DIN0204_L3.6mm_D1.6mm_P5.08mm_Horizontal',$,(#12151));
#12160=PRODUCT('2026-07-10-23-24-19-256',
'R_Axial_DIN0204_L36mm_D16mm_P508mm_Horizontal',$,(#12151));
#12161=PRODUCT('2026-07-10-23-24-19-263',
'BarrelJack_GCT_DCJ200-10-A_Horizontal (1)',$,(#12151));
#12162=PRODUCT('2026-07-10-23-24-19-264',
'BarrelJack_GCT_DCJ200-10-A_Horizontal',$,(#12151));
#12163=PRODUCT('2026-07-10-23-24-19-265','TO-92_Inline',$,(#12151));
#12164=PRODUCT('2026-07-10-23-24-19-266','TO-92_Inline_Narrow',$,(#12151));
#12165=PRODUCT('2026-07-10-23-24-19-267','ai-3035-tt-12v-r (1)',$,(#12151));
#12166=PRODUCT('2026-07-10-23-24-19-268','ai-3035-tt-12v-r',$,(#12151));
#12167=PRODUCT('2026-07-10-23-24-19-269','water alarm_PCB',$,(#12151));
#12168=PRESENTATION_STYLE_ASSIGNMENT((#12182));
#12169=PRESENTATION_STYLE_ASSIGNMENT((#12183));
#12170=PRESENTATION_STYLE_ASSIGNMENT((#12184));
#12171=PRESENTATION_STYLE_ASSIGNMENT((#12185));
#12172=PRESENTATION_STYLE_ASSIGNMENT((#12186));
#12173=PRESENTATION_STYLE_ASSIGNMENT((#12187));
#12174=PRESENTATION_STYLE_ASSIGNMENT((#12188));
#12175=PRESENTATION_STYLE_ASSIGNMENT((#12189));
#12176=PRESENTATION_STYLE_ASSIGNMENT((#12190));
#12177=PRESENTATION_STYLE_ASSIGNMENT((#12191));
#12178=PRESENTATION_STYLE_ASSIGNMENT((#12192));
#12179=PRESENTATION_STYLE_ASSIGNMENT((#12193));
#12180=PRESENTATION_STYLE_ASSIGNMENT((#12194));
#12181=PRESENTATION_STYLE_ASSIGNMENT((#12195));
#12182=SURFACE_STYLE_USAGE(.BOTH.,#12196);
#12183=SURFACE_STYLE_USAGE(.BOTH.,#12197);
#12184=SURFACE_STYLE_USAGE(.BOTH.,#12198);
#12185=SURFACE_STYLE_USAGE(.BOTH.,#12199);
#12186=SURFACE_STYLE_USAGE(.BOTH.,#12200);
#12187=SURFACE_STYLE_USAGE(.BOTH.,#12201);
#12188=SURFACE_STYLE_USAGE(.BOTH.,#12202);
#12189=SURFACE_STYLE_USAGE(.BOTH.,#12203);
#12190=SURFACE_STYLE_USAGE(.BOTH.,#12204);
#12191=SURFACE_STYLE_USAGE(.BOTH.,#12205);
#12192=SURFACE_STYLE_USAGE(.BOTH.,#12206);
#12193=SURFACE_STYLE_USAGE(.BOTH.,#12207);
#12194=SURFACE_STYLE_USAGE(.BOTH.,#12208);
#12195=SURFACE_STYLE_USAGE(.BOTH.,#12209);
#12196=SURFACE_SIDE_STYLE('',(#12210));
#12197=SURFACE_SIDE_STYLE('',(#12211));
#12198=SURFACE_SIDE_STYLE('',(#12212));
#12199=SURFACE_SIDE_STYLE('',(#12213));
#12200=SURFACE_SIDE_STYLE('',(#12214));
#12201=SURFACE_SIDE_STYLE('',(#12215));
#12202=SURFACE_SIDE_STYLE('',(#12216));
#12203=SURFACE_SIDE_STYLE('',(#12217));
#12204=SURFACE_SIDE_STYLE('',(#12218));
#12205=SURFACE_SIDE_STYLE('',(#12219));
#12206=SURFACE_SIDE_STYLE('',(#12220));
#12207=SURFACE_SIDE_STYLE('',(#12221));
#12208=SURFACE_SIDE_STYLE('',(#12222));
#12209=SURFACE_SIDE_STYLE('',(#12223));
#12210=SURFACE_STYLE_FILL_AREA(#12224);
#12211=SURFACE_STYLE_FILL_AREA(#12225);
#12212=SURFACE_STYLE_FILL_AREA(#12226);
#12213=SURFACE_STYLE_FILL_AREA(#12227);
#12214=SURFACE_STYLE_FILL_AREA(#12228);
#12215=SURFACE_STYLE_FILL_AREA(#12229);
#12216=SURFACE_STYLE_FILL_AREA(#12230);
#12217=SURFACE_STYLE_FILL_AREA(#12231);
#12218=SURFACE_STYLE_FILL_AREA(#12232);
#12219=SURFACE_STYLE_FILL_AREA(#12233);
#12220=SURFACE_STYLE_FILL_AREA(#12234);
#12221=SURFACE_STYLE_FILL_AREA(#12235);
#12222=SURFACE_STYLE_FILL_AREA(#12236);
#12223=SURFACE_STYLE_FILL_AREA(#12237);
#12224=FILL_AREA_STYLE('Steel - Satin',(#12238));
#12225=FILL_AREA_STYLE('Opaque(210,209,199)',(#12239));
#12226=FILL_AREA_STYLE('Opaque(206,109,38)',(#12240));
#12227=FILL_AREA_STYLE('Opaque(87,173,113)',(#12241));
#12228=FILL_AREA_STYLE('Opaque(178,25,13)',(#12242));
#12229=FILL_AREA_STYLE('Opaque(225,181,125)',(#12243));
#12230=FILL_AREA_STYLE('Opaque(38,37,37)',(#12244));
#12231=FILL_AREA_STYLE('Opaque(129,129,129)',(#12245));
#12232=FILL_AREA_STYLE('Opaque(191,191,191)',(#12246));
#12233=FILL_AREA_STYLE('Opaque(5,5,5)',(#12247));
#12234=FILL_AREA_STYLE('Opaque(63,63,63)',(#12248));
#12235=FILL_AREA_STYLE('Opaque(4,4,4)',(#12249));
#12236=FILL_AREA_STYLE('Opaque(254,213,0)',(#12250));
#12237=FILL_AREA_STYLE('Opaque(80,124,105)',(#12251));
#12238=FILL_AREA_STYLE_COLOUR('Steel - Satin',#12252);
#12239=FILL_AREA_STYLE_COLOUR('Opaque(210,209,199)',#12253);
#12240=FILL_AREA_STYLE_COLOUR('Opaque(206,109,38)',#12254);
#12241=FILL_AREA_STYLE_COLOUR('Opaque(87,173,113)',#12255);
#12242=FILL_AREA_STYLE_COLOUR('Opaque(178,25,13)',#12256);
#12243=FILL_AREA_STYLE_COLOUR('Opaque(225,181,125)',#12257);
#12244=FILL_AREA_STYLE_COLOUR('Opaque(38,37,37)',#12258);
#12245=FILL_AREA_STYLE_COLOUR('Opaque(129,129,129)',#12259);
#12246=FILL_AREA_STYLE_COLOUR('Opaque(191,191,191)',#12260);
#12247=FILL_AREA_STYLE_COLOUR('Opaque(5,5,5)',#12261);
#12248=FILL_AREA_STYLE_COLOUR('Opaque(63,63,63)',#12262);
#12249=FILL_AREA_STYLE_COLOUR('Opaque(4,4,4)',#12263);
#12250=FILL_AREA_STYLE_COLOUR('Opaque(254,213,0)',#12264);
#12251=FILL_AREA_STYLE_COLOUR('Opaque(80,124,105)',#12265);
#12252=COLOUR_RGB('Steel - Satin',0.627450980392157,0.627450980392157,0.627450980392157);
#12253=COLOUR_RGB('Opaque(210,209,199)',0.823529411764706,0.819607843137255,
0.780392156862745);
#12254=COLOUR_RGB('Opaque(206,109,38)',0.807843137254902,0.427450980392157,
0.149019607843137);
#12255=COLOUR_RGB('Opaque(87,173,113)',0.341176470588235,0.67843137254902,
0.443137254901961);
#12256=COLOUR_RGB('Opaque(178,25,13)',0.698039215686274,0.0980392156862745,
0.0509803921568627);
#12257=COLOUR_RGB('Opaque(225,181,125)',0.882352941176471,0.709803921568627,
0.490196078431373);
#12258=COLOUR_RGB('Opaque(38,37,37)',0.149019607843137,0.145098039215686,
0.145098039215686);
#12259=COLOUR_RGB('Opaque(129,129,129)',0.505882352941176,0.505882352941176,
0.505882352941176);
#12260=COLOUR_RGB('Opaque(191,191,191)',0.749019607843137,0.749019607843137,
0.749019607843137);
#12261=COLOUR_RGB('Opaque(5,5,5)',0.0196078431372549,0.0196078431372549,
0.0196078431372549);
#12262=COLOUR_RGB('Opaque(63,63,63)',0.250980392156863,0.250980392156863,
0.250980392156863);
#12263=COLOUR_RGB('Opaque(4,4,4)',0.0156862745098039,0.0156862745098039,
0.0156862745098039);
#12264=COLOUR_RGB('Opaque(254,213,0)',0.996078431372549,0.835294117647059,
0.);
#12265=COLOUR_RGB('Opaque(80,124,105)',0.313725490196078,0.486274509803922,
0.411764705882353);
ENDSEC;
END-ISO-10303-21;
